QDM Category,Value Set OID,Value Set Name,Definition Version,Expansion Version,Value Set Type,Grouping Member OID,Grouping Member Name,Code System,Code System Version,Code System OID,eCQM Type,eCQM Title,eCQM ID,CBE Number,eCQM Version,Measure GUID,Care Setting,Supplemental
Individual Characteristic,2.16.840.1.114222.4.11.837,Ethnicity,20121025,eCQM Update 2025-05-08,Extensional,,,CDCREC,1.2,2.16.840.1.113883.6.238,Eligible Clinicians,Excessive Radiation Dose or Inadequate Image Quality for Diagnostic Computed Tomography (CT) in Adults (Clinician Level),CMS1056v3,3633e,3,3ef4413e-dc67-41bc-bbdb-862815354e34,Ambulatory,Yes
Individual Characteristic,2.16.840.1.113762.1.4.1021.121,Federal Administrative Sex,20250228,eCQM Update 2025-05-08,Extensional,,,SNOMEDCT,2024-09,2.16.840.1.113883.6.96,Eligible Clinicians,Excessive Radiation Dose or Inadequate Image Quality for Diagnostic Computed Tomography (CT) in Adults (Clinician Level),CMS1056v3,3633e,3,3ef4413e-dc67-41bc-bbdb-862815354e34,Ambulatory,Yes
Individual Characteristic,2.16.840.1.114222.4.11.3591,Payer Type,20221118,eCQM Update 2025-05-08,Intensional,,,SOP,9.2,2.16.840.1.113883.3.221.5,Eligible Clinicians,Excessive Radiation Dose or Inadequate Image Quality for Diagnostic Computed Tomography (CT) in Adults (Clinician Level),CMS1056v3,3633e,3,3ef4413e-dc67-41bc-bbdb-862815354e34,Ambulatory,Yes
Individual Characteristic,2.16.840.1.114222.4.11.836,Race,20121025,eCQM Update 2025-05-08,Extensional,,,CDCREC,1.2,2.16.840.1.113883.6.238,Eligible Clinicians,Excessive Radiation Dose or Inadequate Image Quality for Diagnostic Computed Tomography (CT) in Adults (Clinician Level),CMS1056v3,3633e,3,3ef4413e-dc67-41bc-bbdb-862815354e34,Ambulatory,Yes
Condition/Diagnosis/Problem,2.16.840.1.113883.3.464.1003.110.12.1082,Advanced Illness,20190315,eCQM Update 2025-05-08,Grouping,2.16.840.1.113883.3.464.1003.110.11.1150,Advanced Illness,ICD10CM,2025,2.16.840.1.113883.6.90,Eligible Clinicians,Screening for Abnormal Glucose Metabolism in Patients at Risk of Developing Diabetes,CMS1154v1,Not Applicable,1,20a0b54a-4973-4d5c-9518-59139eb7d334,Ambulatory,No
Condition/Diagnosis/Problem,2.16.840.1.113883.3.464.1003.110.12.1082,Advanced Illness,20190315,eCQM Update 2025-05-08,Grouping,2.16.840.1.113883.3.464.1003.110.11.1151,Advanced Illness,SNOMEDCT,"2024-09, 2024-03, 2023-09",2.16.840.1.113883.6.96,Eligible Clinicians,Screening for Abnormal Glucose Metabolism in Patients at Risk of Developing Diabetes,CMS1154v1,Not Applicable,1,20a0b54a-4973-4d5c-9518-59139eb7d334,Ambulatory,No
Condition/Diagnosis/Problem,2.16.840.1.113883.3.464.1003.103.12.1001,Diabetes,20250115,eCQM Update 2025-05-08,Grouping,2.16.840.1.113883.3.464.1003.1272,Diabetes,ICD10CM,2025,2.16.840.1.113883.6.90,Eligible Clinicians,Screening for Abnormal Glucose Metabolism in Patients at Risk of Developing Diabetes,CMS1154v1,Not Applicable,1,20a0b54a-4973-4d5c-9518-59139eb7d334,Ambulatory,No
Condition/Diagnosis/Problem,2.16.840.1.113883.3.464.1003.103.12.1001,Diabetes,20250115,eCQM Update 2025-05-08,Grouping,2.16.840.1.113883.3.464.1003.1273,Diabetes,SNOMEDCT,2024-09,2.16.840.1.113883.6.96,Eligible Clinicians,Screening for Abnormal Glucose Metabolism in Patients at Risk of Developing Diabetes,CMS1154v1,Not Applicable,1,20a0b54a-4973-4d5c-9518-59139eb7d334,Ambulatory,No
Condition/Diagnosis/Problem,2.16.840.1.113883.3.526.3.1259,Limited Life Expectancy,20250402,eCQM Update 2025-05-08,Grouping,2.16.840.1.113883.3.526.2.1353,Limited Life Expectancy,SNOMEDCT,2024-09,2.16.840.1.113883.6.96,Eligible Clinicians,Screening for Abnormal Glucose Metabolism in Patients at Risk of Developing Diabetes,CMS1154v1,Not Applicable,1,20a0b54a-4973-4d5c-9518-59139eb7d334,Ambulatory,No
Condition/Diagnosis/Problem,2.16.840.1.113762.1.4.1222.419,Prediabetes (Borderline Diabetes),20240621,eCQM Update 2025-05-08,Grouping,2.16.840.1.113762.1.4.1222.418,Prediabetes (Borderline Diabetes),ICD10CM,2025,2.16.840.1.113883.6.90,Eligible Clinicians,Screening for Abnormal Glucose Metabolism in Patients at Risk of Developing Diabetes,CMS1154v1,Not Applicable,1,20a0b54a-4973-4d5c-9518-59139eb7d334,Ambulatory,No
Condition/Diagnosis/Problem,2.16.840.1.113762.1.4.1222.419,Prediabetes (Borderline Diabetes),20240621,eCQM Update 2025-05-08,Grouping,2.16.840.1.113762.1.4.1222.417,Prediabetes (Borderline Diabetes),SNOMEDCT,2024-09,2.16.840.1.113883.6.96,Eligible Clinicians,Screening for Abnormal Glucose Metabolism in Patients at Risk of Developing Diabetes,CMS1154v1,Not Applicable,1,20a0b54a-4973-4d5c-9518-59139eb7d334,Ambulatory,No
Condition/Diagnosis/Problem,2.16.840.1.113883.3.526.3.378,Pregnancy,20210218,eCQM Update 2025-05-08,Grouping,2.16.840.1.113883.3.526.2.532,Pregnancy,SNOMEDCT,2024-09,2.16.840.1.113883.6.96,Eligible Clinicians,Screening for Abnormal Glucose Metabolism in Patients at Risk of Developing Diabetes,CMS1154v1,Not Applicable,1,20a0b54a-4973-4d5c-9518-59139eb7d334,Ambulatory,No
Condition/Diagnosis/Problem,2.16.840.1.113883.3.526.3.378,Pregnancy,20210218,eCQM Update 2025-05-08,Grouping,2.16.840.1.113883.3.526.2.242,Pregnancy,ICD10CM,2025,2.16.840.1.113883.6.90,Eligible Clinicians,Screening for Abnormal Glucose Metabolism in Patients at Risk of Developing Diabetes,CMS1154v1,Not Applicable,1,20a0b54a-4973-4d5c-9518-59139eb7d334,Ambulatory,No
Encounter,2.16.840.1.113762.1.4.1160.24,Outpatient Clinical Encounters,20250301,eCQM Update 2025-05-08,Grouping,2.16.840.1.113762.1.4.1160.23,Outpatient Clinical Encounters,SNOMEDCT,2024-09,2.16.840.1.113883.6.96,Eligible Clinicians,Screening for Abnormal Glucose Metabolism in Patients at Risk of Developing Diabetes,CMS1154v1,Not Applicable,1,20a0b54a-4973-4d5c-9518-59139eb7d334,Ambulatory,No
Encounter,2.16.840.1.113762.1.4.1160.24,Outpatient Clinical Encounters,20250301,eCQM Update 2025-05-08,Grouping,2.16.840.1.113762.1.4.1160.21,Outpatient Clinical Encounters,CPT,2025,2.16.840.1.113883.6.12,Eligible Clinicians,Screening for Abnormal Glucose Metabolism in Patients at Risk of Developing Diabetes,CMS1154v1,Not Applicable,1,20a0b54a-4973-4d5c-9518-59139eb7d334,Ambulatory,No
Encounter,2.16.840.1.113762.1.4.1160.24,Outpatient Clinical Encounters,20250301,eCQM Update 2025-05-08,Grouping,2.16.840.1.113762.1.4.1160.22,Outpatient Clinical Encounters,HCPCS,2025,2.16.840.1.113883.6.285,Eligible Clinicians,Screening for Abnormal Glucose Metabolism in Patients at Risk of Developing Diabetes,CMS1154v1,Not Applicable,1,20a0b54a-4973-4d5c-9518-59139eb7d334,Ambulatory,No
Encounter,2.16.840.1.113762.1.4.1160.13,Preventative Clinical Encounters,20250301,eCQM Update 2025-05-08,Grouping,2.16.840.1.113762.1.4.1160.9,Preventative Clinical Encounters,SNOMEDCT,2024-09,2.16.840.1.113883.6.96,Eligible Clinicians,Screening for Abnormal Glucose Metabolism in Patients at Risk of Developing Diabetes,CMS1154v1,Not Applicable,1,20a0b54a-4973-4d5c-9518-59139eb7d334,Ambulatory,No
Encounter,2.16.840.1.113762.1.4.1160.13,Preventative Clinical Encounters,20250301,eCQM Update 2025-05-08,Grouping,2.16.840.1.113762.1.4.1160.7,Preventative Clinical Encounters,CPT,2025,2.16.840.1.113883.6.12,Eligible Clinicians,Screening for Abnormal Glucose Metabolism in Patients at Risk of Developing Diabetes,CMS1154v1,Not Applicable,1,20a0b54a-4973-4d5c-9518-59139eb7d334,Ambulatory,No
Encounter,2.16.840.1.113762.1.4.1160.13,Preventative Clinical Encounters,20250301,eCQM Update 2025-05-08,Grouping,2.16.840.1.113762.1.4.1160.8,Preventative Clinical Encounters,HCPCS,2025,2.16.840.1.113883.6.285,Eligible Clinicians,Screening for Abnormal Glucose Metabolism in Patients at Risk of Developing Diabetes,CMS1154v1,Not Applicable,1,20a0b54a-4973-4d5c-9518-59139eb7d334,Ambulatory,No
Individual Characteristic,2.16.840.1.114222.4.11.837,Ethnicity,20121025,eCQM Update 2025-05-08,Extensional,,,CDCREC,1.2,2.16.840.1.113883.6.238,Eligible Clinicians,Screening for Abnormal Glucose Metabolism in Patients at Risk of Developing Diabetes,CMS1154v1,Not Applicable,1,20a0b54a-4973-4d5c-9518-59139eb7d334,Ambulatory,Yes
Individual Characteristic,2.16.840.1.113762.1.4.1021.121,Federal Administrative Sex,20250228,eCQM Update 2025-05-08,Extensional,,,SNOMEDCT,2024-09,2.16.840.1.113883.6.96,Eligible Clinicians,Screening for Abnormal Glucose Metabolism in Patients at Risk of Developing Diabetes,CMS1154v1,Not Applicable,1,20a0b54a-4973-4d5c-9518-59139eb7d334,Ambulatory,Yes
Individual Characteristic,2.16.840.1.114222.4.11.3591,Payer Type,20221118,eCQM Update 2025-05-08,Intensional,,,SOP,9.2,2.16.840.1.113883.3.221.5,Eligible Clinicians,Screening for Abnormal Glucose Metabolism in Patients at Risk of Developing Diabetes,CMS1154v1,Not Applicable,1,20a0b54a-4973-4d5c-9518-59139eb7d334,Ambulatory,Yes
Individual Characteristic,2.16.840.1.114222.4.11.836,Race,20121025,eCQM Update 2025-05-08,Extensional,,,CDCREC,1.2,2.16.840.1.113883.6.238,Eligible Clinicians,Screening for Abnormal Glucose Metabolism in Patients at Risk of Developing Diabetes,CMS1154v1,Not Applicable,1,20a0b54a-4973-4d5c-9518-59139eb7d334,Ambulatory,Yes
Laboratory Test,2.16.840.1.113762.1.4.1160.5,Glycemic Screening Tests,20230107,eCQM Update 2025-05-08,Grouping,2.16.840.1.113762.1.4.1160.6,Glycemic Screening Tests,CPT,2025,2.16.840.1.113883.6.12,Eligible Clinicians,Screening for Abnormal Glucose Metabolism in Patients at Risk of Developing Diabetes,CMS1154v1,Not Applicable,1,20a0b54a-4973-4d5c-9518-59139eb7d334,Ambulatory,No
Laboratory Test,2.16.840.1.113762.1.4.1160.5,Glycemic Screening Tests,20230107,eCQM Update 2025-05-08,Grouping,2.16.840.1.113762.1.4.1160.4,Glycemic Screening Tests,LOINC,2.78,2.16.840.1.113883.6.1,Eligible Clinicians,Screening for Abnormal Glucose Metabolism in Patients at Risk of Developing Diabetes,CMS1154v1,Not Applicable,1,20a0b54a-4973-4d5c-9518-59139eb7d334,Ambulatory,No
Condition/Diagnosis/Problem,2.16.840.1.113883.3.464.1003.120.12.1003,HIV,20240106,eCQM Update 2025-05-08,Grouping,2.16.840.1.113883.3.464.1003.120.11.1007,HIV 1,ICD10CM,2025,2.16.840.1.113883.6.90,Eligible Clinicians,HIV Annual Retention in Care,CMS1157v2,Not Applicable,2,0a5be684-2b49-47c7-ab25-087a968978cf,Ambulatory,No
Condition/Diagnosis/Problem,2.16.840.1.113883.3.464.1003.120.12.1003,HIV,20240106,eCQM Update 2025-05-08,Grouping,2.16.840.1.113883.3.464.1003.120.11.1010,HIV 2,ICD10CM,2025,2.16.840.1.113883.6.90,Eligible Clinicians,HIV Annual Retention in Care,CMS1157v2,Not Applicable,2,0a5be684-2b49-47c7-ab25-087a968978cf,Ambulatory,No
Condition/Diagnosis/Problem,2.16.840.1.113883.3.464.1003.120.12.1003,HIV,20240106,eCQM Update 2025-05-08,Grouping,2.16.840.1.113883.3.464.1003.120.11.1008,HIV 2,SNOMEDCT,2024-09,2.16.840.1.113883.6.96,Eligible Clinicians,HIV Annual Retention in Care,CMS1157v2,Not Applicable,2,0a5be684-2b49-47c7-ab25-087a968978cf,Ambulatory,No
Condition/Diagnosis/Problem,2.16.840.1.113883.3.464.1003.120.12.1003,HIV,20240106,eCQM Update 2025-05-08,Grouping,2.16.840.1.113883.3.464.1003.120.11.1005,HIV 1,SNOMEDCT,"2024-09, 2021-09, 2020-09, 2018-09, 2018-03",2.16.840.1.113883.6.96,Eligible Clinicians,HIV Annual Retention in Care,CMS1157v2,Not Applicable,2,0a5be684-2b49-47c7-ab25-087a968978cf,Ambulatory,No
Encounter,2.16.840.1.113883.3.526.3.1240,Annual Wellness Visit,20190315,eCQM Update 2025-05-08,Grouping,2.16.840.1.113883.3.526.2.1772,Annual Wellness Visit,SNOMEDCT,2024-09,2.16.840.1.113883.6.96,Eligible Clinicians,HIV Annual Retention in Care,CMS1157v2,Not Applicable,2,0a5be684-2b49-47c7-ab25-087a968978cf,Ambulatory,No
Encounter,2.16.840.1.113883.3.526.3.1240,Annual Wellness Visit,20190315,eCQM Update 2025-05-08,Grouping,2.16.840.1.113883.3.526.2.1363,Annual Wellness Visit,HCPCS,2025,2.16.840.1.113883.6.285,Eligible Clinicians,HIV Annual Retention in Care,CMS1157v2,Not Applicable,2,0a5be684-2b49-47c7-ab25-087a968978cf,Ambulatory,No
Encounter,2.16.840.1.113762.1.4.1248.375,Face to Face Interaction,20250325,eCQM Update 2025-05-08,Grouping,2.16.840.1.113762.1.4.1248.374,Face to Face Interaction,SNOMEDCT,2024-09,2.16.840.1.113883.6.96,Eligible Clinicians,HIV Annual Retention in Care,CMS1157v2,Not Applicable,2,0a5be684-2b49-47c7-ab25-087a968978cf,Ambulatory,No
Encounter,2.16.840.1.113883.3.464.1003.101.12.1016,Home Healthcare Services,20240110,eCQM Update 2025-05-08,Grouping,2.16.840.1.113883.3.464.1003.101.11.1080,Home Healthcare Services,CPT,2025,2.16.840.1.113883.6.12,Eligible Clinicians,HIV Annual Retention in Care,CMS1157v2,Not Applicable,2,0a5be684-2b49-47c7-ab25-087a968978cf,Ambulatory,No
Encounter,2.16.840.1.113883.3.464.1003.101.12.1016,Home Healthcare Services,20240110,eCQM Update 2025-05-08,Grouping,2.16.840.1.113883.3.464.1003.101.11.1265,Home Healthcare Services,SNOMEDCT,2024-09,2.16.840.1.113883.6.96,Eligible Clinicians,HIV Annual Retention in Care,CMS1157v2,Not Applicable,2,0a5be684-2b49-47c7-ab25-087a968978cf,Ambulatory,No
Encounter,2.16.840.1.113883.3.464.1003.101.12.1001,Office Visit,20180310,eCQM Update 2025-05-08,Grouping,2.16.840.1.113883.3.464.1003.101.11.1005,Office Visit,CPT,2025,2.16.840.1.113883.6.12,Eligible Clinicians,HIV Annual Retention in Care,CMS1157v2,Not Applicable,2,0a5be684-2b49-47c7-ab25-087a968978cf,Ambulatory,No
Encounter,2.16.840.1.113883.3.464.1003.101.12.1001,Office Visit,20180310,eCQM Update 2025-05-08,Grouping,2.16.840.1.113883.3.464.1003.101.11.1264,Office Visit,SNOMEDCT,2024-09,2.16.840.1.113883.6.96,Eligible Clinicians,HIV Annual Retention in Care,CMS1157v2,Not Applicable,2,0a5be684-2b49-47c7-ab25-087a968978cf,Ambulatory,No
Encounter,2.16.840.1.113883.3.464.1003.101.12.1008,Outpatient Consultation,20240110,eCQM Update 2025-05-08,Grouping,2.16.840.1.113883.3.464.1003.101.11.1266,Outpatient Consultation,SNOMEDCT,2024-09,2.16.840.1.113883.6.96,Eligible Clinicians,HIV Annual Retention in Care,CMS1157v2,Not Applicable,2,0a5be684-2b49-47c7-ab25-087a968978cf,Ambulatory,No
Encounter,2.16.840.1.113883.3.464.1003.101.12.1008,Outpatient Consultation,20240110,eCQM Update 2025-05-08,Grouping,2.16.840.1.113883.3.464.1003.101.11.1040,Outpatient Consultation,CPT,2025,2.16.840.1.113883.6.12,Eligible Clinicians,HIV Annual Retention in Care,CMS1157v2,Not Applicable,2,0a5be684-2b49-47c7-ab25-087a968978cf,Ambulatory,No
Encounter,2.16.840.1.113883.3.464.1003.101.12.1025,"Preventive Care Services Established Office Visit, 18 and Up",20170504,eCQM Update 2025-05-08,Grouping,2.16.840.1.113883.3.464.1003.101.11.1125,"Preventive Care Services Established Office Visit, 18 and Up",CPT,2025,2.16.840.1.113883.6.12,Eligible Clinicians,HIV Annual Retention in Care,CMS1157v2,Not Applicable,2,0a5be684-2b49-47c7-ab25-087a968978cf,Ambulatory,No
Encounter,2.16.840.1.113883.3.464.1003.101.12.1023,"Preventive Care Services Initial Office Visit, 18 and Up",20170504,eCQM Update 2025-05-08,Grouping,2.16.840.1.113883.3.464.1003.101.11.1115,"Preventive Care Services Initial Office Visit, 18 and Up",CPT,2025,2.16.840.1.113883.6.12,Eligible Clinicians,HIV Annual Retention in Care,CMS1157v2,Not Applicable,2,0a5be684-2b49-47c7-ab25-087a968978cf,Ambulatory,No
Encounter,2.16.840.1.113883.3.464.1003.101.12.1022,"Preventive Care Services, Initial Office Visit, 0 to 17",20170504,eCQM Update 2025-05-08,Grouping,2.16.840.1.113883.3.464.1003.101.11.1110,"Preventive Care, Initial Office Visit, 0 to 17",CPT,2025,2.16.840.1.113883.6.12,Eligible Clinicians,HIV Annual Retention in Care,CMS1157v2,Not Applicable,2,0a5be684-2b49-47c7-ab25-087a968978cf,Ambulatory,No
Encounter,2.16.840.1.113883.3.464.1003.101.12.1024,"Preventive Care, Established Office Visit, 0 to 17",20170504,eCQM Update 2025-05-08,Grouping,2.16.840.1.113883.3.464.1003.101.11.1120,"Preventive Care, Established Office Visit, 0 to 17",CPT,2025,2.16.840.1.113883.6.12,Eligible Clinicians,HIV Annual Retention in Care,CMS1157v2,Not Applicable,2,0a5be684-2b49-47c7-ab25-087a968978cf,Ambulatory,No
Encounter,2.16.840.1.113883.3.464.1003.101.12.1080,Telephone Visits,20250205,eCQM Update 2025-05-08,Grouping,2.16.840.1.113883.3.464.1003.101.11.1260,Telephone Visits,CPT,"2025, 2024",2.16.840.1.113883.6.12,Eligible Clinicians,HIV Annual Retention in Care,CMS1157v2,Not Applicable,2,0a5be684-2b49-47c7-ab25-087a968978cf,Ambulatory,No
Encounter,2.16.840.1.113883.3.464.1003.101.12.1080,Telephone Visits,20250205,eCQM Update 2025-05-08,Grouping,2.16.840.1.113883.3.464.1003.101.11.1287,Telephone Visits,SNOMEDCT,2024-09,2.16.840.1.113883.6.96,Eligible Clinicians,HIV Annual Retention in Care,CMS1157v2,Not Applicable,2,0a5be684-2b49-47c7-ab25-087a968978cf,Ambulatory,No
Individual Characteristic,2.16.840.1.114222.4.11.837,Ethnicity,20121025,eCQM Update 2025-05-08,Extensional,,,CDCREC,1.2,2.16.840.1.113883.6.238,Eligible Clinicians,HIV Annual Retention in Care,CMS1157v2,Not Applicable,2,0a5be684-2b49-47c7-ab25-087a968978cf,Ambulatory,Yes
Individual Characteristic,2.16.840.1.113762.1.4.1021.121,Federal Administrative Sex,20250228,eCQM Update 2025-05-08,Extensional,,,SNOMEDCT,2024-09,2.16.840.1.113883.6.96,Eligible Clinicians,HIV Annual Retention in Care,CMS1157v2,Not Applicable,2,0a5be684-2b49-47c7-ab25-087a968978cf,Ambulatory,Yes
Individual Characteristic,2.16.840.1.114222.4.11.3591,Payer Type,20221118,eCQM Update 2025-05-08,Intensional,,,SOP,9.2,2.16.840.1.113883.3.221.5,Eligible Clinicians,HIV Annual Retention in Care,CMS1157v2,Not Applicable,2,0a5be684-2b49-47c7-ab25-087a968978cf,Ambulatory,Yes
Individual Characteristic,2.16.840.1.114222.4.11.836,Race,20121025,eCQM Update 2025-05-08,Extensional,,,CDCREC,1.2,2.16.840.1.113883.6.238,Eligible Clinicians,HIV Annual Retention in Care,CMS1157v2,Not Applicable,2,0a5be684-2b49-47c7-ab25-087a968978cf,Ambulatory,Yes
Laboratory Test,2.16.840.1.113762.1.4.1248.377,HIV Viral Load Tests,20250328,eCQM Update 2025-05-08,Grouping,2.16.840.1.113762.1.4.1248.376,HIV Viral Load Tests,LOINC,2.78,2.16.840.1.113883.6.1,Eligible Clinicians,HIV Annual Retention in Care,CMS1157v2,Not Applicable,2,0a5be684-2b49-47c7-ab25-087a968978cf,Ambulatory,No
Condition/Diagnosis/Problem,2.16.840.1.113883.3.464.1003.1165,Hospice Diagnosis,20220818,eCQM Update 2025-05-08,Grouping,2.16.840.1.113883.3.464.1003.1166,Hospice Diagnosis,SNOMEDCT,2024-09,2.16.840.1.113883.6.96,Eligible Clinicians,Diagnostic Delay of Venous Thromboembolism in Primary Care,CMS1173v1,3749e,1,bd7ed96b-6e53-4276-8840-842fe56f06b3,Ambulatory,No
Condition/Diagnosis/Problem,2.16.840.1.113883.3.464.1003.1167,Palliative Care Diagnosis,20220820,eCQM Update 2025-05-08,Grouping,2.16.840.1.113883.3.464.1003.1168,Palliative Care Diagnosis,SNOMEDCT,2024-09,2.16.840.1.113883.6.96,Eligible Clinicians,Diagnostic Delay of Venous Thromboembolism in Primary Care,CMS1173v1,3749e,1,bd7ed96b-6e53-4276-8840-842fe56f06b3,Ambulatory,No
Condition/Diagnosis/Problem,2.16.840.1.113883.3.464.1003.1167,Palliative Care Diagnosis,20220820,eCQM Update 2025-05-08,Grouping,2.16.840.1.113883.3.464.1003.1169,Palliative Care Diagnosis,ICD10CM,2025,2.16.840.1.113883.6.90,Eligible Clinicians,Diagnostic Delay of Venous Thromboembolism in Primary Care,CMS1173v1,3749e,1,bd7ed96b-6e53-4276-8840-842fe56f06b3,Ambulatory,No
Diagnostic Study,2.16.840.1.113762.1.4.1206.47,Imaging Related to VTE,20230105,eCQM Update 2025-05-08,Extensional,,,CPT,2025,2.16.840.1.113883.6.12,Eligible Clinicians,Diagnostic Delay of Venous Thromboembolism in Primary Care,CMS1173v1,3749e,1,bd7ed96b-6e53-4276-8840-842fe56f06b3,Ambulatory,No
Encounter,2.16.840.1.113883.3.666.5.307,Encounter Inpatient,20200307,eCQM Update 2025-05-08,Extensional,,,SNOMEDCT,2024-09,2.16.840.1.113883.6.96,Eligible Clinicians,Diagnostic Delay of Venous Thromboembolism in Primary Care,CMS1173v1,3749e,1,bd7ed96b-6e53-4276-8840-842fe56f06b3,Ambulatory,No
Encounter,2.16.840.1.113883.3.464.1003.1003,Hospice Encounter,20210820,eCQM Update 2025-05-08,Grouping,2.16.840.1.113883.3.464.1003.1002,Hospice Encounter,SNOMEDCT,2024-09,2.16.840.1.113883.6.96,Eligible Clinicians,Diagnostic Delay of Venous Thromboembolism in Primary Care,CMS1173v1,3749e,1,bd7ed96b-6e53-4276-8840-842fe56f06b3,Ambulatory,No
Encounter,2.16.840.1.113883.3.464.1003.1003,Hospice Encounter,20210820,eCQM Update 2025-05-08,Grouping,2.16.840.1.113883.3.464.1003.1001,Hospice Encounter,HCPCS,2025,2.16.840.1.113883.6.285,Eligible Clinicians,Diagnostic Delay of Venous Thromboembolism in Primary Care,CMS1173v1,3749e,1,bd7ed96b-6e53-4276-8840-842fe56f06b3,Ambulatory,No
Encounter,2.16.840.1.113883.3.464.1003.101.12.1001,Office Visit,20180310,eCQM Update 2025-05-08,Grouping,2.16.840.1.113883.3.464.1003.101.11.1005,Office Visit,CPT,2025,2.16.840.1.113883.6.12,Eligible Clinicians,Diagnostic Delay of Venous Thromboembolism in Primary Care,CMS1173v1,3749e,1,bd7ed96b-6e53-4276-8840-842fe56f06b3,Ambulatory,No
Encounter,2.16.840.1.113883.3.464.1003.101.12.1001,Office Visit,20180310,eCQM Update 2025-05-08,Grouping,2.16.840.1.113883.3.464.1003.101.11.1264,Office Visit,SNOMEDCT,2024-09,2.16.840.1.113883.6.96,Eligible Clinicians,Diagnostic Delay of Venous Thromboembolism in Primary Care,CMS1173v1,3749e,1,bd7ed96b-6e53-4276-8840-842fe56f06b3,Ambulatory,No
Encounter,2.16.840.1.113883.3.464.1003.101.12.1087,Outpatient Encounter,20250328,eCQM Update 2025-05-08,Grouping,2.16.840.1.113883.3.464.1003.101.11.1278,Outpatient Encounter,HCPCS,2025,2.16.840.1.113883.6.285,Eligible Clinicians,Diagnostic Delay of Venous Thromboembolism in Primary Care,CMS1173v1,3749e,1,bd7ed96b-6e53-4276-8840-842fe56f06b3,Ambulatory,No
Encounter,2.16.840.1.113883.3.464.1003.101.12.1087,Outpatient Encounter,20250328,eCQM Update 2025-05-08,Grouping,2.16.840.1.113883.3.464.1003.101.11.1284,Outpatient Encounter,SNOMEDCT,2024-09,2.16.840.1.113883.6.96,Eligible Clinicians,Diagnostic Delay of Venous Thromboembolism in Primary Care,CMS1173v1,3749e,1,bd7ed96b-6e53-4276-8840-842fe56f06b3,Ambulatory,No
Encounter,2.16.840.1.113883.3.464.1003.101.12.1087,Outpatient Encounter,20250328,eCQM Update 2025-05-08,Grouping,2.16.840.1.113883.3.464.1003.101.11.1277,Outpatient Encounter,CPT,2025,2.16.840.1.113883.6.12,Eligible Clinicians,Diagnostic Delay of Venous Thromboembolism in Primary Care,CMS1173v1,3749e,1,bd7ed96b-6e53-4276-8840-842fe56f06b3,Ambulatory,No
Encounter,2.16.840.1.113883.3.464.1003.101.12.1090,Palliative Care Encounter,20210224,eCQM Update 2025-05-08,Grouping,2.16.840.1.113883.3.464.1003.101.11.1285,Palliative Encounter,HCPCS,2025,2.16.840.1.113883.6.285,Eligible Clinicians,Diagnostic Delay of Venous Thromboembolism in Primary Care,CMS1173v1,3749e,1,bd7ed96b-6e53-4276-8840-842fe56f06b3,Ambulatory,No
Encounter,2.16.840.1.113883.3.464.1003.101.12.1090,Palliative Care Encounter,20210224,eCQM Update 2025-05-08,Grouping,2.16.840.1.113883.3.464.1003.101.11.1286,Palliative Encounter,SNOMEDCT,2024-09,2.16.840.1.113883.6.96,Eligible Clinicians,Diagnostic Delay of Venous Thromboembolism in Primary Care,CMS1173v1,3749e,1,bd7ed96b-6e53-4276-8840-842fe56f06b3,Ambulatory,No
Individual Characteristic,2.16.840.1.114222.4.11.837,Ethnicity,20121025,eCQM Update 2025-05-08,Extensional,,,CDCREC,1.2,2.16.840.1.113883.6.238,Eligible Clinicians,Diagnostic Delay of Venous Thromboembolism in Primary Care,CMS1173v1,3749e,1,bd7ed96b-6e53-4276-8840-842fe56f06b3,Ambulatory,Yes
Individual Characteristic,2.16.840.1.113762.1.4.1021.121,Federal Administrative Sex,20250228,eCQM Update 2025-05-08,Extensional,,,SNOMEDCT,2024-09,2.16.840.1.113883.6.96,Eligible Clinicians,Diagnostic Delay of Venous Thromboembolism in Primary Care,CMS1173v1,3749e,1,bd7ed96b-6e53-4276-8840-842fe56f06b3,Ambulatory,Yes
Individual Characteristic,2.16.840.1.114222.4.11.3591,Payer Type,20221118,eCQM Update 2025-05-08,Intensional,,,SOP,9.2,2.16.840.1.113883.3.221.5,Eligible Clinicians,Diagnostic Delay of Venous Thromboembolism in Primary Care,CMS1173v1,3749e,1,bd7ed96b-6e53-4276-8840-842fe56f06b3,Ambulatory,Yes
Individual Characteristic,2.16.840.1.114222.4.11.836,Race,20121025,eCQM Update 2025-05-08,Extensional,,,CDCREC,1.2,2.16.840.1.113883.6.238,Eligible Clinicians,Diagnostic Delay of Venous Thromboembolism in Primary Care,CMS1173v1,3749e,1,bd7ed96b-6e53-4276-8840-842fe56f06b3,Ambulatory,Yes
Intervention,2.16.840.1.113762.1.4.1108.15,Hospice Care Ambulatory,20240207,eCQM Update 2025-05-08,Extensional,,,SNOMEDCT,2024-09,2.16.840.1.113883.6.96,Eligible Clinicians,Diagnostic Delay of Venous Thromboembolism in Primary Care,CMS1173v1,3749e,1,bd7ed96b-6e53-4276-8840-842fe56f06b3,Ambulatory,No
Intervention,2.16.840.1.113883.3.464.1003.198.12.1135,Palliative Care Intervention,20210224,eCQM Update 2025-05-08,Grouping,2.16.840.1.113883.3.464.1003.198.11.1148,Palliative Intervention,SNOMEDCT,2024-09,2.16.840.1.113883.6.96,Eligible Clinicians,Diagnostic Delay of Venous Thromboembolism in Primary Care,CMS1173v1,3749e,1,bd7ed96b-6e53-4276-8840-842fe56f06b3,Ambulatory,No
Medication,2.16.840.1.113762.1.4.1206.19,Anticoagulant Medications,20250205,eCQM Update 2025-05-08,Extensional,,,RXNORM,2025-01,2.16.840.1.113883.6.88,Eligible Clinicians,Diagnostic Delay of Venous Thromboembolism in Primary Care,CMS1173v1,3749e,1,bd7ed96b-6e53-4276-8840-842fe56f06b3,Ambulatory,No
,2.16.840.1.113762.1.4.1206.53,Provider Types,20220511,eCQM Update 2025-05-08,Extensional,,,SNOMEDCT,2024-09,2.16.840.1.113883.6.96,Eligible Clinicians,Diagnostic Delay of Venous Thromboembolism in Primary Care,CMS1173v1,3749e,1,bd7ed96b-6e53-4276-8840-842fe56f06b3,Ambulatory,No
,2.16.840.1.113762.1.4.1206.49,VTE Diagnoses,20250205,eCQM Update 2025-05-08,Extensional,,,ICD10CM,2025,2.16.840.1.113883.6.90,Eligible Clinicians,Diagnostic Delay of Venous Thromboembolism in Primary Care,CMS1173v1,3749e,1,bd7ed96b-6e53-4276-8840-842fe56f06b3,Ambulatory,No
,2.16.840.1.113762.1.4.1206.51,VTE Symptoms,20220301,eCQM Update 2025-05-08,Extensional,,,SNOMEDCT,2024-09,2.16.840.1.113883.6.96,Eligible Clinicians,Diagnostic Delay of Venous Thromboembolism in Primary Care,CMS1173v1,3749e,1,bd7ed96b-6e53-4276-8840-842fe56f06b3,Ambulatory,No
Condition/Diagnosis/Problem,2.16.840.1.113883.3.464.1003.199.12.1031,Anaphylactic Reaction to DTaP Vaccine,20170504,eCQM Update 2025-05-08,Grouping,2.16.840.1.113883.3.464.1003.199.11.1064,Anaphylactic Reaction to DTaP Vaccine,SNOMEDCT,2024-09,2.16.840.1.113883.6.96,Eligible Clinicians,Childhood Immunization Status,CMS117v14,Not Applicable,14,b2802b7a-3580-4be8-9458-921aea62b78c,Ambulatory,No
Condition/Diagnosis/Problem,2.16.840.1.113883.3.464.1003.120.12.1001,Disorders of the Immune System,20170504,eCQM Update 2025-05-08,Grouping,2.16.840.1.113883.3.464.1003.120.11.1001,Disorders of the Immune System,SNOMEDCT,2024-09,2.16.840.1.113883.6.96,Eligible Clinicians,Childhood Immunization Status,CMS117v14,Not Applicable,14,b2802b7a-3580-4be8-9458-921aea62b78c,Ambulatory,No
Condition/Diagnosis/Problem,2.16.840.1.113883.3.464.1003.120.12.1001,Disorders of the Immune System,20170504,eCQM Update 2025-05-08,Grouping,2.16.840.1.113883.3.464.1003.120.11.1003,Disorders of the Immune System,ICD10CM,2025,2.16.840.1.113883.6.90,Eligible Clinicians,Childhood Immunization Status,CMS117v14,Not Applicable,14,b2802b7a-3580-4be8-9458-921aea62b78c,Ambulatory,No
Condition/Diagnosis/Problem,2.16.840.1.113883.3.464.1003.1164,"Encephalitis Due to Diphtheria, Tetanus or Pertussis Vaccine",20220208,eCQM Update 2025-05-08,Grouping,2.16.840.1.113883.3.464.1003.1163,"Encephalitis Due to Diphtheria, Tetanus or Pertussis Vaccine",SNOMEDCT,2024-09,2.16.840.1.113883.6.96,Eligible Clinicians,Childhood Immunization Status,CMS117v14,Not Applicable,14,b2802b7a-3580-4be8-9458-921aea62b78c,Ambulatory,No
Condition/Diagnosis/Problem,2.16.840.1.113883.3.464.1003.120.12.1003,HIV,20240106,eCQM Update 2025-05-08,Grouping,2.16.840.1.113883.3.464.1003.120.11.1008,HIV 2,SNOMEDCT,2024-09,2.16.840.1.113883.6.96,Eligible Clinicians,Childhood Immunization Status,CMS117v14,Not Applicable,14,b2802b7a-3580-4be8-9458-921aea62b78c,Ambulatory,No
Condition/Diagnosis/Problem,2.16.840.1.113883.3.464.1003.120.12.1003,HIV,20240106,eCQM Update 2025-05-08,Grouping,2.16.840.1.113883.3.464.1003.120.11.1010,HIV 2,ICD10CM,2025,2.16.840.1.113883.6.90,Eligible Clinicians,Childhood Immunization Status,CMS117v14,Not Applicable,14,b2802b7a-3580-4be8-9458-921aea62b78c,Ambulatory,No
Condition/Diagnosis/Problem,2.16.840.1.113883.3.464.1003.120.12.1003,HIV,20240106,eCQM Update 2025-05-08,Grouping,2.16.840.1.113883.3.464.1003.120.11.1007,HIV 1,ICD10CM,2025,2.16.840.1.113883.6.90,Eligible Clinicians,Childhood Immunization Status,CMS117v14,Not Applicable,14,b2802b7a-3580-4be8-9458-921aea62b78c,Ambulatory,No
Condition/Diagnosis/Problem,2.16.840.1.113883.3.464.1003.120.12.1003,HIV,20240106,eCQM Update 2025-05-08,Grouping,2.16.840.1.113883.3.464.1003.120.11.1005,HIV 1,SNOMEDCT,"2024-09, 2021-09, 2020-09, 2018-09, 2018-03",2.16.840.1.113883.6.96,Eligible Clinicians,Childhood Immunization Status,CMS117v14,Not Applicable,14,b2802b7a-3580-4be8-9458-921aea62b78c,Ambulatory,No
Condition/Diagnosis/Problem,2.16.840.1.113883.3.464.1003.110.12.1024,Hepatitis A,20170504,eCQM Update 2025-05-08,Grouping,2.16.840.1.113883.3.464.1003.110.11.1070,Hepatitis A,ICD10CM,2025,2.16.840.1.113883.6.90,Eligible Clinicians,Childhood Immunization Status,CMS117v14,Not Applicable,14,b2802b7a-3580-4be8-9458-921aea62b78c,Ambulatory,No
Condition/Diagnosis/Problem,2.16.840.1.113883.3.464.1003.110.12.1024,Hepatitis A,20170504,eCQM Update 2025-05-08,Grouping,2.16.840.1.113883.3.464.1003.110.11.1068,Hepatitis A,SNOMEDCT,"2024-09, 2023-03",2.16.840.1.113883.6.96,Eligible Clinicians,Childhood Immunization Status,CMS117v14,Not Applicable,14,b2802b7a-3580-4be8-9458-921aea62b78c,Ambulatory,No
Condition/Diagnosis/Problem,2.16.840.1.113883.3.67.1.101.1.269,Hepatitis B,20170825,eCQM Update 2025-05-08,Grouping,2.16.840.1.113883.3.67.1.101.1.271,Hepatitis B,ICD10CM,2025,2.16.840.1.113883.6.90,Eligible Clinicians,Childhood Immunization Status,CMS117v14,Not Applicable,14,b2802b7a-3580-4be8-9458-921aea62b78c,Ambulatory,No
Condition/Diagnosis/Problem,2.16.840.1.113883.3.67.1.101.1.269,Hepatitis B,20170825,eCQM Update 2025-05-08,Grouping,2.16.840.1.113883.3.67.1.101.1.272,Hepatitis B,SNOMEDCT,2024-09,2.16.840.1.113883.6.96,Eligible Clinicians,Childhood Immunization Status,CMS117v14,Not Applicable,14,b2802b7a-3580-4be8-9458-921aea62b78c,Ambulatory,No
Condition/Diagnosis/Problem,2.16.840.1.113883.3.464.1003.1165,Hospice Diagnosis,20220818,eCQM Update 2025-05-08,Grouping,2.16.840.1.113883.3.464.1003.1166,Hospice Diagnosis,SNOMEDCT,2024-09,2.16.840.1.113883.6.96,Eligible Clinicians,Childhood Immunization Status,CMS117v14,Not Applicable,14,b2802b7a-3580-4be8-9458-921aea62b78c,Ambulatory,No
Condition/Diagnosis/Problem,2.16.840.1.113883.3.464.1003.199.12.1056,Intussusception,20170504,eCQM Update 2025-05-08,Grouping,2.16.840.1.113883.3.464.1003.199.11.1105,Intussusception,ICD10CM,2025,2.16.840.1.113883.6.90,Eligible Clinicians,Childhood Immunization Status,CMS117v14,Not Applicable,14,b2802b7a-3580-4be8-9458-921aea62b78c,Ambulatory,No
Condition/Diagnosis/Problem,2.16.840.1.113883.3.464.1003.199.12.1056,Intussusception,20170504,eCQM Update 2025-05-08,Grouping,2.16.840.1.113883.3.464.1003.199.11.1106,Intussusception,SNOMEDCT,2024-09,2.16.840.1.113883.6.96,Eligible Clinicians,Childhood Immunization Status,CMS117v14,Not Applicable,14,b2802b7a-3580-4be8-9458-921aea62b78c,Ambulatory,No
Condition/Diagnosis/Problem,2.16.840.1.113883.3.464.1003.108.12.1009,Malignant Neoplasm of Lymphatic and Hematopoietic Tissue,20170504,eCQM Update 2025-05-08,Grouping,2.16.840.1.113883.3.464.1003.108.11.1027,Malignant Neoplasm of Lymphatic and Hematopoietic Tissue,ICD10CM,2025,2.16.840.1.113883.6.90,Eligible Clinicians,Childhood Immunization Status,CMS117v14,Not Applicable,14,b2802b7a-3580-4be8-9458-921aea62b78c,Ambulatory,No
Condition/Diagnosis/Problem,2.16.840.1.113883.3.464.1003.108.12.1009,Malignant Neoplasm of Lymphatic and Hematopoietic Tissue,20170504,eCQM Update 2025-05-08,Grouping,2.16.840.1.113883.3.464.1003.108.11.1025,Malignant Neoplasm of Lymphatic and Hematopoietic Tissue,SNOMEDCT,"2024-09, 2024-03",2.16.840.1.113883.6.96,Eligible Clinicians,Childhood Immunization Status,CMS117v14,Not Applicable,14,b2802b7a-3580-4be8-9458-921aea62b78c,Ambulatory,No
Condition/Diagnosis/Problem,2.16.840.1.113883.3.464.1003.110.12.1053,Measles,20170504,eCQM Update 2025-05-08,Grouping,2.16.840.1.113883.3.464.1003.110.11.1078,Measles,SNOMEDCT,"2024-09, 2024-03",2.16.840.1.113883.6.96,Eligible Clinicians,Childhood Immunization Status,CMS117v14,Not Applicable,14,b2802b7a-3580-4be8-9458-921aea62b78c,Ambulatory,No
Condition/Diagnosis/Problem,2.16.840.1.113883.3.464.1003.110.12.1053,Measles,20170504,eCQM Update 2025-05-08,Grouping,2.16.840.1.113883.3.464.1003.110.11.1080,Measles,ICD10CM,2025,2.16.840.1.113883.6.90,Eligible Clinicians,Childhood Immunization Status,CMS117v14,Not Applicable,14,b2802b7a-3580-4be8-9458-921aea62b78c,Ambulatory,No
Condition/Diagnosis/Problem,2.16.840.1.113883.3.464.1003.110.12.1032,Mumps,20170504,eCQM Update 2025-05-08,Grouping,2.16.840.1.113883.3.464.1003.110.11.1089,Mumps,ICD10CM,2025,2.16.840.1.113883.6.90,Eligible Clinicians,Childhood Immunization Status,CMS117v14,Not Applicable,14,b2802b7a-3580-4be8-9458-921aea62b78c,Ambulatory,No
Condition/Diagnosis/Problem,2.16.840.1.113883.3.464.1003.110.12.1032,Mumps,20170504,eCQM Update 2025-05-08,Grouping,2.16.840.1.113883.3.464.1003.110.11.1087,Mumps,SNOMEDCT,"2024-09, 2024-03",2.16.840.1.113883.6.96,Eligible Clinicians,Childhood Immunization Status,CMS117v14,Not Applicable,14,b2802b7a-3580-4be8-9458-921aea62b78c,Ambulatory,No
Condition/Diagnosis/Problem,2.16.840.1.113883.3.464.1003.110.12.1037,Rubella,20170504,eCQM Update 2025-05-08,Grouping,2.16.840.1.113883.3.464.1003.110.11.110,Rubella,ICD10CM,2025,2.16.840.1.113883.6.90,Eligible Clinicians,Childhood Immunization Status,CMS117v14,Not Applicable,14,b2802b7a-3580-4be8-9458-921aea62b78c,Ambulatory,No
Condition/Diagnosis/Problem,2.16.840.1.113883.3.464.1003.110.12.1037,Rubella,20170504,eCQM Update 2025-05-08,Grouping,2.16.840.1.113883.3.464.1003.110.11.1098,Rubella,SNOMEDCT,"2024-09, 2023-03",2.16.840.1.113883.6.96,Eligible Clinicians,Childhood Immunization Status,CMS117v14,Not Applicable,14,b2802b7a-3580-4be8-9458-921aea62b78c,Ambulatory,No
Condition/Diagnosis/Problem,2.16.840.1.113883.3.464.1003.120.12.1007,Severe Combined Immunodeficiency,20170504,eCQM Update 2025-05-08,Grouping,2.16.840.1.113883.3.464.1003.120.11.1012,Severe Combined Immunodeficiency,SNOMEDCT,"2024-09, 2022-03",2.16.840.1.113883.6.96,Eligible Clinicians,Childhood Immunization Status,CMS117v14,Not Applicable,14,b2802b7a-3580-4be8-9458-921aea62b78c,Ambulatory,No
Condition/Diagnosis/Problem,2.16.840.1.113883.3.464.1003.120.12.1007,Severe Combined Immunodeficiency,20170504,eCQM Update 2025-05-08,Grouping,2.16.840.1.113883.3.464.1003.120.11.1011,Severe Combined Immunodeficiency,ICD10CM,2025,2.16.840.1.113883.6.90,Eligible Clinicians,Childhood Immunization Status,CMS117v14,Not Applicable,14,b2802b7a-3580-4be8-9458-921aea62b78c,Ambulatory,No
Condition/Diagnosis/Problem,2.16.840.1.113883.3.464.1003.110.12.1039,Varicella Zoster,20170504,eCQM Update 2025-05-08,Grouping,2.16.840.1.113883.3.464.1003.110.11.1104,Varicella Zoster,ICD10CM,2025,2.16.840.1.113883.6.90,Eligible Clinicians,Childhood Immunization Status,CMS117v14,Not Applicable,14,b2802b7a-3580-4be8-9458-921aea62b78c,Ambulatory,No
Condition/Diagnosis/Problem,2.16.840.1.113883.3.464.1003.110.12.1039,Varicella Zoster,20170504,eCQM Update 2025-05-08,Grouping,2.16.840.1.113883.3.464.1003.110.11.1105,Varicella Zoster,SNOMEDCT,"2024-09, 2024-03, 2023-09, 2023-03",2.16.840.1.113883.6.96,Eligible Clinicians,Childhood Immunization Status,CMS117v14,Not Applicable,14,b2802b7a-3580-4be8-9458-921aea62b78c,Ambulatory,No
Encounter,2.16.840.1.113883.3.666.5.307,Encounter Inpatient,20200307,eCQM Update 2025-05-08,Extensional,,,SNOMEDCT,2024-09,2.16.840.1.113883.6.96,Eligible Clinicians,Childhood Immunization Status,CMS117v14,Not Applicable,14,b2802b7a-3580-4be8-9458-921aea62b78c,Ambulatory,No
Encounter,2.16.840.1.113883.3.464.1003.101.12.1016,Home Healthcare Services,20240110,eCQM Update 2025-05-08,Grouping,2.16.840.1.113883.3.464.1003.101.11.1265,Home Healthcare Services,SNOMEDCT,2024-09,2.16.840.1.113883.6.96,Eligible Clinicians,Childhood Immunization Status,CMS117v14,Not Applicable,14,b2802b7a-3580-4be8-9458-921aea62b78c,Ambulatory,No
Encounter,2.16.840.1.113883.3.464.1003.101.12.1016,Home Healthcare Services,20240110,eCQM Update 2025-05-08,Grouping,2.16.840.1.113883.3.464.1003.101.11.1080,Home Healthcare Services,CPT,2025,2.16.840.1.113883.6.12,Eligible Clinicians,Childhood Immunization Status,CMS117v14,Not Applicable,14,b2802b7a-3580-4be8-9458-921aea62b78c,Ambulatory,No
Encounter,2.16.840.1.113883.3.464.1003.1003,Hospice Encounter,20210820,eCQM Update 2025-05-08,Grouping,2.16.840.1.113883.3.464.1003.1001,Hospice Encounter,HCPCS,2025,2.16.840.1.113883.6.285,Eligible Clinicians,Childhood Immunization Status,CMS117v14,Not Applicable,14,b2802b7a-3580-4be8-9458-921aea62b78c,Ambulatory,No
Encounter,2.16.840.1.113883.3.464.1003.1003,Hospice Encounter,20210820,eCQM Update 2025-05-08,Grouping,2.16.840.1.113883.3.464.1003.1002,Hospice Encounter,SNOMEDCT,2024-09,2.16.840.1.113883.6.96,Eligible Clinicians,Childhood Immunization Status,CMS117v14,Not Applicable,14,b2802b7a-3580-4be8-9458-921aea62b78c,Ambulatory,No
Encounter,2.16.840.1.113883.3.464.1003.101.12.1001,Office Visit,20180310,eCQM Update 2025-05-08,Grouping,2.16.840.1.113883.3.464.1003.101.11.1005,Office Visit,CPT,2025,2.16.840.1.113883.6.12,Eligible Clinicians,Childhood Immunization Status,CMS117v14,Not Applicable,14,b2802b7a-3580-4be8-9458-921aea62b78c,Ambulatory,No
Encounter,2.16.840.1.113883.3.464.1003.101.12.1001,Office Visit,20180310,eCQM Update 2025-05-08,Grouping,2.16.840.1.113883.3.464.1003.101.11.1264,Office Visit,SNOMEDCT,2024-09,2.16.840.1.113883.6.96,Eligible Clinicians,Childhood Immunization Status,CMS117v14,Not Applicable,14,b2802b7a-3580-4be8-9458-921aea62b78c,Ambulatory,No
Encounter,2.16.840.1.113883.3.464.1003.101.12.1022,"Preventive Care Services, Initial Office Visit, 0 to 17",20170504,eCQM Update 2025-05-08,Grouping,2.16.840.1.113883.3.464.1003.101.11.1110,"Preventive Care, Initial Office Visit, 0 to 17",CPT,2025,2.16.840.1.113883.6.12,Eligible Clinicians,Childhood Immunization Status,CMS117v14,Not Applicable,14,b2802b7a-3580-4be8-9458-921aea62b78c,Ambulatory,No
Encounter,2.16.840.1.113883.3.464.1003.101.12.1024,"Preventive Care, Established Office Visit, 0 to 17",20170504,eCQM Update 2025-05-08,Grouping,2.16.840.1.113883.3.464.1003.101.11.1120,"Preventive Care, Established Office Visit, 0 to 17",CPT,2025,2.16.840.1.113883.6.12,Eligible Clinicians,Childhood Immunization Status,CMS117v14,Not Applicable,14,b2802b7a-3580-4be8-9458-921aea62b78c,Ambulatory,No
Encounter,2.16.840.1.113883.3.464.1003.101.12.1080,Telephone Visits,20250205,eCQM Update 2025-05-08,Grouping,2.16.840.1.113883.3.464.1003.101.11.1287,Telephone Visits,SNOMEDCT,2024-09,2.16.840.1.113883.6.96,Eligible Clinicians,Childhood Immunization Status,CMS117v14,Not Applicable,14,b2802b7a-3580-4be8-9458-921aea62b78c,Ambulatory,No
Encounter,2.16.840.1.113883.3.464.1003.101.12.1080,Telephone Visits,20250205,eCQM Update 2025-05-08,Grouping,2.16.840.1.113883.3.464.1003.101.11.1260,Telephone Visits,CPT,"2025, 2024",2.16.840.1.113883.6.12,Eligible Clinicians,Childhood Immunization Status,CMS117v14,Not Applicable,14,b2802b7a-3580-4be8-9458-921aea62b78c,Ambulatory,No
Encounter,2.16.840.1.113883.3.464.1003.101.12.1089,Virtual Encounter,20210224,eCQM Update 2025-05-08,Grouping,2.16.840.1.113883.3.464.1003.101.11.1281,Virtual Encounter,CPT,2025,2.16.840.1.113883.6.12,Eligible Clinicians,Childhood Immunization Status,CMS117v14,Not Applicable,14,b2802b7a-3580-4be8-9458-921aea62b78c,Ambulatory,No
Encounter,2.16.840.1.113883.3.464.1003.101.12.1089,Virtual Encounter,20210224,eCQM Update 2025-05-08,Grouping,2.16.840.1.113883.3.464.1003.101.11.1282,Virtual Encounter,HCPCS,"2025, 2024",2.16.840.1.113883.6.285,Eligible Clinicians,Childhood Immunization Status,CMS117v14,Not Applicable,14,b2802b7a-3580-4be8-9458-921aea62b78c,Ambulatory,No
Immunization,2.16.840.1.113883.3.464.1003.196.12.1218,Child Influenza Vaccine,20170504,eCQM Update 2025-05-08,Grouping,2.16.840.1.113883.3.464.1003.196.11.1220,Child Influenza Vaccine,CVX,2024-12-16,2.16.840.1.113883.12.292,Eligible Clinicians,Childhood Immunization Status,CMS117v14,Not Applicable,14,b2802b7a-3580-4be8-9458-921aea62b78c,Ambulatory,No
Immunization,2.16.840.1.113883.3.464.1003.196.12.1214,DTaP Vaccine,20170504,eCQM Update 2025-05-08,Grouping,2.16.840.1.113883.3.464.1003.196.11.1212,DTaP Vaccine,CVX,2024-12-16,2.16.840.1.113883.12.292,Eligible Clinicians,Childhood Immunization Status,CMS117v14,Not Applicable,14,b2802b7a-3580-4be8-9458-921aea62b78c,Ambulatory,No
Immunization,2.16.840.1.113883.3.464.1003.196.12.1215,Hepatitis A Vaccine,20170504,eCQM Update 2025-05-08,Grouping,2.16.840.1.113883.3.464.1003.196.11.1214,Hepatitis A Vaccine,CVX,2024-12-16,2.16.840.1.113883.12.292,Eligible Clinicians,Childhood Immunization Status,CMS117v14,Not Applicable,14,b2802b7a-3580-4be8-9458-921aea62b78c,Ambulatory,No
Immunization,2.16.840.1.113883.3.464.1003.196.12.1216,Hepatitis B Vaccine,20170504,eCQM Update 2025-05-08,Grouping,2.16.840.1.113883.3.464.1003.196.11.1216,Hepatitis B Vaccine,CVX,2024-12-16,2.16.840.1.113883.12.292,Eligible Clinicians,Childhood Immunization Status,CMS117v14,Not Applicable,14,b2802b7a-3580-4be8-9458-921aea62b78c,Ambulatory,No
Immunization,2.16.840.1.113883.3.464.1003.110.12.1083,Hib Vaccine (3 dose schedule),20190315,eCQM Update 2025-05-08,Grouping,2.16.840.1.113883.3.464.1003.110.11.1152,HiB Vaccine (3 dose schedule),CVX,2024-12-16,2.16.840.1.113883.12.292,Eligible Clinicians,Childhood Immunization Status,CMS117v14,Not Applicable,14,b2802b7a-3580-4be8-9458-921aea62b78c,Ambulatory,No
Immunization,2.16.840.1.113883.3.464.1003.110.12.1085,Hib Vaccine (4 dose schedule),20190315,eCQM Update 2025-05-08,Grouping,2.16.840.1.113883.3.464.1003.110.11.1154,HiB Vaccine (4 dose schedule),CVX,2024-12-16,2.16.840.1.113883.12.292,Eligible Clinicians,Childhood Immunization Status,CMS117v14,Not Applicable,14,b2802b7a-3580-4be8-9458-921aea62b78c,Ambulatory,No
Immunization,2.16.840.1.113883.3.464.1003.196.12.1219,Inactivated Polio Vaccine (IPV),20170504,eCQM Update 2025-05-08,Grouping,2.16.840.1.113883.3.464.1003.196.11.1222,Inactivated Polio Vaccine (IPV),CVX,2024-12-16,2.16.840.1.113883.12.292,Eligible Clinicians,Childhood Immunization Status,CMS117v14,Not Applicable,14,b2802b7a-3580-4be8-9458-921aea62b78c,Ambulatory,No
Immunization,2.16.840.1.113883.3.464.1003.110.12.1087,Influenza Virus LAIV Vaccine,20210224,eCQM Update 2025-05-08,Grouping,2.16.840.1.113883.3.464.1003.199.11.1107,Influenza Virus LAIV Vaccine,CVX,2024-12-16,2.16.840.1.113883.12.292,Eligible Clinicians,Childhood Immunization Status,CMS117v14,Not Applicable,14,b2802b7a-3580-4be8-9458-921aea62b78c,Ambulatory,No
Immunization,2.16.840.1.113883.3.464.1003.196.12.1224,"Measles, Mumps and Rubella (MMR) Vaccine",20170504,eCQM Update 2025-05-08,Grouping,2.16.840.1.113883.3.464.1003.196.11.1235,"Measles, Mumps and Rubella (MMR) Vaccine",CVX,2024-12-16,2.16.840.1.113883.12.292,Eligible Clinicians,Childhood Immunization Status,CMS117v14,Not Applicable,14,b2802b7a-3580-4be8-9458-921aea62b78c,Ambulatory,No
Immunization,2.16.840.1.113883.3.464.1003.196.12.1221,Pneumococcal Conjugate Vaccine,20170504,eCQM Update 2025-05-08,Grouping,2.16.840.1.113883.3.464.1003.196.11.1228,Pneumococcal Conjugate Vaccine,CVX,2024-12-16,2.16.840.1.113883.12.292,Eligible Clinicians,Childhood Immunization Status,CMS117v14,Not Applicable,14,b2802b7a-3580-4be8-9458-921aea62b78c,Ambulatory,No
Immunization,2.16.840.1.113883.3.464.1003.196.12.1223,Rotavirus Vaccine (3 dose schedule),20170504,eCQM Update 2025-05-08,Grouping,2.16.840.1.113883.3.464.1003.196.11.1232,Rotavirus Vaccine (3 dose schedule),CVX,2024-12-16,2.16.840.1.113883.12.292,Eligible Clinicians,Childhood Immunization Status,CMS117v14,Not Applicable,14,b2802b7a-3580-4be8-9458-921aea62b78c,Ambulatory,No
Immunization,2.16.840.1.113883.3.464.1003.196.12.1170,Varicella Zoster Vaccine (VZV),20170504,eCQM Update 2025-05-08,Grouping,2.16.840.1.113883.3.464.1003.196.11.1234,Varicella Zoster Vaccine (VZV),CVX,2024-12-16,2.16.840.1.113883.12.292,Eligible Clinicians,Childhood Immunization Status,CMS117v14,Not Applicable,14,b2802b7a-3580-4be8-9458-921aea62b78c,Ambulatory,No
Individual Characteristic,2.16.840.1.114222.4.11.837,Ethnicity,20121025,eCQM Update 2025-05-08,Extensional,,,CDCREC,1.2,2.16.840.1.113883.6.238,Eligible Clinicians,Childhood Immunization Status,CMS117v14,Not Applicable,14,b2802b7a-3580-4be8-9458-921aea62b78c,Ambulatory,Yes
Individual Characteristic,2.16.840.1.113762.1.4.1021.121,Federal Administrative Sex,20250228,eCQM Update 2025-05-08,Extensional,,,SNOMEDCT,2024-09,2.16.840.1.113883.6.96,Eligible Clinicians,Childhood Immunization Status,CMS117v14,Not Applicable,14,b2802b7a-3580-4be8-9458-921aea62b78c,Ambulatory,Yes
Individual Characteristic,2.16.840.1.114222.4.11.3591,Payer Type,20221118,eCQM Update 2025-05-08,Intensional,,,SOP,9.2,2.16.840.1.113883.3.221.5,Eligible Clinicians,Childhood Immunization Status,CMS117v14,Not Applicable,14,b2802b7a-3580-4be8-9458-921aea62b78c,Ambulatory,Yes
Individual Characteristic,2.16.840.1.114222.4.11.836,Race,20121025,eCQM Update 2025-05-08,Extensional,,,CDCREC,1.2,2.16.840.1.113883.6.238,Eligible Clinicians,Childhood Immunization Status,CMS117v14,Not Applicable,14,b2802b7a-3580-4be8-9458-921aea62b78c,Ambulatory,Yes
Intervention,2.16.840.1.113883.3.526.3.1584,Hospice Care Ambulatory,20210825,eCQM Update 2025-05-08,Grouping,2.16.840.1.113883.3.464.1003.1007,Hospice Care Ambulatory,CPT,2025,2.16.840.1.113883.6.12,Eligible Clinicians,Childhood Immunization Status,CMS117v14,Not Applicable,14,b2802b7a-3580-4be8-9458-921aea62b78c,Ambulatory,No
Intervention,2.16.840.1.113883.3.526.3.1584,Hospice Care Ambulatory,20210825,eCQM Update 2025-05-08,Grouping,2.16.840.1.113883.3.464.1003.1008,Hospice Care Ambulatory,HCPCS,2025,2.16.840.1.113883.6.285,Eligible Clinicians,Childhood Immunization Status,CMS117v14,Not Applicable,14,b2802b7a-3580-4be8-9458-921aea62b78c,Ambulatory,No
Intervention,2.16.840.1.113883.3.526.3.1584,Hospice Care Ambulatory,20210825,eCQM Update 2025-05-08,Grouping,2.16.840.1.113762.1.4.1108.15,Hospice Care Ambulatory,SNOMEDCT,2024-09,2.16.840.1.113883.6.96,Eligible Clinicians,Childhood Immunization Status,CMS117v14,Not Applicable,14,b2802b7a-3580-4be8-9458-921aea62b78c,Ambulatory,No
Procedure,2.16.840.1.113883.3.464.1003.110.12.1044,Child Influenza Vaccine Administered,20170504,eCQM Update 2025-05-08,Grouping,2.16.840.1.113883.3.464.1003.110.11.1115,Child Influenza Vaccine Administered,CPT,2025,2.16.840.1.113883.6.12,Eligible Clinicians,Childhood Immunization Status,CMS117v14,Not Applicable,14,b2802b7a-3580-4be8-9458-921aea62b78c,Ambulatory,No
Procedure,2.16.840.1.113883.3.464.1003.110.12.1044,Child Influenza Vaccine Administered,20170504,eCQM Update 2025-05-08,Grouping,2.16.840.1.113883.3.464.1003.110.11.1116,Child Influenza Vaccine Administered,SNOMEDCT,2024-09,2.16.840.1.113883.6.96,Eligible Clinicians,Childhood Immunization Status,CMS117v14,Not Applicable,14,b2802b7a-3580-4be8-9458-921aea62b78c,Ambulatory,No
Procedure,2.16.840.1.113883.3.464.1003.110.12.1022,DTaP Vaccine Administered,20170504,eCQM Update 2025-05-08,Grouping,2.16.840.1.113883.3.464.1003.110.11.1065,DTaP Vaccine Administered,CPT,2025,2.16.840.1.113883.6.12,Eligible Clinicians,Childhood Immunization Status,CMS117v14,Not Applicable,14,b2802b7a-3580-4be8-9458-921aea62b78c,Ambulatory,No
Procedure,2.16.840.1.113883.3.464.1003.110.12.1022,DTaP Vaccine Administered,20170504,eCQM Update 2025-05-08,Grouping,2.16.840.1.113883.3.464.1003.110.11.1066,DTaP Vaccine Administered,SNOMEDCT,2024-09,2.16.840.1.113883.6.96,Eligible Clinicians,Childhood Immunization Status,CMS117v14,Not Applicable,14,b2802b7a-3580-4be8-9458-921aea62b78c,Ambulatory,No
Procedure,2.16.840.1.113883.3.464.1003.110.12.1041,Hepatitis A Vaccine Administered,20170504,eCQM Update 2025-05-08,Grouping,2.16.840.1.113883.3.464.1003.110.11.1110,Hepatitis A Vaccine Administered,SNOMEDCT,2024-09,2.16.840.1.113883.6.96,Eligible Clinicians,Childhood Immunization Status,CMS117v14,Not Applicable,14,b2802b7a-3580-4be8-9458-921aea62b78c,Ambulatory,No
Procedure,2.16.840.1.113883.3.464.1003.110.12.1041,Hepatitis A Vaccine Administered,20170504,eCQM Update 2025-05-08,Grouping,2.16.840.1.113883.3.464.1003.110.11.1109,Hepatitis A Vaccine Administered,CPT,2025,2.16.840.1.113883.6.12,Eligible Clinicians,Childhood Immunization Status,CMS117v14,Not Applicable,14,b2802b7a-3580-4be8-9458-921aea62b78c,Ambulatory,No
Procedure,2.16.840.1.113883.3.464.1003.110.12.1042,Hepatitis B Vaccine Administered,20220909,eCQM Update 2025-05-08,Grouping,2.16.840.1.113883.3.464.1003.110.11.1111,Hepatitis B Vaccine Administered,CPT,2025,2.16.840.1.113883.6.12,Eligible Clinicians,Childhood Immunization Status,CMS117v14,Not Applicable,14,b2802b7a-3580-4be8-9458-921aea62b78c,Ambulatory,No
Procedure,2.16.840.1.113883.3.464.1003.110.12.1042,Hepatitis B Vaccine Administered,20220909,eCQM Update 2025-05-08,Grouping,2.16.840.1.113883.3.464.1003.110.11.1112,Hepatitis B Vaccine Administered,SNOMEDCT,2024-09,2.16.840.1.113883.6.96,Eligible Clinicians,Childhood Immunization Status,CMS117v14,Not Applicable,14,b2802b7a-3580-4be8-9458-921aea62b78c,Ambulatory,No
Procedure,2.16.840.1.113883.3.464.1003.110.12.1084,Hib Vaccine (3 dose schedule) Administered,20190315,eCQM Update 2025-05-08,Grouping,2.16.840.1.113883.3.464.1003.110.11.1153,HiB Vaccine (3 dose schedule) Administered,CPT,2025,2.16.840.1.113883.6.12,Eligible Clinicians,Childhood Immunization Status,CMS117v14,Not Applicable,14,b2802b7a-3580-4be8-9458-921aea62b78c,Ambulatory,No
Procedure,2.16.840.1.113883.3.464.1003.110.12.1084,Hib Vaccine (3 dose schedule) Administered,20190315,eCQM Update 2025-05-08,Grouping,2.16.840.1.113883.3.464.1003.110.11.1156,HiB Vaccine (3 dose schedule) Administered,SNOMEDCT,2024-09,2.16.840.1.113883.6.96,Eligible Clinicians,Childhood Immunization Status,CMS117v14,Not Applicable,14,b2802b7a-3580-4be8-9458-921aea62b78c,Ambulatory,No
Procedure,2.16.840.1.113883.3.464.1003.110.12.1086,Hib Vaccine (4 dose schedule) Administered,20190315,eCQM Update 2025-05-08,Grouping,2.16.840.1.113883.3.464.1003.110.11.1155,HiB Vaccine (4 dose schedule) Administered,CPT,2025,2.16.840.1.113883.6.12,Eligible Clinicians,Childhood Immunization Status,CMS117v14,Not Applicable,14,b2802b7a-3580-4be8-9458-921aea62b78c,Ambulatory,No
Procedure,2.16.840.1.113883.3.464.1003.110.12.1086,Hib Vaccine (4 dose schedule) Administered,20190315,eCQM Update 2025-05-08,Grouping,2.16.840.1.113883.3.464.1003.110.11.1157,HiB Vaccine (4 dose schedule) Administered,SNOMEDCT,2024-09,2.16.840.1.113883.6.96,Eligible Clinicians,Childhood Immunization Status,CMS117v14,Not Applicable,14,b2802b7a-3580-4be8-9458-921aea62b78c,Ambulatory,No
Procedure,2.16.840.1.113883.3.464.1003.110.12.1045,Inactivated Polio Vaccine (IPV) Administered,20170504,eCQM Update 2025-05-08,Grouping,2.16.840.1.113883.3.464.1003.110.11.1117,Inactivated Polio Vaccine (IPV) Administered,CPT,2025,2.16.840.1.113883.6.12,Eligible Clinicians,Childhood Immunization Status,CMS117v14,Not Applicable,14,b2802b7a-3580-4be8-9458-921aea62b78c,Ambulatory,No
Procedure,2.16.840.1.113883.3.464.1003.110.12.1045,Inactivated Polio Vaccine (IPV) Administered,20170504,eCQM Update 2025-05-08,Grouping,2.16.840.1.113883.3.464.1003.110.11.1118,Inactivated Polio Vaccine (IPV) Administered,SNOMEDCT,2024-09,2.16.840.1.113883.6.96,Eligible Clinicians,Childhood Immunization Status,CMS117v14,Not Applicable,14,b2802b7a-3580-4be8-9458-921aea62b78c,Ambulatory,No
Procedure,2.16.840.1.113883.3.464.1003.110.12.1088,Influenza Virus LAIV Vaccine Administered,20210224,eCQM Update 2025-05-08,Grouping,2.16.840.1.113883.3.464.1003.199.11.1108,Influenza Virus LAIV Vaccine Administered,CPT,2025,2.16.840.1.113883.6.12,Eligible Clinicians,Childhood Immunization Status,CMS117v14,Not Applicable,14,b2802b7a-3580-4be8-9458-921aea62b78c,Ambulatory,No
Procedure,2.16.840.1.113883.3.464.1003.110.12.1031,"Measles, Mumps and Rubella (MMR) Vaccine Administered",20170504,eCQM Update 2025-05-08,Grouping,2.16.840.1.113883.3.464.1003.110.11.1086,"Measles, Mumps and Rubella (MMR) Vaccine Administered",SNOMEDCT,2024-09,2.16.840.1.113883.6.96,Eligible Clinicians,Childhood Immunization Status,CMS117v14,Not Applicable,14,b2802b7a-3580-4be8-9458-921aea62b78c,Ambulatory,No
Procedure,2.16.840.1.113883.3.464.1003.110.12.1031,"Measles, Mumps and Rubella (MMR) Vaccine Administered",20170504,eCQM Update 2025-05-08,Grouping,2.16.840.1.113883.3.464.1003.110.11.1085,"Measles, Mumps and Rubella (MMR) Vaccine Administered",CPT,2025,2.16.840.1.113883.6.12,Eligible Clinicians,Childhood Immunization Status,CMS117v14,Not Applicable,14,b2802b7a-3580-4be8-9458-921aea62b78c,Ambulatory,No
Procedure,2.16.840.1.113883.3.464.1003.110.12.1046,Pneumococcal Conjugate Vaccine Administered,20170504,eCQM Update 2025-05-08,Grouping,2.16.840.1.113883.3.464.1003.110.11.1133,Pneumococcal Conjugate Vaccine Administered,SNOMEDCT,"2024-09, 2023-09",2.16.840.1.113883.6.96,Eligible Clinicians,Childhood Immunization Status,CMS117v14,Not Applicable,14,b2802b7a-3580-4be8-9458-921aea62b78c,Ambulatory,No
Procedure,2.16.840.1.113883.3.464.1003.110.12.1046,Pneumococcal Conjugate Vaccine Administered,20170504,eCQM Update 2025-05-08,Grouping,2.16.840.1.113883.3.464.1003.110.11.1119,Pneumococcal Conjugate Vaccine Administered,CPT,2025,2.16.840.1.113883.6.12,Eligible Clinicians,Childhood Immunization Status,CMS117v14,Not Applicable,14,b2802b7a-3580-4be8-9458-921aea62b78c,Ambulatory,No
Procedure,2.16.840.1.113883.3.464.1003.110.12.1048,Rotavirus Vaccine (2 dose schedule) Administered,20190315,eCQM Update 2025-05-08,Grouping,2.16.840.1.113883.3.464.1003.110.11.1148,Rotavirus Vaccine (2 Dose Schedule) Administered,SNOMEDCT,2024-09,2.16.840.1.113883.6.96,Eligible Clinicians,Childhood Immunization Status,CMS117v14,Not Applicable,14,b2802b7a-3580-4be8-9458-921aea62b78c,Ambulatory,No
Procedure,2.16.840.1.113883.3.464.1003.110.12.1048,Rotavirus Vaccine (2 dose schedule) Administered,20190315,eCQM Update 2025-05-08,Grouping,2.16.840.1.113883.3.464.1003.110.11.1121,Rotavirus Vaccine (2 dose schedule) Administered,CPT,2025,2.16.840.1.113883.6.12,Eligible Clinicians,Childhood Immunization Status,CMS117v14,Not Applicable,14,b2802b7a-3580-4be8-9458-921aea62b78c,Ambulatory,No
Procedure,2.16.840.1.113883.3.464.1003.110.12.1047,Rotavirus Vaccine (3 dose schedule) Administered,20190316,eCQM Update 2025-05-08,Grouping,2.16.840.1.113883.3.464.1003.110.11.1120,Rotavirus Vaccine (3 dose schedule) Administered,CPT,2025,2.16.840.1.113883.6.12,Eligible Clinicians,Childhood Immunization Status,CMS117v14,Not Applicable,14,b2802b7a-3580-4be8-9458-921aea62b78c,Ambulatory,No
Procedure,2.16.840.1.113883.3.464.1003.110.12.1047,Rotavirus Vaccine (3 dose schedule) Administered,20190316,eCQM Update 2025-05-08,Grouping,2.16.840.1.113883.3.464.1003.110.11.1149,Rotavirus Vaccine (3 Dose Schedule) Administered,SNOMEDCT,2024-09,2.16.840.1.113883.6.96,Eligible Clinicians,Childhood Immunization Status,CMS117v14,Not Applicable,14,b2802b7a-3580-4be8-9458-921aea62b78c,Ambulatory,No
Procedure,2.16.840.1.113883.3.464.1003.110.12.1040,Varicella Zoster Vaccine (VZV) Administered,20170504,eCQM Update 2025-05-08,Grouping,2.16.840.1.113883.3.464.1003.110.11.1107,Varicella Zoster Vaccine (VZV) Administered,SNOMEDCT,2024-09,2.16.840.1.113883.6.96,Eligible Clinicians,Childhood Immunization Status,CMS117v14,Not Applicable,14,b2802b7a-3580-4be8-9458-921aea62b78c,Ambulatory,No
Procedure,2.16.840.1.113883.3.464.1003.110.12.1040,Varicella Zoster Vaccine (VZV) Administered,20170504,eCQM Update 2025-05-08,Grouping,2.16.840.1.113883.3.464.1003.110.11.1106,Varicella Zoster Vaccine (VZV) Administered,CPT,2025,2.16.840.1.113883.6.12,Eligible Clinicians,Childhood Immunization Status,CMS117v14,Not Applicable,14,b2802b7a-3580-4be8-9458-921aea62b78c,Ambulatory,No
Condition/Diagnosis/Problem,2.16.840.1.113883.3.464.1003.120.12.1003,HIV,20240106,eCQM Update 2025-05-08,Grouping,2.16.840.1.113883.3.464.1003.120.11.1005,HIV 1,SNOMEDCT,"2024-09, 2021-09, 2020-09, 2018-09, 2018-03",2.16.840.1.113883.6.96,Eligible Clinicians,Sexually Transmitted Infection (STI) Testing for People with HIV,CMS1188v3,3755e,3,f44d919f-9e16-495d-a0d1-dc0ffa6334af,Ambulatory,No
Condition/Diagnosis/Problem,2.16.840.1.113883.3.464.1003.120.12.1003,HIV,20240106,eCQM Update 2025-05-08,Grouping,2.16.840.1.113883.3.464.1003.120.11.1008,HIV 2,SNOMEDCT,2024-09,2.16.840.1.113883.6.96,Eligible Clinicians,Sexually Transmitted Infection (STI) Testing for People with HIV,CMS1188v3,3755e,3,f44d919f-9e16-495d-a0d1-dc0ffa6334af,Ambulatory,No
Condition/Diagnosis/Problem,2.16.840.1.113883.3.464.1003.120.12.1003,HIV,20240106,eCQM Update 2025-05-08,Grouping,2.16.840.1.113883.3.464.1003.120.11.1010,HIV 2,ICD10CM,2025,2.16.840.1.113883.6.90,Eligible Clinicians,Sexually Transmitted Infection (STI) Testing for People with HIV,CMS1188v3,3755e,3,f44d919f-9e16-495d-a0d1-dc0ffa6334af,Ambulatory,No
Condition/Diagnosis/Problem,2.16.840.1.113883.3.464.1003.120.12.1003,HIV,20240106,eCQM Update 2025-05-08,Grouping,2.16.840.1.113883.3.464.1003.120.11.1007,HIV 1,ICD10CM,2025,2.16.840.1.113883.6.90,Eligible Clinicians,Sexually Transmitted Infection (STI) Testing for People with HIV,CMS1188v3,3755e,3,f44d919f-9e16-495d-a0d1-dc0ffa6334af,Ambulatory,No
Encounter,2.16.840.1.113883.3.526.3.1240,Annual Wellness Visit,20190315,eCQM Update 2025-05-08,Grouping,2.16.840.1.113883.3.526.2.1772,Annual Wellness Visit,SNOMEDCT,2024-09,2.16.840.1.113883.6.96,Eligible Clinicians,Sexually Transmitted Infection (STI) Testing for People with HIV,CMS1188v3,3755e,3,f44d919f-9e16-495d-a0d1-dc0ffa6334af,Ambulatory,No
Encounter,2.16.840.1.113883.3.526.3.1240,Annual Wellness Visit,20190315,eCQM Update 2025-05-08,Grouping,2.16.840.1.113883.3.526.2.1363,Annual Wellness Visit,HCPCS,2025,2.16.840.1.113883.6.285,Eligible Clinicians,Sexually Transmitted Infection (STI) Testing for People with HIV,CMS1188v3,3755e,3,f44d919f-9e16-495d-a0d1-dc0ffa6334af,Ambulatory,No
Encounter,2.16.840.1.113762.1.4.1248.375,Face to Face Interaction,20250325,eCQM Update 2025-05-08,Grouping,2.16.840.1.113762.1.4.1248.374,Face to Face Interaction,SNOMEDCT,2024-09,2.16.840.1.113883.6.96,Eligible Clinicians,Sexually Transmitted Infection (STI) Testing for People with HIV,CMS1188v3,3755e,3,f44d919f-9e16-495d-a0d1-dc0ffa6334af,Ambulatory,No
Encounter,2.16.840.1.113883.3.464.1003.101.12.1016,Home Healthcare Services,20240110,eCQM Update 2025-05-08,Grouping,2.16.840.1.113883.3.464.1003.101.11.1080,Home Healthcare Services,CPT,2025,2.16.840.1.113883.6.12,Eligible Clinicians,Sexually Transmitted Infection (STI) Testing for People with HIV,CMS1188v3,3755e,3,f44d919f-9e16-495d-a0d1-dc0ffa6334af,Ambulatory,No
Encounter,2.16.840.1.113883.3.464.1003.101.12.1016,Home Healthcare Services,20240110,eCQM Update 2025-05-08,Grouping,2.16.840.1.113883.3.464.1003.101.11.1265,Home Healthcare Services,SNOMEDCT,2024-09,2.16.840.1.113883.6.96,Eligible Clinicians,Sexually Transmitted Infection (STI) Testing for People with HIV,CMS1188v3,3755e,3,f44d919f-9e16-495d-a0d1-dc0ffa6334af,Ambulatory,No
Encounter,2.16.840.1.113883.3.464.1003.101.12.1001,Office Visit,20180310,eCQM Update 2025-05-08,Grouping,2.16.840.1.113883.3.464.1003.101.11.1264,Office Visit,SNOMEDCT,2024-09,2.16.840.1.113883.6.96,Eligible Clinicians,Sexually Transmitted Infection (STI) Testing for People with HIV,CMS1188v3,3755e,3,f44d919f-9e16-495d-a0d1-dc0ffa6334af,Ambulatory,No
Encounter,2.16.840.1.113883.3.464.1003.101.12.1001,Office Visit,20180310,eCQM Update 2025-05-08,Grouping,2.16.840.1.113883.3.464.1003.101.11.1005,Office Visit,CPT,2025,2.16.840.1.113883.6.12,Eligible Clinicians,Sexually Transmitted Infection (STI) Testing for People with HIV,CMS1188v3,3755e,3,f44d919f-9e16-495d-a0d1-dc0ffa6334af,Ambulatory,No
Encounter,2.16.840.1.113883.3.464.1003.101.12.1008,Outpatient Consultation,20240110,eCQM Update 2025-05-08,Grouping,2.16.840.1.113883.3.464.1003.101.11.1040,Outpatient Consultation,CPT,2025,2.16.840.1.113883.6.12,Eligible Clinicians,Sexually Transmitted Infection (STI) Testing for People with HIV,CMS1188v3,3755e,3,f44d919f-9e16-495d-a0d1-dc0ffa6334af,Ambulatory,No
Encounter,2.16.840.1.113883.3.464.1003.101.12.1008,Outpatient Consultation,20240110,eCQM Update 2025-05-08,Grouping,2.16.840.1.113883.3.464.1003.101.11.1266,Outpatient Consultation,SNOMEDCT,2024-09,2.16.840.1.113883.6.96,Eligible Clinicians,Sexually Transmitted Infection (STI) Testing for People with HIV,CMS1188v3,3755e,3,f44d919f-9e16-495d-a0d1-dc0ffa6334af,Ambulatory,No
Encounter,2.16.840.1.113883.3.464.1003.101.12.1025,"Preventive Care Services Established Office Visit, 18 and Up",20170504,eCQM Update 2025-05-08,Grouping,2.16.840.1.113883.3.464.1003.101.11.1125,"Preventive Care Services Established Office Visit, 18 and Up",CPT,2025,2.16.840.1.113883.6.12,Eligible Clinicians,Sexually Transmitted Infection (STI) Testing for People with HIV,CMS1188v3,3755e,3,f44d919f-9e16-495d-a0d1-dc0ffa6334af,Ambulatory,No
Encounter,2.16.840.1.113883.3.464.1003.101.12.1023,"Preventive Care Services Initial Office Visit, 18 and Up",20170504,eCQM Update 2025-05-08,Grouping,2.16.840.1.113883.3.464.1003.101.11.1115,"Preventive Care Services Initial Office Visit, 18 and Up",CPT,2025,2.16.840.1.113883.6.12,Eligible Clinicians,Sexually Transmitted Infection (STI) Testing for People with HIV,CMS1188v3,3755e,3,f44d919f-9e16-495d-a0d1-dc0ffa6334af,Ambulatory,No
Encounter,2.16.840.1.113883.3.464.1003.101.12.1022,"Preventive Care Services, Initial Office Visit, 0 to 17",20170504,eCQM Update 2025-05-08,Grouping,2.16.840.1.113883.3.464.1003.101.11.1110,"Preventive Care, Initial Office Visit, 0 to 17",CPT,2025,2.16.840.1.113883.6.12,Eligible Clinicians,Sexually Transmitted Infection (STI) Testing for People with HIV,CMS1188v3,3755e,3,f44d919f-9e16-495d-a0d1-dc0ffa6334af,Ambulatory,No
Encounter,2.16.840.1.113883.3.464.1003.101.12.1024,"Preventive Care, Established Office Visit, 0 to 17",20170504,eCQM Update 2025-05-08,Grouping,2.16.840.1.113883.3.464.1003.101.11.1120,"Preventive Care, Established Office Visit, 0 to 17",CPT,2025,2.16.840.1.113883.6.12,Eligible Clinicians,Sexually Transmitted Infection (STI) Testing for People with HIV,CMS1188v3,3755e,3,f44d919f-9e16-495d-a0d1-dc0ffa6334af,Ambulatory,No
Encounter,2.16.840.1.113883.3.464.1003.101.12.1080,Telephone Visits,20250205,eCQM Update 2025-05-08,Grouping,2.16.840.1.113883.3.464.1003.101.11.1260,Telephone Visits,CPT,"2025, 2024",2.16.840.1.113883.6.12,Eligible Clinicians,Sexually Transmitted Infection (STI) Testing for People with HIV,CMS1188v3,3755e,3,f44d919f-9e16-495d-a0d1-dc0ffa6334af,Ambulatory,No
Encounter,2.16.840.1.113883.3.464.1003.101.12.1080,Telephone Visits,20250205,eCQM Update 2025-05-08,Grouping,2.16.840.1.113883.3.464.1003.101.11.1287,Telephone Visits,SNOMEDCT,2024-09,2.16.840.1.113883.6.96,Eligible Clinicians,Sexually Transmitted Infection (STI) Testing for People with HIV,CMS1188v3,3755e,3,f44d919f-9e16-495d-a0d1-dc0ffa6334af,Ambulatory,No
Individual Characteristic,2.16.840.1.114222.4.11.837,Ethnicity,20121025,eCQM Update 2025-05-08,Extensional,,,CDCREC,1.2,2.16.840.1.113883.6.238,Eligible Clinicians,Sexually Transmitted Infection (STI) Testing for People with HIV,CMS1188v3,3755e,3,f44d919f-9e16-495d-a0d1-dc0ffa6334af,Ambulatory,Yes
Individual Characteristic,2.16.840.1.113762.1.4.1021.121,Federal Administrative Sex,20250228,eCQM Update 2025-05-08,Extensional,,,SNOMEDCT,2024-09,2.16.840.1.113883.6.96,Eligible Clinicians,Sexually Transmitted Infection (STI) Testing for People with HIV,CMS1188v3,3755e,3,f44d919f-9e16-495d-a0d1-dc0ffa6334af,Ambulatory,Yes
Individual Characteristic,2.16.840.1.114222.4.11.3591,Payer Type,20221118,eCQM Update 2025-05-08,Intensional,,,SOP,9.2,2.16.840.1.113883.3.221.5,Eligible Clinicians,Sexually Transmitted Infection (STI) Testing for People with HIV,CMS1188v3,3755e,3,f44d919f-9e16-495d-a0d1-dc0ffa6334af,Ambulatory,Yes
Individual Characteristic,2.16.840.1.114222.4.11.836,Race,20121025,eCQM Update 2025-05-08,Extensional,,,CDCREC,1.2,2.16.840.1.113883.6.238,Eligible Clinicians,Sexually Transmitted Infection (STI) Testing for People with HIV,CMS1188v3,3755e,3,f44d919f-9e16-495d-a0d1-dc0ffa6334af,Ambulatory,Yes
Laboratory Test,2.16.840.1.113883.3.464.1003.110.12.1052,Chlamydia Screening,20170504,eCQM Update 2025-05-08,Grouping,2.16.840.1.113883.3.464.1003.110.11.1129,Chlamydia Screening,LOINC,2.78,2.16.840.1.113883.6.1,Eligible Clinicians,Sexually Transmitted Infection (STI) Testing for People with HIV,CMS1188v3,3755e,3,f44d919f-9e16-495d-a0d1-dc0ffa6334af,Ambulatory,No
Laboratory Test,2.16.840.1.113762.1.4.1258.1,Gonorrhea Screening,20250208,eCQM Update 2025-05-08,Extensional,,,LOINC,2.78,2.16.840.1.113883.6.1,Eligible Clinicians,Sexually Transmitted Infection (STI) Testing for People with HIV,CMS1188v3,3755e,3,f44d919f-9e16-495d-a0d1-dc0ffa6334af,Ambulatory,No
Laboratory Test,2.16.840.1.113762.1.4.1248.389,Syphilis Tests,20250404,eCQM Update 2025-05-08,Extensional,,,LOINC,2.78,2.16.840.1.113883.6.1,Eligible Clinicians,Sexually Transmitted Infection (STI) Testing for People with HIV,CMS1188v3,3755e,3,f44d919f-9e16-495d-a0d1-dc0ffa6334af,Ambulatory,No
Condition/Diagnosis/Problem,2.16.840.1.113883.3.464.1003.110.12.1082,Advanced Illness,20190315,eCQM Update 2025-05-08,Grouping,2.16.840.1.113883.3.464.1003.110.11.1151,Advanced Illness,SNOMEDCT,"2024-09, 2024-03, 2023-09",2.16.840.1.113883.6.96,Eligible Clinicians,Diabetes: Glycemic Status Assessment Greater Than 9%,CMS122v14,Not Applicable,14,f2986519-5a4e-4149-a8f2-af0a1dc7f6bc,Ambulatory,No
Condition/Diagnosis/Problem,2.16.840.1.113883.3.464.1003.110.12.1082,Advanced Illness,20190315,eCQM Update 2025-05-08,Grouping,2.16.840.1.113883.3.464.1003.110.11.1150,Advanced Illness,ICD10CM,2025,2.16.840.1.113883.6.90,Eligible Clinicians,Diabetes: Glycemic Status Assessment Greater Than 9%,CMS122v14,Not Applicable,14,f2986519-5a4e-4149-a8f2-af0a1dc7f6bc,Ambulatory,No
Condition/Diagnosis/Problem,2.16.840.1.113883.3.464.1003.103.12.1001,Diabetes,20250115,eCQM Update 2025-05-08,Grouping,2.16.840.1.113883.3.464.1003.1273,Diabetes,SNOMEDCT,2024-09,2.16.840.1.113883.6.96,Eligible Clinicians,Diabetes: Glycemic Status Assessment Greater Than 9%,CMS122v14,Not Applicable,14,f2986519-5a4e-4149-a8f2-af0a1dc7f6bc,Ambulatory,No
Condition/Diagnosis/Problem,2.16.840.1.113883.3.464.1003.103.12.1001,Diabetes,20250115,eCQM Update 2025-05-08,Grouping,2.16.840.1.113883.3.464.1003.1272,Diabetes,ICD10CM,2025,2.16.840.1.113883.6.90,Eligible Clinicians,Diabetes: Glycemic Status Assessment Greater Than 9%,CMS122v14,Not Applicable,14,f2986519-5a4e-4149-a8f2-af0a1dc7f6bc,Ambulatory,No
Condition/Diagnosis/Problem,2.16.840.1.113883.3.464.1003.113.12.1074,Frailty Diagnosis,20190315,eCQM Update 2025-05-08,Grouping,2.16.840.1.113883.3.464.1003.113.11.1309,Frailty Diagnosis,SNOMEDCT,2024-09,2.16.840.1.113883.6.96,Eligible Clinicians,Diabetes: Glycemic Status Assessment Greater Than 9%,CMS122v14,Not Applicable,14,f2986519-5a4e-4149-a8f2-af0a1dc7f6bc,Ambulatory,No
Condition/Diagnosis/Problem,2.16.840.1.113883.3.464.1003.113.12.1074,Frailty Diagnosis,20190315,eCQM Update 2025-05-08,Grouping,2.16.840.1.113883.3.464.1003.113.11.1308,Frailty Diagnosis,ICD10CM,2025,2.16.840.1.113883.6.90,Eligible Clinicians,Diabetes: Glycemic Status Assessment Greater Than 9%,CMS122v14,Not Applicable,14,f2986519-5a4e-4149-a8f2-af0a1dc7f6bc,Ambulatory,No
Condition/Diagnosis/Problem,2.16.840.1.113883.3.464.1003.1165,Hospice Diagnosis,20220818,eCQM Update 2025-05-08,Grouping,2.16.840.1.113883.3.464.1003.1166,Hospice Diagnosis,SNOMEDCT,2024-09,2.16.840.1.113883.6.96,Eligible Clinicians,Diabetes: Glycemic Status Assessment Greater Than 9%,CMS122v14,Not Applicable,14,f2986519-5a4e-4149-a8f2-af0a1dc7f6bc,Ambulatory,No
Condition/Diagnosis/Problem,2.16.840.1.113883.3.464.1003.1167,Palliative Care Diagnosis,20220820,eCQM Update 2025-05-08,Grouping,2.16.840.1.113883.3.464.1003.1168,Palliative Care Diagnosis,SNOMEDCT,2024-09,2.16.840.1.113883.6.96,Eligible Clinicians,Diabetes: Glycemic Status Assessment Greater Than 9%,CMS122v14,Not Applicable,14,f2986519-5a4e-4149-a8f2-af0a1dc7f6bc,Ambulatory,No
Condition/Diagnosis/Problem,2.16.840.1.113883.3.464.1003.1167,Palliative Care Diagnosis,20220820,eCQM Update 2025-05-08,Grouping,2.16.840.1.113883.3.464.1003.1169,Palliative Care Diagnosis,ICD10CM,2025,2.16.840.1.113883.6.90,Eligible Clinicians,Diabetes: Glycemic Status Assessment Greater Than 9%,CMS122v14,Not Applicable,14,f2986519-5a4e-4149-a8f2-af0a1dc7f6bc,Ambulatory,No
Device,2.16.840.1.113883.3.464.1003.118.12.1300,Frailty Device,20200310,eCQM Update 2025-05-08,Grouping,2.16.840.1.113883.3.464.1003.118.11.1220,Frailty Device SNOMED,SNOMEDCT,"2024-09, 2022-09",2.16.840.1.113883.6.96,Eligible Clinicians,Diabetes: Glycemic Status Assessment Greater Than 9%,CMS122v14,Not Applicable,14,f2986519-5a4e-4149-a8f2-af0a1dc7f6bc,Ambulatory,No
Encounter,2.16.840.1.113883.3.526.3.1240,Annual Wellness Visit,20190315,eCQM Update 2025-05-08,Grouping,2.16.840.1.113883.3.526.2.1772,Annual Wellness Visit,SNOMEDCT,2024-09,2.16.840.1.113883.6.96,Eligible Clinicians,Diabetes: Glycemic Status Assessment Greater Than 9%,CMS122v14,Not Applicable,14,f2986519-5a4e-4149-a8f2-af0a1dc7f6bc,Ambulatory,No
Encounter,2.16.840.1.113883.3.526.3.1240,Annual Wellness Visit,20190315,eCQM Update 2025-05-08,Grouping,2.16.840.1.113883.3.526.2.1363,Annual Wellness Visit,HCPCS,2025,2.16.840.1.113883.6.285,Eligible Clinicians,Diabetes: Glycemic Status Assessment Greater Than 9%,CMS122v14,Not Applicable,14,f2986519-5a4e-4149-a8f2-af0a1dc7f6bc,Ambulatory,No
Encounter,2.16.840.1.113883.3.666.5.307,Encounter Inpatient,20200307,eCQM Update 2025-05-08,Extensional,,,SNOMEDCT,2024-09,2.16.840.1.113883.6.96,Eligible Clinicians,Diabetes: Glycemic Status Assessment Greater Than 9%,CMS122v14,Not Applicable,14,f2986519-5a4e-4149-a8f2-af0a1dc7f6bc,Ambulatory,No
Encounter,2.16.840.1.113883.3.464.1003.101.12.1088,Frailty Encounter,20210224,eCQM Update 2025-05-08,Grouping,2.16.840.1.113883.3.464.1003.101.11.1276,Frailty Encounter,CPT,2025,2.16.840.1.113883.6.12,Eligible Clinicians,Diabetes: Glycemic Status Assessment Greater Than 9%,CMS122v14,Not Applicable,14,f2986519-5a4e-4149-a8f2-af0a1dc7f6bc,Ambulatory,No
Encounter,2.16.840.1.113883.3.464.1003.101.12.1088,Frailty Encounter,20210224,eCQM Update 2025-05-08,Grouping,2.16.840.1.113883.3.464.1003.101.11.1279,Frailty Encounter,HCPCS,2025,2.16.840.1.113883.6.285,Eligible Clinicians,Diabetes: Glycemic Status Assessment Greater Than 9%,CMS122v14,Not Applicable,14,f2986519-5a4e-4149-a8f2-af0a1dc7f6bc,Ambulatory,No
Encounter,2.16.840.1.113883.3.464.1003.101.12.1016,Home Healthcare Services,20240110,eCQM Update 2025-05-08,Grouping,2.16.840.1.113883.3.464.1003.101.11.1265,Home Healthcare Services,SNOMEDCT,2024-09,2.16.840.1.113883.6.96,Eligible Clinicians,Diabetes: Glycemic Status Assessment Greater Than 9%,CMS122v14,Not Applicable,14,f2986519-5a4e-4149-a8f2-af0a1dc7f6bc,Ambulatory,No
Encounter,2.16.840.1.113883.3.464.1003.101.12.1016,Home Healthcare Services,20240110,eCQM Update 2025-05-08,Grouping,2.16.840.1.113883.3.464.1003.101.11.1080,Home Healthcare Services,CPT,2025,2.16.840.1.113883.6.12,Eligible Clinicians,Diabetes: Glycemic Status Assessment Greater Than 9%,CMS122v14,Not Applicable,14,f2986519-5a4e-4149-a8f2-af0a1dc7f6bc,Ambulatory,No
Encounter,2.16.840.1.113883.3.464.1003.1003,Hospice Encounter,20210820,eCQM Update 2025-05-08,Grouping,2.16.840.1.113883.3.464.1003.1001,Hospice Encounter,HCPCS,2025,2.16.840.1.113883.6.285,Eligible Clinicians,Diabetes: Glycemic Status Assessment Greater Than 9%,CMS122v14,Not Applicable,14,f2986519-5a4e-4149-a8f2-af0a1dc7f6bc,Ambulatory,No
Encounter,2.16.840.1.113883.3.464.1003.1003,Hospice Encounter,20210820,eCQM Update 2025-05-08,Grouping,2.16.840.1.113883.3.464.1003.1002,Hospice Encounter,SNOMEDCT,2024-09,2.16.840.1.113883.6.96,Eligible Clinicians,Diabetes: Glycemic Status Assessment Greater Than 9%,CMS122v14,Not Applicable,14,f2986519-5a4e-4149-a8f2-af0a1dc7f6bc,Ambulatory,No
Encounter,2.16.840.1.113883.3.464.1003.1006,Nutrition Services,20210819,eCQM Update 2025-05-08,Grouping,2.16.840.1.113883.3.464.1003.1004,Nutrition Services,SNOMEDCT,2024-09,2.16.840.1.113883.6.96,Eligible Clinicians,Diabetes: Glycemic Status Assessment Greater Than 9%,CMS122v14,Not Applicable,14,f2986519-5a4e-4149-a8f2-af0a1dc7f6bc,Ambulatory,No
Encounter,2.16.840.1.113883.3.464.1003.1006,Nutrition Services,20210819,eCQM Update 2025-05-08,Grouping,2.16.840.1.113883.3.464.1003.1005,Nutrition Services,HCPCS,2025,2.16.840.1.113883.6.285,Eligible Clinicians,Diabetes: Glycemic Status Assessment Greater Than 9%,CMS122v14,Not Applicable,14,f2986519-5a4e-4149-a8f2-af0a1dc7f6bc,Ambulatory,No
Encounter,2.16.840.1.113883.3.464.1003.1006,Nutrition Services,20210819,eCQM Update 2025-05-08,Grouping,2.16.840.1.113883.3.464.1003.195.11.1003,Counseling for Nutrition,CPT,2025,2.16.840.1.113883.6.12,Eligible Clinicians,Diabetes: Glycemic Status Assessment Greater Than 9%,CMS122v14,Not Applicable,14,f2986519-5a4e-4149-a8f2-af0a1dc7f6bc,Ambulatory,No
Encounter,2.16.840.1.113883.3.464.1003.101.12.1001,Office Visit,20180310,eCQM Update 2025-05-08,Grouping,2.16.840.1.113883.3.464.1003.101.11.1005,Office Visit,CPT,2025,2.16.840.1.113883.6.12,Eligible Clinicians,Diabetes: Glycemic Status Assessment Greater Than 9%,CMS122v14,Not Applicable,14,f2986519-5a4e-4149-a8f2-af0a1dc7f6bc,Ambulatory,No
Encounter,2.16.840.1.113883.3.464.1003.101.12.1001,Office Visit,20180310,eCQM Update 2025-05-08,Grouping,2.16.840.1.113883.3.464.1003.101.11.1264,Office Visit,SNOMEDCT,2024-09,2.16.840.1.113883.6.96,Eligible Clinicians,Diabetes: Glycemic Status Assessment Greater Than 9%,CMS122v14,Not Applicable,14,f2986519-5a4e-4149-a8f2-af0a1dc7f6bc,Ambulatory,No
Encounter,2.16.840.1.113883.3.464.1003.101.12.1090,Palliative Care Encounter,20210224,eCQM Update 2025-05-08,Grouping,2.16.840.1.113883.3.464.1003.101.11.1286,Palliative Encounter,SNOMEDCT,2024-09,2.16.840.1.113883.6.96,Eligible Clinicians,Diabetes: Glycemic Status Assessment Greater Than 9%,CMS122v14,Not Applicable,14,f2986519-5a4e-4149-a8f2-af0a1dc7f6bc,Ambulatory,No
Encounter,2.16.840.1.113883.3.464.1003.101.12.1090,Palliative Care Encounter,20210224,eCQM Update 2025-05-08,Grouping,2.16.840.1.113883.3.464.1003.101.11.1285,Palliative Encounter,HCPCS,2025,2.16.840.1.113883.6.285,Eligible Clinicians,Diabetes: Glycemic Status Assessment Greater Than 9%,CMS122v14,Not Applicable,14,f2986519-5a4e-4149-a8f2-af0a1dc7f6bc,Ambulatory,No
Encounter,2.16.840.1.113883.3.464.1003.101.12.1025,"Preventive Care Services Established Office Visit, 18 and Up",20170504,eCQM Update 2025-05-08,Grouping,2.16.840.1.113883.3.464.1003.101.11.1125,"Preventive Care Services Established Office Visit, 18 and Up",CPT,2025,2.16.840.1.113883.6.12,Eligible Clinicians,Diabetes: Glycemic Status Assessment Greater Than 9%,CMS122v14,Not Applicable,14,f2986519-5a4e-4149-a8f2-af0a1dc7f6bc,Ambulatory,No
Encounter,2.16.840.1.113883.3.464.1003.101.12.1023,"Preventive Care Services Initial Office Visit, 18 and Up",20170504,eCQM Update 2025-05-08,Grouping,2.16.840.1.113883.3.464.1003.101.11.1115,"Preventive Care Services Initial Office Visit, 18 and Up",CPT,2025,2.16.840.1.113883.6.12,Eligible Clinicians,Diabetes: Glycemic Status Assessment Greater Than 9%,CMS122v14,Not Applicable,14,f2986519-5a4e-4149-a8f2-af0a1dc7f6bc,Ambulatory,No
Encounter,2.16.840.1.113883.3.464.1003.101.12.1080,Telephone Visits,20250205,eCQM Update 2025-05-08,Grouping,2.16.840.1.113883.3.464.1003.101.11.1287,Telephone Visits,SNOMEDCT,2024-09,2.16.840.1.113883.6.96,Eligible Clinicians,Diabetes: Glycemic Status Assessment Greater Than 9%,CMS122v14,Not Applicable,14,f2986519-5a4e-4149-a8f2-af0a1dc7f6bc,Ambulatory,No
Encounter,2.16.840.1.113883.3.464.1003.101.12.1080,Telephone Visits,20250205,eCQM Update 2025-05-08,Grouping,2.16.840.1.113883.3.464.1003.101.11.1260,Telephone Visits,CPT,"2025, 2024",2.16.840.1.113883.6.12,Eligible Clinicians,Diabetes: Glycemic Status Assessment Greater Than 9%,CMS122v14,Not Applicable,14,f2986519-5a4e-4149-a8f2-af0a1dc7f6bc,Ambulatory,No
Individual Characteristic,2.16.840.1.114222.4.11.837,Ethnicity,20121025,eCQM Update 2025-05-08,Extensional,,,CDCREC,1.2,2.16.840.1.113883.6.238,Eligible Clinicians,Diabetes: Glycemic Status Assessment Greater Than 9%,CMS122v14,Not Applicable,14,f2986519-5a4e-4149-a8f2-af0a1dc7f6bc,Ambulatory,Yes
Individual Characteristic,2.16.840.1.113762.1.4.1021.121,Federal Administrative Sex,20250228,eCQM Update 2025-05-08,Extensional,,,SNOMEDCT,2024-09,2.16.840.1.113883.6.96,Eligible Clinicians,Diabetes: Glycemic Status Assessment Greater Than 9%,CMS122v14,Not Applicable,14,f2986519-5a4e-4149-a8f2-af0a1dc7f6bc,Ambulatory,Yes
Individual Characteristic,2.16.840.1.114222.4.11.3591,Payer Type,20221118,eCQM Update 2025-05-08,Intensional,,,SOP,9.2,2.16.840.1.113883.3.221.5,Eligible Clinicians,Diabetes: Glycemic Status Assessment Greater Than 9%,CMS122v14,Not Applicable,14,f2986519-5a4e-4149-a8f2-af0a1dc7f6bc,Ambulatory,Yes
Individual Characteristic,2.16.840.1.114222.4.11.836,Race,20121025,eCQM Update 2025-05-08,Extensional,,,CDCREC,1.2,2.16.840.1.113883.6.238,Eligible Clinicians,Diabetes: Glycemic Status Assessment Greater Than 9%,CMS122v14,Not Applicable,14,f2986519-5a4e-4149-a8f2-af0a1dc7f6bc,Ambulatory,Yes
Intervention,2.16.840.1.113883.3.526.3.1584,Hospice Care Ambulatory,20210825,eCQM Update 2025-05-08,Grouping,2.16.840.1.113762.1.4.1108.15,Hospice Care Ambulatory,SNOMEDCT,2024-09,2.16.840.1.113883.6.96,Eligible Clinicians,Diabetes: Glycemic Status Assessment Greater Than 9%,CMS122v14,Not Applicable,14,f2986519-5a4e-4149-a8f2-af0a1dc7f6bc,Ambulatory,No
Intervention,2.16.840.1.113883.3.526.3.1584,Hospice Care Ambulatory,20210825,eCQM Update 2025-05-08,Grouping,2.16.840.1.113883.3.464.1003.1008,Hospice Care Ambulatory,HCPCS,2025,2.16.840.1.113883.6.285,Eligible Clinicians,Diabetes: Glycemic Status Assessment Greater Than 9%,CMS122v14,Not Applicable,14,f2986519-5a4e-4149-a8f2-af0a1dc7f6bc,Ambulatory,No
Intervention,2.16.840.1.113883.3.526.3.1584,Hospice Care Ambulatory,20210825,eCQM Update 2025-05-08,Grouping,2.16.840.1.113883.3.464.1003.1007,Hospice Care Ambulatory,CPT,2025,2.16.840.1.113883.6.12,Eligible Clinicians,Diabetes: Glycemic Status Assessment Greater Than 9%,CMS122v14,Not Applicable,14,f2986519-5a4e-4149-a8f2-af0a1dc7f6bc,Ambulatory,No
Intervention,2.16.840.1.113883.3.464.1003.198.12.1135,Palliative Care Intervention,20210224,eCQM Update 2025-05-08,Grouping,2.16.840.1.113883.3.464.1003.198.11.1148,Palliative Intervention,SNOMEDCT,2024-09,2.16.840.1.113883.6.96,Eligible Clinicians,Diabetes: Glycemic Status Assessment Greater Than 9%,CMS122v14,Not Applicable,14,f2986519-5a4e-4149-a8f2-af0a1dc7f6bc,Ambulatory,No
Laboratory Test,2.16.840.1.113883.3.464.1003.198.12.1013,HbA1c Laboratory Test,20170504,eCQM Update 2025-05-08,Grouping,2.16.840.1.113883.3.464.1003.198.11.1024,HbA1c Laboratory Test,LOINC,2.78,2.16.840.1.113883.6.1,Eligible Clinicians,Diabetes: Glycemic Status Assessment Greater Than 9%,CMS122v14,Not Applicable,14,f2986519-5a4e-4149-a8f2-af0a1dc7f6bc,Ambulatory,No
Medication,2.16.840.1.113883.3.464.1003.196.12.1510,Dementia Medications,20190315,eCQM Update 2025-05-08,Grouping,2.16.840.1.113883.3.464.1003.196.11.1517,Dementia Medications,RXNORM,2025-01,2.16.840.1.113883.6.88,Eligible Clinicians,Diabetes: Glycemic Status Assessment Greater Than 9%,CMS122v14,Not Applicable,14,f2986519-5a4e-4149-a8f2-af0a1dc7f6bc,Ambulatory,No
Symptom,2.16.840.1.113883.3.464.1003.113.12.1075,Frailty Symptom,20190315,eCQM Update 2025-05-08,Grouping,2.16.840.1.113883.3.464.1003.113.11.1310,Frailty Symptom,ICD10CM,2025,2.16.840.1.113883.6.90,Eligible Clinicians,Diabetes: Glycemic Status Assessment Greater Than 9%,CMS122v14,Not Applicable,14,f2986519-5a4e-4149-a8f2-af0a1dc7f6bc,Ambulatory,No
Symptom,2.16.840.1.113883.3.464.1003.113.12.1075,Frailty Symptom,20190315,eCQM Update 2025-05-08,Grouping,2.16.840.1.113883.3.464.1003.113.11.1311,Frailty Symptom,SNOMEDCT,2024-09,2.16.840.1.113883.6.96,Eligible Clinicians,Diabetes: Glycemic Status Assessment Greater Than 9%,CMS122v14,Not Applicable,14,f2986519-5a4e-4149-a8f2-af0a1dc7f6bc,Ambulatory,No
Condition/Diagnosis/Problem,2.16.840.1.113883.3.464.1003.111.12.1016,Congenital or Acquired Absence of Cervix,20240106,eCQM Update 2025-05-08,Grouping,2.16.840.1.113883.3.464.1003.112.11.1025,Absence of Cervix,SNOMEDCT,2024-09,2.16.840.1.113883.6.96,Eligible Clinicians,Cervical Cancer Screening,CMS124v14,Not Applicable,14,42e7e489-790f-427a-a1a6-d6e807f65a6d,Ambulatory,No
Condition/Diagnosis/Problem,2.16.840.1.113883.3.464.1003.111.12.1016,Congenital or Acquired Absence of Cervix,20240106,eCQM Update 2025-05-08,Grouping,2.16.840.1.113883.3.464.1003.112.11.1024,Absence of Cervix,ICD10CM,2025,2.16.840.1.113883.6.90,Eligible Clinicians,Cervical Cancer Screening,CMS124v14,Not Applicable,14,42e7e489-790f-427a-a1a6-d6e807f65a6d,Ambulatory,No
Condition/Diagnosis/Problem,2.16.840.1.113883.3.464.1003.1165,Hospice Diagnosis,20220818,eCQM Update 2025-05-08,Grouping,2.16.840.1.113883.3.464.1003.1166,Hospice Diagnosis,SNOMEDCT,2024-09,2.16.840.1.113883.6.96,Eligible Clinicians,Cervical Cancer Screening,CMS124v14,Not Applicable,14,42e7e489-790f-427a-a1a6-d6e807f65a6d,Ambulatory,No
Condition/Diagnosis/Problem,2.16.840.1.113883.3.464.1003.1167,Palliative Care Diagnosis,20220820,eCQM Update 2025-05-08,Grouping,2.16.840.1.113883.3.464.1003.1169,Palliative Care Diagnosis,ICD10CM,2025,2.16.840.1.113883.6.90,Eligible Clinicians,Cervical Cancer Screening,CMS124v14,Not Applicable,14,42e7e489-790f-427a-a1a6-d6e807f65a6d,Ambulatory,No
Condition/Diagnosis/Problem,2.16.840.1.113883.3.464.1003.1167,Palliative Care Diagnosis,20220820,eCQM Update 2025-05-08,Grouping,2.16.840.1.113883.3.464.1003.1168,Palliative Care Diagnosis,SNOMEDCT,2024-09,2.16.840.1.113883.6.96,Eligible Clinicians,Cervical Cancer Screening,CMS124v14,Not Applicable,14,42e7e489-790f-427a-a1a6-d6e807f65a6d,Ambulatory,No
Encounter,2.16.840.1.113883.3.666.5.307,Encounter Inpatient,20200307,eCQM Update 2025-05-08,Extensional,,,SNOMEDCT,2024-09,2.16.840.1.113883.6.96,Eligible Clinicians,Cervical Cancer Screening,CMS124v14,Not Applicable,14,42e7e489-790f-427a-a1a6-d6e807f65a6d,Ambulatory,No
Encounter,2.16.840.1.113883.3.464.1003.101.12.1016,Home Healthcare Services,20240110,eCQM Update 2025-05-08,Grouping,2.16.840.1.113883.3.464.1003.101.11.1265,Home Healthcare Services,SNOMEDCT,2024-09,2.16.840.1.113883.6.96,Eligible Clinicians,Cervical Cancer Screening,CMS124v14,Not Applicable,14,42e7e489-790f-427a-a1a6-d6e807f65a6d,Ambulatory,No
Encounter,2.16.840.1.113883.3.464.1003.101.12.1016,Home Healthcare Services,20240110,eCQM Update 2025-05-08,Grouping,2.16.840.1.113883.3.464.1003.101.11.1080,Home Healthcare Services,CPT,2025,2.16.840.1.113883.6.12,Eligible Clinicians,Cervical Cancer Screening,CMS124v14,Not Applicable,14,42e7e489-790f-427a-a1a6-d6e807f65a6d,Ambulatory,No
Encounter,2.16.840.1.113883.3.464.1003.1003,Hospice Encounter,20210820,eCQM Update 2025-05-08,Grouping,2.16.840.1.113883.3.464.1003.1001,Hospice Encounter,HCPCS,2025,2.16.840.1.113883.6.285,Eligible Clinicians,Cervical Cancer Screening,CMS124v14,Not Applicable,14,42e7e489-790f-427a-a1a6-d6e807f65a6d,Ambulatory,No
Encounter,2.16.840.1.113883.3.464.1003.1003,Hospice Encounter,20210820,eCQM Update 2025-05-08,Grouping,2.16.840.1.113883.3.464.1003.1002,Hospice Encounter,SNOMEDCT,2024-09,2.16.840.1.113883.6.96,Eligible Clinicians,Cervical Cancer Screening,CMS124v14,Not Applicable,14,42e7e489-790f-427a-a1a6-d6e807f65a6d,Ambulatory,No
Encounter,2.16.840.1.113883.3.464.1003.101.12.1001,Office Visit,20180310,eCQM Update 2025-05-08,Grouping,2.16.840.1.113883.3.464.1003.101.11.1264,Office Visit,SNOMEDCT,2024-09,2.16.840.1.113883.6.96,Eligible Clinicians,Cervical Cancer Screening,CMS124v14,Not Applicable,14,42e7e489-790f-427a-a1a6-d6e807f65a6d,Ambulatory,No
Encounter,2.16.840.1.113883.3.464.1003.101.12.1001,Office Visit,20180310,eCQM Update 2025-05-08,Grouping,2.16.840.1.113883.3.464.1003.101.11.1005,Office Visit,CPT,2025,2.16.840.1.113883.6.12,Eligible Clinicians,Cervical Cancer Screening,CMS124v14,Not Applicable,14,42e7e489-790f-427a-a1a6-d6e807f65a6d,Ambulatory,No
Encounter,2.16.840.1.113883.3.464.1003.101.12.1090,Palliative Care Encounter,20210224,eCQM Update 2025-05-08,Grouping,2.16.840.1.113883.3.464.1003.101.11.1286,Palliative Encounter,SNOMEDCT,2024-09,2.16.840.1.113883.6.96,Eligible Clinicians,Cervical Cancer Screening,CMS124v14,Not Applicable,14,42e7e489-790f-427a-a1a6-d6e807f65a6d,Ambulatory,No
Encounter,2.16.840.1.113883.3.464.1003.101.12.1090,Palliative Care Encounter,20210224,eCQM Update 2025-05-08,Grouping,2.16.840.1.113883.3.464.1003.101.11.1285,Palliative Encounter,HCPCS,2025,2.16.840.1.113883.6.285,Eligible Clinicians,Cervical Cancer Screening,CMS124v14,Not Applicable,14,42e7e489-790f-427a-a1a6-d6e807f65a6d,Ambulatory,No
Encounter,2.16.840.1.113883.3.464.1003.101.12.1025,"Preventive Care Services Established Office Visit, 18 and Up",20170504,eCQM Update 2025-05-08,Grouping,2.16.840.1.113883.3.464.1003.101.11.1125,"Preventive Care Services Established Office Visit, 18 and Up",CPT,2025,2.16.840.1.113883.6.12,Eligible Clinicians,Cervical Cancer Screening,CMS124v14,Not Applicable,14,42e7e489-790f-427a-a1a6-d6e807f65a6d,Ambulatory,No
Encounter,2.16.840.1.113883.3.464.1003.101.12.1023,"Preventive Care Services Initial Office Visit, 18 and Up",20170504,eCQM Update 2025-05-08,Grouping,2.16.840.1.113883.3.464.1003.101.11.1115,"Preventive Care Services Initial Office Visit, 18 and Up",CPT,2025,2.16.840.1.113883.6.12,Eligible Clinicians,Cervical Cancer Screening,CMS124v14,Not Applicable,14,42e7e489-790f-427a-a1a6-d6e807f65a6d,Ambulatory,No
Encounter,2.16.840.1.113883.3.464.1003.101.12.1080,Telephone Visits,20250205,eCQM Update 2025-05-08,Grouping,2.16.840.1.113883.3.464.1003.101.11.1260,Telephone Visits,CPT,"2025, 2024",2.16.840.1.113883.6.12,Eligible Clinicians,Cervical Cancer Screening,CMS124v14,Not Applicable,14,42e7e489-790f-427a-a1a6-d6e807f65a6d,Ambulatory,No
Encounter,2.16.840.1.113883.3.464.1003.101.12.1080,Telephone Visits,20250205,eCQM Update 2025-05-08,Grouping,2.16.840.1.113883.3.464.1003.101.11.1287,Telephone Visits,SNOMEDCT,2024-09,2.16.840.1.113883.6.96,Eligible Clinicians,Cervical Cancer Screening,CMS124v14,Not Applicable,14,42e7e489-790f-427a-a1a6-d6e807f65a6d,Ambulatory,No
Encounter,2.16.840.1.113883.3.464.1003.101.12.1089,Virtual Encounter,20210224,eCQM Update 2025-05-08,Grouping,2.16.840.1.113883.3.464.1003.101.11.1281,Virtual Encounter,CPT,2025,2.16.840.1.113883.6.12,Eligible Clinicians,Cervical Cancer Screening,CMS124v14,Not Applicable,14,42e7e489-790f-427a-a1a6-d6e807f65a6d,Ambulatory,No
Encounter,2.16.840.1.113883.3.464.1003.101.12.1089,Virtual Encounter,20210224,eCQM Update 2025-05-08,Grouping,2.16.840.1.113883.3.464.1003.101.11.1282,Virtual Encounter,HCPCS,"2025, 2024",2.16.840.1.113883.6.285,Eligible Clinicians,Cervical Cancer Screening,CMS124v14,Not Applicable,14,42e7e489-790f-427a-a1a6-d6e807f65a6d,Ambulatory,No
Individual Characteristic,2.16.840.1.114222.4.11.837,Ethnicity,20121025,eCQM Update 2025-05-08,Extensional,,,CDCREC,1.2,2.16.840.1.113883.6.238,Eligible Clinicians,Cervical Cancer Screening,CMS124v14,Not Applicable,14,42e7e489-790f-427a-a1a6-d6e807f65a6d,Ambulatory,Yes
Individual Characteristic,2.16.840.1.113762.1.4.1021.121,Federal Administrative Sex,20250228,eCQM Update 2025-05-08,Extensional,,,SNOMEDCT,2024-09,2.16.840.1.113883.6.96,Eligible Clinicians,Cervical Cancer Screening,CMS124v14,Not Applicable,14,42e7e489-790f-427a-a1a6-d6e807f65a6d,Ambulatory,Yes
Individual Characteristic,2.16.840.1.114222.4.11.3591,Payer Type,20221118,eCQM Update 2025-05-08,Intensional,,,SOP,9.2,2.16.840.1.113883.3.221.5,Eligible Clinicians,Cervical Cancer Screening,CMS124v14,Not Applicable,14,42e7e489-790f-427a-a1a6-d6e807f65a6d,Ambulatory,Yes
Individual Characteristic,2.16.840.1.114222.4.11.836,Race,20121025,eCQM Update 2025-05-08,Extensional,,,CDCREC,1.2,2.16.840.1.113883.6.238,Eligible Clinicians,Cervical Cancer Screening,CMS124v14,Not Applicable,14,42e7e489-790f-427a-a1a6-d6e807f65a6d,Ambulatory,Yes
Intervention,2.16.840.1.113883.3.526.3.1584,Hospice Care Ambulatory,20210825,eCQM Update 2025-05-08,Grouping,2.16.840.1.113762.1.4.1108.15,Hospice Care Ambulatory,SNOMEDCT,2024-09,2.16.840.1.113883.6.96,Eligible Clinicians,Cervical Cancer Screening,CMS124v14,Not Applicable,14,42e7e489-790f-427a-a1a6-d6e807f65a6d,Ambulatory,No
Intervention,2.16.840.1.113883.3.526.3.1584,Hospice Care Ambulatory,20210825,eCQM Update 2025-05-08,Grouping,2.16.840.1.113883.3.464.1003.1008,Hospice Care Ambulatory,HCPCS,2025,2.16.840.1.113883.6.285,Eligible Clinicians,Cervical Cancer Screening,CMS124v14,Not Applicable,14,42e7e489-790f-427a-a1a6-d6e807f65a6d,Ambulatory,No
Intervention,2.16.840.1.113883.3.526.3.1584,Hospice Care Ambulatory,20210825,eCQM Update 2025-05-08,Grouping,2.16.840.1.113883.3.464.1003.1007,Hospice Care Ambulatory,CPT,2025,2.16.840.1.113883.6.12,Eligible Clinicians,Cervical Cancer Screening,CMS124v14,Not Applicable,14,42e7e489-790f-427a-a1a6-d6e807f65a6d,Ambulatory,No
Intervention,2.16.840.1.113883.3.464.1003.198.12.1135,Palliative Care Intervention,20210224,eCQM Update 2025-05-08,Grouping,2.16.840.1.113883.3.464.1003.198.11.1148,Palliative Intervention,SNOMEDCT,2024-09,2.16.840.1.113883.6.96,Eligible Clinicians,Cervical Cancer Screening,CMS124v14,Not Applicable,14,42e7e489-790f-427a-a1a6-d6e807f65a6d,Ambulatory,No
Laboratory Test,2.16.840.1.113883.3.464.1003.110.12.1059,HPV Test,20170504,eCQM Update 2025-05-08,Grouping,2.16.840.1.113883.3.464.1003.110.11.1135,HPV Test,LOINC,2.78,2.16.840.1.113883.6.1,Eligible Clinicians,Cervical Cancer Screening,CMS124v14,Not Applicable,14,42e7e489-790f-427a-a1a6-d6e807f65a6d,Ambulatory,No
Laboratory Test,2.16.840.1.113883.3.464.1003.108.12.1017,Pap Test,20170504,eCQM Update 2025-05-08,Grouping,2.16.840.1.113883.3.464.1003.108.11.1044,Pap Test,LOINC,2.78,2.16.840.1.113883.6.1,Eligible Clinicians,Cervical Cancer Screening,CMS124v14,Not Applicable,14,42e7e489-790f-427a-a1a6-d6e807f65a6d,Ambulatory,No
Procedure,2.16.840.1.113883.3.464.1003.198.12.1014,Hysterectomy with No Residual Cervix,20240112,eCQM Update 2025-05-08,Grouping,2.16.840.1.113883.3.464.1003.198.11.1135,Hysterectomy with No Residual Cervix,ICD10PCS,2025,2.16.840.1.113883.6.4,Eligible Clinicians,Cervical Cancer Screening,CMS124v14,Not Applicable,14,42e7e489-790f-427a-a1a6-d6e807f65a6d,Ambulatory,No
Procedure,2.16.840.1.113883.3.464.1003.198.12.1014,Hysterectomy with No Residual Cervix,20240112,eCQM Update 2025-05-08,Grouping,2.16.840.1.113883.3.464.1003.198.11.1027,Hysterectomy with No Residual Cervix,SNOMEDCT,"2024-09, 2024-03",2.16.840.1.113883.6.96,Eligible Clinicians,Cervical Cancer Screening,CMS124v14,Not Applicable,14,42e7e489-790f-427a-a1a6-d6e807f65a6d,Ambulatory,No
Procedure,2.16.840.1.113883.3.464.1003.198.12.1014,Hysterectomy with No Residual Cervix,20240112,eCQM Update 2025-05-08,Grouping,2.16.840.1.113883.3.464.1003.198.11.1026,Hysterectomy with No Residual Cervix,CPT,"2025, 2021, 2020",2.16.840.1.113883.6.12,Eligible Clinicians,Cervical Cancer Screening,CMS124v14,Not Applicable,14,42e7e489-790f-427a-a1a6-d6e807f65a6d,Ambulatory,No
Condition/Diagnosis/Problem,2.16.840.1.113883.3.464.1003.110.12.1082,Advanced Illness,20190315,eCQM Update 2025-05-08,Grouping,2.16.840.1.113883.3.464.1003.110.11.1151,Advanced Illness,SNOMEDCT,"2024-09, 2024-03, 2023-09",2.16.840.1.113883.6.96,Eligible Clinicians,Breast Cancer Screening,CMS125v14,Not Applicable,14,19783c1b-4fd1-46c1-8a96-a2f192b97ee0,Ambulatory,No
Condition/Diagnosis/Problem,2.16.840.1.113883.3.464.1003.110.12.1082,Advanced Illness,20190315,eCQM Update 2025-05-08,Grouping,2.16.840.1.113883.3.464.1003.110.11.1150,Advanced Illness,ICD10CM,2025,2.16.840.1.113883.6.90,Eligible Clinicians,Breast Cancer Screening,CMS125v14,Not Applicable,14,19783c1b-4fd1-46c1-8a96-a2f192b97ee0,Ambulatory,No
Condition/Diagnosis/Problem,2.16.840.1.113883.3.464.1003.113.12.1074,Frailty Diagnosis,20190315,eCQM Update 2025-05-08,Grouping,2.16.840.1.113883.3.464.1003.113.11.1308,Frailty Diagnosis,ICD10CM,2025,2.16.840.1.113883.6.90,Eligible Clinicians,Breast Cancer Screening,CMS125v14,Not Applicable,14,19783c1b-4fd1-46c1-8a96-a2f192b97ee0,Ambulatory,No
Condition/Diagnosis/Problem,2.16.840.1.113883.3.464.1003.113.12.1074,Frailty Diagnosis,20190315,eCQM Update 2025-05-08,Grouping,2.16.840.1.113883.3.464.1003.113.11.1309,Frailty Diagnosis,SNOMEDCT,2024-09,2.16.840.1.113883.6.96,Eligible Clinicians,Breast Cancer Screening,CMS125v14,Not Applicable,14,19783c1b-4fd1-46c1-8a96-a2f192b97ee0,Ambulatory,No
Condition/Diagnosis/Problem,2.16.840.1.113883.3.464.1003.198.12.1068,History of bilateral mastectomy,20171219,eCQM Update 2025-05-08,Grouping,2.16.840.1.113883.3.464.1003.198.11.1085,History of bilateral mastectomy,SNOMEDCT,2024-09,2.16.840.1.113883.6.96,Eligible Clinicians,Breast Cancer Screening,CMS125v14,Not Applicable,14,19783c1b-4fd1-46c1-8a96-a2f192b97ee0,Ambulatory,No
Condition/Diagnosis/Problem,2.16.840.1.113883.3.464.1003.198.12.1068,History of bilateral mastectomy,20171219,eCQM Update 2025-05-08,Grouping,2.16.840.1.113883.3.464.1003.198.11.1084,History of bilateral mastectomy,ICD10CM,2025,2.16.840.1.113883.6.90,Eligible Clinicians,Breast Cancer Screening,CMS125v14,Not Applicable,14,19783c1b-4fd1-46c1-8a96-a2f192b97ee0,Ambulatory,No
Condition/Diagnosis/Problem,2.16.840.1.113883.3.464.1003.1165,Hospice Diagnosis,20220818,eCQM Update 2025-05-08,Grouping,2.16.840.1.113883.3.464.1003.1166,Hospice Diagnosis,SNOMEDCT,2024-09,2.16.840.1.113883.6.96,Eligible Clinicians,Breast Cancer Screening,CMS125v14,Not Applicable,14,19783c1b-4fd1-46c1-8a96-a2f192b97ee0,Ambulatory,No
Condition/Diagnosis/Problem,2.16.840.1.113883.3.464.1003.1167,Palliative Care Diagnosis,20220820,eCQM Update 2025-05-08,Grouping,2.16.840.1.113883.3.464.1003.1168,Palliative Care Diagnosis,SNOMEDCT,2024-09,2.16.840.1.113883.6.96,Eligible Clinicians,Breast Cancer Screening,CMS125v14,Not Applicable,14,19783c1b-4fd1-46c1-8a96-a2f192b97ee0,Ambulatory,No
Condition/Diagnosis/Problem,2.16.840.1.113883.3.464.1003.1167,Palliative Care Diagnosis,20220820,eCQM Update 2025-05-08,Grouping,2.16.840.1.113883.3.464.1003.1169,Palliative Care Diagnosis,ICD10CM,2025,2.16.840.1.113883.6.90,Eligible Clinicians,Breast Cancer Screening,CMS125v14,Not Applicable,14,19783c1b-4fd1-46c1-8a96-a2f192b97ee0,Ambulatory,No
Condition/Diagnosis/Problem,2.16.840.1.113883.3.464.1003.198.12.1069,Status Post Left Mastectomy,20171216,eCQM Update 2025-05-08,Grouping,2.16.840.1.113883.3.464.1003.198.11.1091,Status Post Left Mastectomy,ICD10CM,2025,2.16.840.1.113883.6.90,Eligible Clinicians,Breast Cancer Screening,CMS125v14,Not Applicable,14,19783c1b-4fd1-46c1-8a96-a2f192b97ee0,Ambulatory,No
Condition/Diagnosis/Problem,2.16.840.1.113883.3.464.1003.198.12.1069,Status Post Left Mastectomy,20171216,eCQM Update 2025-05-08,Grouping,2.16.840.1.113883.3.464.1003.198.11.1086,Status Post Left Mastectomy,SNOMEDCT,2024-09,2.16.840.1.113883.6.96,Eligible Clinicians,Breast Cancer Screening,CMS125v14,Not Applicable,14,19783c1b-4fd1-46c1-8a96-a2f192b97ee0,Ambulatory,No
Condition/Diagnosis/Problem,2.16.840.1.113883.3.464.1003.198.12.1070,Status Post Right Mastectomy,20171216,eCQM Update 2025-05-08,Grouping,2.16.840.1.113883.3.464.1003.198.11.1092,Status Post Right Mastectomy,ICD10CM,2025,2.16.840.1.113883.6.90,Eligible Clinicians,Breast Cancer Screening,CMS125v14,Not Applicable,14,19783c1b-4fd1-46c1-8a96-a2f192b97ee0,Ambulatory,No
Condition/Diagnosis/Problem,2.16.840.1.113883.3.464.1003.198.12.1070,Status Post Right Mastectomy,20171216,eCQM Update 2025-05-08,Grouping,2.16.840.1.113883.3.464.1003.198.11.1087,Status Post Right Mastectomy,SNOMEDCT,2024-09,2.16.840.1.113883.6.96,Eligible Clinicians,Breast Cancer Screening,CMS125v14,Not Applicable,14,19783c1b-4fd1-46c1-8a96-a2f192b97ee0,Ambulatory,No
Condition/Diagnosis/Problem,2.16.840.1.113883.3.464.1003.198.12.1071,"Unilateral Mastectomy, Unspecified Laterality",20240112,eCQM Update 2025-05-08,Grouping,2.16.840.1.113883.3.464.1003.198.11.1090,"Unilateral Mastectomy, Unspecified Laterality",SNOMEDCT,"2024-09, 2017-09",2.16.840.1.113883.6.96,Eligible Clinicians,Breast Cancer Screening,CMS125v14,Not Applicable,14,19783c1b-4fd1-46c1-8a96-a2f192b97ee0,Ambulatory,No
Condition/Diagnosis/Problem,2.16.840.1.113883.3.464.1003.198.12.1071,"Unilateral Mastectomy, Unspecified Laterality",20240112,eCQM Update 2025-05-08,Grouping,2.16.840.1.113883.3.464.1003.198.11.1089,"Unilateral Mastectomy, Unspecified Laterality",ICD10CM,2025,2.16.840.1.113883.6.90,Eligible Clinicians,Breast Cancer Screening,CMS125v14,Not Applicable,14,19783c1b-4fd1-46c1-8a96-a2f192b97ee0,Ambulatory,No
Device,2.16.840.1.113883.3.464.1003.118.12.1300,Frailty Device,20200310,eCQM Update 2025-05-08,Grouping,2.16.840.1.113883.3.464.1003.118.11.1220,Frailty Device SNOMED,SNOMEDCT,"2024-09, 2022-09",2.16.840.1.113883.6.96,Eligible Clinicians,Breast Cancer Screening,CMS125v14,Not Applicable,14,19783c1b-4fd1-46c1-8a96-a2f192b97ee0,Ambulatory,No
Diagnostic Study,2.16.840.1.113883.3.464.1003.108.12.1018,Mammography,20210304,eCQM Update 2025-05-08,Grouping,2.16.840.1.113883.3.464.1003.108.11.1047,Mammography,LOINC,2.78,2.16.840.1.113883.6.1,Eligible Clinicians,Breast Cancer Screening,CMS125v14,Not Applicable,14,19783c1b-4fd1-46c1-8a96-a2f192b97ee0,Ambulatory,No
Encounter,2.16.840.1.113883.3.526.3.1240,Annual Wellness Visit,20190315,eCQM Update 2025-05-08,Grouping,2.16.840.1.113883.3.526.2.1772,Annual Wellness Visit,SNOMEDCT,2024-09,2.16.840.1.113883.6.96,Eligible Clinicians,Breast Cancer Screening,CMS125v14,Not Applicable,14,19783c1b-4fd1-46c1-8a96-a2f192b97ee0,Ambulatory,No
Encounter,2.16.840.1.113883.3.526.3.1240,Annual Wellness Visit,20190315,eCQM Update 2025-05-08,Grouping,2.16.840.1.113883.3.526.2.1363,Annual Wellness Visit,HCPCS,2025,2.16.840.1.113883.6.285,Eligible Clinicians,Breast Cancer Screening,CMS125v14,Not Applicable,14,19783c1b-4fd1-46c1-8a96-a2f192b97ee0,Ambulatory,No
Encounter,2.16.840.1.113883.3.666.5.307,Encounter Inpatient,20200307,eCQM Update 2025-05-08,Extensional,,,SNOMEDCT,2024-09,2.16.840.1.113883.6.96,Eligible Clinicians,Breast Cancer Screening,CMS125v14,Not Applicable,14,19783c1b-4fd1-46c1-8a96-a2f192b97ee0,Ambulatory,No
Encounter,2.16.840.1.113883.3.464.1003.101.12.1088,Frailty Encounter,20210224,eCQM Update 2025-05-08,Grouping,2.16.840.1.113883.3.464.1003.101.11.1276,Frailty Encounter,CPT,2025,2.16.840.1.113883.6.12,Eligible Clinicians,Breast Cancer Screening,CMS125v14,Not Applicable,14,19783c1b-4fd1-46c1-8a96-a2f192b97ee0,Ambulatory,No
Encounter,2.16.840.1.113883.3.464.1003.101.12.1088,Frailty Encounter,20210224,eCQM Update 2025-05-08,Grouping,2.16.840.1.113883.3.464.1003.101.11.1279,Frailty Encounter,HCPCS,2025,2.16.840.1.113883.6.285,Eligible Clinicians,Breast Cancer Screening,CMS125v14,Not Applicable,14,19783c1b-4fd1-46c1-8a96-a2f192b97ee0,Ambulatory,No
Encounter,2.16.840.1.113883.3.464.1003.101.12.1016,Home Healthcare Services,20240110,eCQM Update 2025-05-08,Grouping,2.16.840.1.113883.3.464.1003.101.11.1080,Home Healthcare Services,CPT,2025,2.16.840.1.113883.6.12,Eligible Clinicians,Breast Cancer Screening,CMS125v14,Not Applicable,14,19783c1b-4fd1-46c1-8a96-a2f192b97ee0,Ambulatory,No
Encounter,2.16.840.1.113883.3.464.1003.101.12.1016,Home Healthcare Services,20240110,eCQM Update 2025-05-08,Grouping,2.16.840.1.113883.3.464.1003.101.11.1265,Home Healthcare Services,SNOMEDCT,2024-09,2.16.840.1.113883.6.96,Eligible Clinicians,Breast Cancer Screening,CMS125v14,Not Applicable,14,19783c1b-4fd1-46c1-8a96-a2f192b97ee0,Ambulatory,No
Encounter,2.16.840.1.113883.3.464.1003.1003,Hospice Encounter,20210820,eCQM Update 2025-05-08,Grouping,2.16.840.1.113883.3.464.1003.1002,Hospice Encounter,SNOMEDCT,2024-09,2.16.840.1.113883.6.96,Eligible Clinicians,Breast Cancer Screening,CMS125v14,Not Applicable,14,19783c1b-4fd1-46c1-8a96-a2f192b97ee0,Ambulatory,No
Encounter,2.16.840.1.113883.3.464.1003.1003,Hospice Encounter,20210820,eCQM Update 2025-05-08,Grouping,2.16.840.1.113883.3.464.1003.1001,Hospice Encounter,HCPCS,2025,2.16.840.1.113883.6.285,Eligible Clinicians,Breast Cancer Screening,CMS125v14,Not Applicable,14,19783c1b-4fd1-46c1-8a96-a2f192b97ee0,Ambulatory,No
Encounter,2.16.840.1.113883.3.464.1003.101.12.1001,Office Visit,20180310,eCQM Update 2025-05-08,Grouping,2.16.840.1.113883.3.464.1003.101.11.1264,Office Visit,SNOMEDCT,2024-09,2.16.840.1.113883.6.96,Eligible Clinicians,Breast Cancer Screening,CMS125v14,Not Applicable,14,19783c1b-4fd1-46c1-8a96-a2f192b97ee0,Ambulatory,No
Encounter,2.16.840.1.113883.3.464.1003.101.12.1001,Office Visit,20180310,eCQM Update 2025-05-08,Grouping,2.16.840.1.113883.3.464.1003.101.11.1005,Office Visit,CPT,2025,2.16.840.1.113883.6.12,Eligible Clinicians,Breast Cancer Screening,CMS125v14,Not Applicable,14,19783c1b-4fd1-46c1-8a96-a2f192b97ee0,Ambulatory,No
Encounter,2.16.840.1.113883.3.464.1003.101.12.1090,Palliative Care Encounter,20210224,eCQM Update 2025-05-08,Grouping,2.16.840.1.113883.3.464.1003.101.11.1286,Palliative Encounter,SNOMEDCT,2024-09,2.16.840.1.113883.6.96,Eligible Clinicians,Breast Cancer Screening,CMS125v14,Not Applicable,14,19783c1b-4fd1-46c1-8a96-a2f192b97ee0,Ambulatory,No
Encounter,2.16.840.1.113883.3.464.1003.101.12.1090,Palliative Care Encounter,20210224,eCQM Update 2025-05-08,Grouping,2.16.840.1.113883.3.464.1003.101.11.1285,Palliative Encounter,HCPCS,2025,2.16.840.1.113883.6.285,Eligible Clinicians,Breast Cancer Screening,CMS125v14,Not Applicable,14,19783c1b-4fd1-46c1-8a96-a2f192b97ee0,Ambulatory,No
Encounter,2.16.840.1.113883.3.464.1003.101.12.1025,"Preventive Care Services Established Office Visit, 18 and Up",20170504,eCQM Update 2025-05-08,Grouping,2.16.840.1.113883.3.464.1003.101.11.1125,"Preventive Care Services Established Office Visit, 18 and Up",CPT,2025,2.16.840.1.113883.6.12,Eligible Clinicians,Breast Cancer Screening,CMS125v14,Not Applicable,14,19783c1b-4fd1-46c1-8a96-a2f192b97ee0,Ambulatory,No
Encounter,2.16.840.1.113883.3.464.1003.101.12.1023,"Preventive Care Services Initial Office Visit, 18 and Up",20170504,eCQM Update 2025-05-08,Grouping,2.16.840.1.113883.3.464.1003.101.11.1115,"Preventive Care Services Initial Office Visit, 18 and Up",CPT,2025,2.16.840.1.113883.6.12,Eligible Clinicians,Breast Cancer Screening,CMS125v14,Not Applicable,14,19783c1b-4fd1-46c1-8a96-a2f192b97ee0,Ambulatory,No
Encounter,2.16.840.1.113883.3.464.1003.101.12.1080,Telephone Visits,20250205,eCQM Update 2025-05-08,Grouping,2.16.840.1.113883.3.464.1003.101.11.1287,Telephone Visits,SNOMEDCT,2024-09,2.16.840.1.113883.6.96,Eligible Clinicians,Breast Cancer Screening,CMS125v14,Not Applicable,14,19783c1b-4fd1-46c1-8a96-a2f192b97ee0,Ambulatory,No
Encounter,2.16.840.1.113883.3.464.1003.101.12.1080,Telephone Visits,20250205,eCQM Update 2025-05-08,Grouping,2.16.840.1.113883.3.464.1003.101.11.1260,Telephone Visits,CPT,"2025, 2024",2.16.840.1.113883.6.12,Eligible Clinicians,Breast Cancer Screening,CMS125v14,Not Applicable,14,19783c1b-4fd1-46c1-8a96-a2f192b97ee0,Ambulatory,No
Encounter,2.16.840.1.113883.3.464.1003.101.12.1089,Virtual Encounter,20210224,eCQM Update 2025-05-08,Grouping,2.16.840.1.113883.3.464.1003.101.11.1282,Virtual Encounter,HCPCS,"2025, 2024",2.16.840.1.113883.6.285,Eligible Clinicians,Breast Cancer Screening,CMS125v14,Not Applicable,14,19783c1b-4fd1-46c1-8a96-a2f192b97ee0,Ambulatory,No
Encounter,2.16.840.1.113883.3.464.1003.101.12.1089,Virtual Encounter,20210224,eCQM Update 2025-05-08,Grouping,2.16.840.1.113883.3.464.1003.101.11.1281,Virtual Encounter,CPT,2025,2.16.840.1.113883.6.12,Eligible Clinicians,Breast Cancer Screening,CMS125v14,Not Applicable,14,19783c1b-4fd1-46c1-8a96-a2f192b97ee0,Ambulatory,No
Individual Characteristic,2.16.840.1.114222.4.11.837,Ethnicity,20121025,eCQM Update 2025-05-08,Extensional,,,CDCREC,1.2,2.16.840.1.113883.6.238,Eligible Clinicians,Breast Cancer Screening,CMS125v14,Not Applicable,14,19783c1b-4fd1-46c1-8a96-a2f192b97ee0,Ambulatory,Yes
Individual Characteristic,2.16.840.1.113762.1.4.1021.121,Federal Administrative Sex,20250228,eCQM Update 2025-05-08,Extensional,,,SNOMEDCT,2024-09,2.16.840.1.113883.6.96,Eligible Clinicians,Breast Cancer Screening,CMS125v14,Not Applicable,14,19783c1b-4fd1-46c1-8a96-a2f192b97ee0,Ambulatory,Yes
Individual Characteristic,2.16.840.1.114222.4.11.3591,Payer Type,20221118,eCQM Update 2025-05-08,Intensional,,,SOP,9.2,2.16.840.1.113883.3.221.5,Eligible Clinicians,Breast Cancer Screening,CMS125v14,Not Applicable,14,19783c1b-4fd1-46c1-8a96-a2f192b97ee0,Ambulatory,Yes
Individual Characteristic,2.16.840.1.114222.4.11.836,Race,20121025,eCQM Update 2025-05-08,Extensional,,,CDCREC,1.2,2.16.840.1.113883.6.238,Eligible Clinicians,Breast Cancer Screening,CMS125v14,Not Applicable,14,19783c1b-4fd1-46c1-8a96-a2f192b97ee0,Ambulatory,Yes
Intervention,2.16.840.1.113883.3.526.3.1584,Hospice Care Ambulatory,20210825,eCQM Update 2025-05-08,Grouping,2.16.840.1.113762.1.4.1108.15,Hospice Care Ambulatory,SNOMEDCT,2024-09,2.16.840.1.113883.6.96,Eligible Clinicians,Breast Cancer Screening,CMS125v14,Not Applicable,14,19783c1b-4fd1-46c1-8a96-a2f192b97ee0,Ambulatory,No
Intervention,2.16.840.1.113883.3.526.3.1584,Hospice Care Ambulatory,20210825,eCQM Update 2025-05-08,Grouping,2.16.840.1.113883.3.464.1003.1007,Hospice Care Ambulatory,CPT,2025,2.16.840.1.113883.6.12,Eligible Clinicians,Breast Cancer Screening,CMS125v14,Not Applicable,14,19783c1b-4fd1-46c1-8a96-a2f192b97ee0,Ambulatory,No
Intervention,2.16.840.1.113883.3.526.3.1584,Hospice Care Ambulatory,20210825,eCQM Update 2025-05-08,Grouping,2.16.840.1.113883.3.464.1003.1008,Hospice Care Ambulatory,HCPCS,2025,2.16.840.1.113883.6.285,Eligible Clinicians,Breast Cancer Screening,CMS125v14,Not Applicable,14,19783c1b-4fd1-46c1-8a96-a2f192b97ee0,Ambulatory,No
Intervention,2.16.840.1.113883.3.464.1003.198.12.1135,Palliative Care Intervention,20210224,eCQM Update 2025-05-08,Grouping,2.16.840.1.113883.3.464.1003.198.11.1148,Palliative Intervention,SNOMEDCT,2024-09,2.16.840.1.113883.6.96,Eligible Clinicians,Breast Cancer Screening,CMS125v14,Not Applicable,14,19783c1b-4fd1-46c1-8a96-a2f192b97ee0,Ambulatory,No
Medication,2.16.840.1.113883.3.464.1003.196.12.1510,Dementia Medications,20190315,eCQM Update 2025-05-08,Grouping,2.16.840.1.113883.3.464.1003.196.11.1517,Dementia Medications,RXNORM,2025-01,2.16.840.1.113883.6.88,Eligible Clinicians,Breast Cancer Screening,CMS125v14,Not Applicable,14,19783c1b-4fd1-46c1-8a96-a2f192b97ee0,Ambulatory,No
Procedure,2.16.840.1.113883.3.464.1003.198.12.1005,Bilateral Mastectomy,20240105,eCQM Update 2025-05-08,Grouping,2.16.840.1.113883.3.464.1003.198.11.1005,Bilateral Mastectomy,SNOMEDCT,2024-09,2.16.840.1.113883.6.96,Eligible Clinicians,Breast Cancer Screening,CMS125v14,Not Applicable,14,19783c1b-4fd1-46c1-8a96-a2f192b97ee0,Ambulatory,No
Procedure,2.16.840.1.113883.3.464.1003.198.12.1005,Bilateral Mastectomy,20240105,eCQM Update 2025-05-08,Grouping,2.16.840.1.113883.3.464.1003.198.11.1140,Bilateral Mastectomy,ICD10PCS,2025,2.16.840.1.113883.6.4,Eligible Clinicians,Breast Cancer Screening,CMS125v14,Not Applicable,14,19783c1b-4fd1-46c1-8a96-a2f192b97ee0,Ambulatory,No
Procedure,2.16.840.1.113883.3.464.1003.198.12.1133,Unilateral Mastectomy Left,20190315,eCQM Update 2025-05-08,Grouping,2.16.840.1.113883.3.464.1003.198.11.1132,Unilateral Mastectomy Left,SNOMEDCT,2024-09,2.16.840.1.113883.6.96,Eligible Clinicians,Breast Cancer Screening,CMS125v14,Not Applicable,14,19783c1b-4fd1-46c1-8a96-a2f192b97ee0,Ambulatory,No
Procedure,2.16.840.1.113883.3.464.1003.198.12.1133,Unilateral Mastectomy Left,20190315,eCQM Update 2025-05-08,Grouping,2.16.840.1.113883.3.464.1003.198.11.1144,Unilateral Mastectomy Left,ICD10PCS,2025,2.16.840.1.113883.6.4,Eligible Clinicians,Breast Cancer Screening,CMS125v14,Not Applicable,14,19783c1b-4fd1-46c1-8a96-a2f192b97ee0,Ambulatory,No
Procedure,2.16.840.1.113883.3.464.1003.198.12.1134,Unilateral Mastectomy Right,20190315,eCQM Update 2025-05-08,Grouping,2.16.840.1.113883.3.464.1003.198.11.1145,Unilateral Mastectomy Right,ICD10PCS,2025,2.16.840.1.113883.6.4,Eligible Clinicians,Breast Cancer Screening,CMS125v14,Not Applicable,14,19783c1b-4fd1-46c1-8a96-a2f192b97ee0,Ambulatory,No
Procedure,2.16.840.1.113883.3.464.1003.198.12.1134,Unilateral Mastectomy Right,20190315,eCQM Update 2025-05-08,Grouping,2.16.840.1.113883.3.464.1003.198.11.1133,Unilateral Mastectomy Right,SNOMEDCT,2024-09,2.16.840.1.113883.6.96,Eligible Clinicians,Breast Cancer Screening,CMS125v14,Not Applicable,14,19783c1b-4fd1-46c1-8a96-a2f192b97ee0,Ambulatory,No
Symptom,2.16.840.1.113883.3.464.1003.113.12.1075,Frailty Symptom,20190315,eCQM Update 2025-05-08,Grouping,2.16.840.1.113883.3.464.1003.113.11.1310,Frailty Symptom,ICD10CM,2025,2.16.840.1.113883.6.90,Eligible Clinicians,Breast Cancer Screening,CMS125v14,Not Applicable,14,19783c1b-4fd1-46c1-8a96-a2f192b97ee0,Ambulatory,No
Symptom,2.16.840.1.113883.3.464.1003.113.12.1075,Frailty Symptom,20190315,eCQM Update 2025-05-08,Grouping,2.16.840.1.113883.3.464.1003.113.11.1311,Frailty Symptom,SNOMEDCT,2024-09,2.16.840.1.113883.6.96,Eligible Clinicians,Breast Cancer Screening,CMS125v14,Not Applicable,14,19783c1b-4fd1-46c1-8a96-a2f192b97ee0,Ambulatory,No
Condition/Diagnosis/Problem,2.16.840.1.113883.3.464.1003.1165,Hospice Diagnosis,20220818,eCQM Update 2025-05-08,Grouping,2.16.840.1.113883.3.464.1003.1166,Hospice Diagnosis,SNOMEDCT,2024-09,2.16.840.1.113883.6.96,Eligible Clinicians,Antidepressant Medication Management,CMS128v14,Not Applicable,14,8924f2b3-ec06-4650-b634-d70a53dee577,Ambulatory,No
Condition/Diagnosis/Problem,2.16.840.1.113883.3.464.1003.105.12.1007,Major Depression,20170504,eCQM Update 2025-05-08,Grouping,2.16.840.1.113883.3.464.1003.105.11.1017,Major Depression,SNOMEDCT,2024-09,2.16.840.1.113883.6.96,Eligible Clinicians,Antidepressant Medication Management,CMS128v14,Not Applicable,14,8924f2b3-ec06-4650-b634-d70a53dee577,Ambulatory,No
Condition/Diagnosis/Problem,2.16.840.1.113883.3.464.1003.105.12.1007,Major Depression,20170504,eCQM Update 2025-05-08,Grouping,2.16.840.1.113883.3.464.1003.105.11.1019,Major Depression,ICD10CM,2025,2.16.840.1.113883.6.90,Eligible Clinicians,Antidepressant Medication Management,CMS128v14,Not Applicable,14,8924f2b3-ec06-4650-b634-d70a53dee577,Ambulatory,No
Encounter,2.16.840.1.113883.3.526.3.1240,Annual Wellness Visit,20190315,eCQM Update 2025-05-08,Grouping,2.16.840.1.113883.3.526.2.1363,Annual Wellness Visit,HCPCS,2025,2.16.840.1.113883.6.285,Eligible Clinicians,Antidepressant Medication Management,CMS128v14,Not Applicable,14,8924f2b3-ec06-4650-b634-d70a53dee577,Ambulatory,No
Encounter,2.16.840.1.113883.3.526.3.1240,Annual Wellness Visit,20190315,eCQM Update 2025-05-08,Grouping,2.16.840.1.113883.3.526.2.1772,Annual Wellness Visit,SNOMEDCT,2024-09,2.16.840.1.113883.6.96,Eligible Clinicians,Antidepressant Medication Management,CMS128v14,Not Applicable,14,8924f2b3-ec06-4650-b634-d70a53dee577,Ambulatory,No
Encounter,2.16.840.1.113883.3.666.5.307,Encounter Inpatient,20200307,eCQM Update 2025-05-08,Extensional,,,SNOMEDCT,2024-09,2.16.840.1.113883.6.96,Eligible Clinicians,Antidepressant Medication Management,CMS128v14,Not Applicable,14,8924f2b3-ec06-4650-b634-d70a53dee577,Ambulatory,No
Encounter,2.16.840.1.113883.3.464.1003.101.12.1016,Home Healthcare Services,20240110,eCQM Update 2025-05-08,Grouping,2.16.840.1.113883.3.464.1003.101.11.1080,Home Healthcare Services,CPT,2025,2.16.840.1.113883.6.12,Eligible Clinicians,Antidepressant Medication Management,CMS128v14,Not Applicable,14,8924f2b3-ec06-4650-b634-d70a53dee577,Ambulatory,No
Encounter,2.16.840.1.113883.3.464.1003.101.12.1016,Home Healthcare Services,20240110,eCQM Update 2025-05-08,Grouping,2.16.840.1.113883.3.464.1003.101.11.1265,Home Healthcare Services,SNOMEDCT,2024-09,2.16.840.1.113883.6.96,Eligible Clinicians,Antidepressant Medication Management,CMS128v14,Not Applicable,14,8924f2b3-ec06-4650-b634-d70a53dee577,Ambulatory,No
Encounter,2.16.840.1.113883.3.464.1003.1003,Hospice Encounter,20210820,eCQM Update 2025-05-08,Grouping,2.16.840.1.113883.3.464.1003.1002,Hospice Encounter,SNOMEDCT,2024-09,2.16.840.1.113883.6.96,Eligible Clinicians,Antidepressant Medication Management,CMS128v14,Not Applicable,14,8924f2b3-ec06-4650-b634-d70a53dee577,Ambulatory,No
Encounter,2.16.840.1.113883.3.464.1003.1003,Hospice Encounter,20210820,eCQM Update 2025-05-08,Grouping,2.16.840.1.113883.3.464.1003.1001,Hospice Encounter,HCPCS,2025,2.16.840.1.113883.6.285,Eligible Clinicians,Antidepressant Medication Management,CMS128v14,Not Applicable,14,8924f2b3-ec06-4650-b634-d70a53dee577,Ambulatory,No
Encounter,2.16.840.1.113883.3.464.1003.101.12.1012,Nursing Facility Visit,20240110,eCQM Update 2025-05-08,Grouping,2.16.840.1.113883.3.464.1003.101.11.1261,Nursing Facility Visit,SNOMEDCT,2024-09,2.16.840.1.113883.6.96,Eligible Clinicians,Antidepressant Medication Management,CMS128v14,Not Applicable,14,8924f2b3-ec06-4650-b634-d70a53dee577,Ambulatory,No
Encounter,2.16.840.1.113883.3.464.1003.101.12.1012,Nursing Facility Visit,20240110,eCQM Update 2025-05-08,Grouping,2.16.840.1.113883.3.464.1003.101.11.1060,Nursing Facility Visit,CPT,2025,2.16.840.1.113883.6.12,Eligible Clinicians,Antidepressant Medication Management,CMS128v14,Not Applicable,14,8924f2b3-ec06-4650-b634-d70a53dee577,Ambulatory,No
Encounter,2.16.840.1.113883.3.464.1003.101.12.1001,Office Visit,20180310,eCQM Update 2025-05-08,Grouping,2.16.840.1.113883.3.464.1003.101.11.1264,Office Visit,SNOMEDCT,2024-09,2.16.840.1.113883.6.96,Eligible Clinicians,Antidepressant Medication Management,CMS128v14,Not Applicable,14,8924f2b3-ec06-4650-b634-d70a53dee577,Ambulatory,No
Encounter,2.16.840.1.113883.3.464.1003.101.12.1001,Office Visit,20180310,eCQM Update 2025-05-08,Grouping,2.16.840.1.113883.3.464.1003.101.11.1005,Office Visit,CPT,2025,2.16.840.1.113883.6.12,Eligible Clinicians,Antidepressant Medication Management,CMS128v14,Not Applicable,14,8924f2b3-ec06-4650-b634-d70a53dee577,Ambulatory,No
Encounter,2.16.840.1.113883.3.464.1003.101.12.1025,"Preventive Care Services Established Office Visit, 18 and Up",20170504,eCQM Update 2025-05-08,Grouping,2.16.840.1.113883.3.464.1003.101.11.1125,"Preventive Care Services Established Office Visit, 18 and Up",CPT,2025,2.16.840.1.113883.6.12,Eligible Clinicians,Antidepressant Medication Management,CMS128v14,Not Applicable,14,8924f2b3-ec06-4650-b634-d70a53dee577,Ambulatory,No
Encounter,2.16.840.1.113883.3.464.1003.101.12.1023,"Preventive Care Services Initial Office Visit, 18 and Up",20170504,eCQM Update 2025-05-08,Grouping,2.16.840.1.113883.3.464.1003.101.11.1115,"Preventive Care Services Initial Office Visit, 18 and Up",CPT,2025,2.16.840.1.113883.6.12,Eligible Clinicians,Antidepressant Medication Management,CMS128v14,Not Applicable,14,8924f2b3-ec06-4650-b634-d70a53dee577,Ambulatory,No
Encounter,2.16.840.1.113883.3.526.3.1492,Psych Visit Diagnostic Evaluation,20190315,eCQM Update 2025-05-08,Grouping,2.16.840.1.113883.3.526.2.1776,Psych Visit Diagnostic Evaluation,SNOMEDCT,2024-09,2.16.840.1.113883.6.96,Eligible Clinicians,Antidepressant Medication Management,CMS128v14,Not Applicable,14,8924f2b3-ec06-4650-b634-d70a53dee577,Ambulatory,No
Encounter,2.16.840.1.113883.3.526.3.1492,Psych Visit Diagnostic Evaluation,20190315,eCQM Update 2025-05-08,Grouping,2.16.840.1.113883.3.526.2.1923,Psych Visit Diagnostic Evaluation,CPT,2025,2.16.840.1.113883.6.12,Eligible Clinicians,Antidepressant Medication Management,CMS128v14,Not Applicable,14,8924f2b3-ec06-4650-b634-d70a53dee577,Ambulatory,No
Encounter,2.16.840.1.113883.3.526.3.1496,Psych Visit Psychotherapy,20190315,eCQM Update 2025-05-08,Grouping,2.16.840.1.113883.3.526.2.1777,Psych Visit Psychotherapy,SNOMEDCT,2024-09,2.16.840.1.113883.6.96,Eligible Clinicians,Antidepressant Medication Management,CMS128v14,Not Applicable,14,8924f2b3-ec06-4650-b634-d70a53dee577,Ambulatory,No
Encounter,2.16.840.1.113883.3.526.3.1496,Psych Visit Psychotherapy,20190315,eCQM Update 2025-05-08,Grouping,2.16.840.1.113883.3.526.2.1927,Psych Visit Psychotherapy,CPT,2025,2.16.840.1.113883.6.12,Eligible Clinicians,Antidepressant Medication Management,CMS128v14,Not Applicable,14,8924f2b3-ec06-4650-b634-d70a53dee577,Ambulatory,No
Encounter,2.16.840.1.113883.3.464.1003.101.12.1080,Telephone Visits,20250205,eCQM Update 2025-05-08,Grouping,2.16.840.1.113883.3.464.1003.101.11.1260,Telephone Visits,CPT,"2025, 2024",2.16.840.1.113883.6.12,Eligible Clinicians,Antidepressant Medication Management,CMS128v14,Not Applicable,14,8924f2b3-ec06-4650-b634-d70a53dee577,Ambulatory,No
Encounter,2.16.840.1.113883.3.464.1003.101.12.1080,Telephone Visits,20250205,eCQM Update 2025-05-08,Grouping,2.16.840.1.113883.3.464.1003.101.11.1287,Telephone Visits,SNOMEDCT,2024-09,2.16.840.1.113883.6.96,Eligible Clinicians,Antidepressant Medication Management,CMS128v14,Not Applicable,14,8924f2b3-ec06-4650-b634-d70a53dee577,Ambulatory,No
Encounter,2.16.840.1.113883.3.464.1003.101.12.1089,Virtual Encounter,20210224,eCQM Update 2025-05-08,Grouping,2.16.840.1.113883.3.464.1003.101.11.1281,Virtual Encounter,CPT,2025,2.16.840.1.113883.6.12,Eligible Clinicians,Antidepressant Medication Management,CMS128v14,Not Applicable,14,8924f2b3-ec06-4650-b634-d70a53dee577,Ambulatory,No
Encounter,2.16.840.1.113883.3.464.1003.101.12.1089,Virtual Encounter,20210224,eCQM Update 2025-05-08,Grouping,2.16.840.1.113883.3.464.1003.101.11.1282,Virtual Encounter,HCPCS,"2025, 2024",2.16.840.1.113883.6.285,Eligible Clinicians,Antidepressant Medication Management,CMS128v14,Not Applicable,14,8924f2b3-ec06-4650-b634-d70a53dee577,Ambulatory,No
Individual Characteristic,2.16.840.1.114222.4.11.837,Ethnicity,20121025,eCQM Update 2025-05-08,Extensional,,,CDCREC,1.2,2.16.840.1.113883.6.238,Eligible Clinicians,Antidepressant Medication Management,CMS128v14,Not Applicable,14,8924f2b3-ec06-4650-b634-d70a53dee577,Ambulatory,Yes
Individual Characteristic,2.16.840.1.113762.1.4.1021.121,Federal Administrative Sex,20250228,eCQM Update 2025-05-08,Extensional,,,SNOMEDCT,2024-09,2.16.840.1.113883.6.96,Eligible Clinicians,Antidepressant Medication Management,CMS128v14,Not Applicable,14,8924f2b3-ec06-4650-b634-d70a53dee577,Ambulatory,Yes
Individual Characteristic,2.16.840.1.114222.4.11.3591,Payer Type,20221118,eCQM Update 2025-05-08,Intensional,,,SOP,9.2,2.16.840.1.113883.3.221.5,Eligible Clinicians,Antidepressant Medication Management,CMS128v14,Not Applicable,14,8924f2b3-ec06-4650-b634-d70a53dee577,Ambulatory,Yes
Individual Characteristic,2.16.840.1.114222.4.11.836,Race,20121025,eCQM Update 2025-05-08,Extensional,,,CDCREC,1.2,2.16.840.1.113883.6.238,Eligible Clinicians,Antidepressant Medication Management,CMS128v14,Not Applicable,14,8924f2b3-ec06-4650-b634-d70a53dee577,Ambulatory,Yes
Intervention,2.16.840.1.113883.3.526.3.1584,Hospice Care Ambulatory,20210825,eCQM Update 2025-05-08,Grouping,2.16.840.1.113883.3.464.1003.1007,Hospice Care Ambulatory,CPT,2025,2.16.840.1.113883.6.12,Eligible Clinicians,Antidepressant Medication Management,CMS128v14,Not Applicable,14,8924f2b3-ec06-4650-b634-d70a53dee577,Ambulatory,No
Intervention,2.16.840.1.113883.3.526.3.1584,Hospice Care Ambulatory,20210825,eCQM Update 2025-05-08,Grouping,2.16.840.1.113883.3.464.1003.1008,Hospice Care Ambulatory,HCPCS,2025,2.16.840.1.113883.6.285,Eligible Clinicians,Antidepressant Medication Management,CMS128v14,Not Applicable,14,8924f2b3-ec06-4650-b634-d70a53dee577,Ambulatory,No
Intervention,2.16.840.1.113883.3.526.3.1584,Hospice Care Ambulatory,20210825,eCQM Update 2025-05-08,Grouping,2.16.840.1.113762.1.4.1108.15,Hospice Care Ambulatory,SNOMEDCT,2024-09,2.16.840.1.113883.6.96,Eligible Clinicians,Antidepressant Medication Management,CMS128v14,Not Applicable,14,8924f2b3-ec06-4650-b634-d70a53dee577,Ambulatory,No
Medication,2.16.840.1.113883.3.464.1003.196.12.1213,Antidepressant Medication,20210306,eCQM Update 2025-05-08,Grouping,2.16.840.1.113883.3.464.1003.196.11.1530,Antidepressant Medication,RXNORM,2025-01,2.16.840.1.113883.6.88,Eligible Clinicians,Antidepressant Medication Management,CMS128v14,Not Applicable,14,8924f2b3-ec06-4650-b634-d70a53dee577,Ambulatory,No
Condition/Diagnosis/Problem,2.16.840.1.113883.3.526.3.451,Pain Warranting Further Investigation for Prostate Cancer,20200306,eCQM Update 2025-05-08,Grouping,2.16.840.1.113883.3.526.2.450,Pain Warranting Further Investigation for Prostate Cancer,ICD10CM,2025,2.16.840.1.113883.6.90,Eligible Clinicians,Prostate Cancer Avoidance of Overuse of Bone Scan for Staging Low Risk Prostate Cancer Patients,CMS129v15,Not Applicable,15,1635c14d-e612-4fa6-96cd-285361aa7f7b,Ambulatory,No
Condition/Diagnosis/Problem,2.16.840.1.113883.3.526.3.451,Pain Warranting Further Investigation for Prostate Cancer,20200306,eCQM Update 2025-05-08,Grouping,2.16.840.1.113883.3.526.2.325,Pain Warranting Further Investigation for Prostate Cancer,SNOMEDCT,2024-09,2.16.840.1.113883.6.96,Eligible Clinicians,Prostate Cancer Avoidance of Overuse of Bone Scan for Staging Low Risk Prostate Cancer Patients,CMS129v15,Not Applicable,15,1635c14d-e612-4fa6-96cd-285361aa7f7b,Ambulatory,No
Condition/Diagnosis/Problem,2.16.840.1.113883.3.526.3.319,Prostate Cancer,20200306,eCQM Update 2025-05-08,Grouping,2.16.840.1.113883.3.526.2.91,Prostate Cancer,ICD10CM,2025,2.16.840.1.113883.6.90,Eligible Clinicians,Prostate Cancer Avoidance of Overuse of Bone Scan for Staging Low Risk Prostate Cancer Patients,CMS129v15,Not Applicable,15,1635c14d-e612-4fa6-96cd-285361aa7f7b,Ambulatory,No
Condition/Diagnosis/Problem,2.16.840.1.113883.3.526.3.319,Prostate Cancer,20200306,eCQM Update 2025-05-08,Grouping,2.16.840.1.113883.3.526.2.92,Prostate Cancer,SNOMEDCT,2024-09,2.16.840.1.113883.6.96,Eligible Clinicians,Prostate Cancer Avoidance of Overuse of Bone Scan for Staging Low Risk Prostate Cancer Patients,CMS129v15,Not Applicable,15,1635c14d-e612-4fa6-96cd-285361aa7f7b,Ambulatory,No
Diagnostic Study,2.16.840.1.113883.3.526.3.320,Bone Scan,20240130,eCQM Update 2025-05-08,Grouping,2.16.840.1.113762.1.4.1108.127,Bone Scan,HCPCS,2025,2.16.840.1.113883.6.285,Eligible Clinicians,Prostate Cancer Avoidance of Overuse of Bone Scan for Staging Low Risk Prostate Cancer Patients,CMS129v15,Not Applicable,15,1635c14d-e612-4fa6-96cd-285361aa7f7b,Ambulatory,No
Diagnostic Study,2.16.840.1.113883.3.526.3.320,Bone Scan,20240130,eCQM Update 2025-05-08,Grouping,2.16.840.1.113883.3.526.2.1374,Bone Scan,LOINC,2.78,2.16.840.1.113883.6.1,Eligible Clinicians,Prostate Cancer Avoidance of Overuse of Bone Scan for Staging Low Risk Prostate Cancer Patients,CMS129v15,Not Applicable,15,1635c14d-e612-4fa6-96cd-285361aa7f7b,Ambulatory,No
Diagnostic Study,2.16.840.1.113883.3.526.3.320,Bone Scan,20240130,eCQM Update 2025-05-08,Grouping,2.16.840.1.113762.1.4.1108.126,Bone Scan,CPT,2025,2.16.840.1.113883.6.12,Eligible Clinicians,Prostate Cancer Avoidance of Overuse of Bone Scan for Staging Low Risk Prostate Cancer Patients,CMS129v15,Not Applicable,15,1635c14d-e612-4fa6-96cd-285361aa7f7b,Ambulatory,No
Individual Characteristic,2.16.840.1.114222.4.11.837,Ethnicity,20121025,eCQM Update 2025-05-08,Extensional,,,CDCREC,1.2,2.16.840.1.113883.6.238,Eligible Clinicians,Prostate Cancer Avoidance of Overuse of Bone Scan for Staging Low Risk Prostate Cancer Patients,CMS129v15,Not Applicable,15,1635c14d-e612-4fa6-96cd-285361aa7f7b,Ambulatory,Yes
Individual Characteristic,2.16.840.1.113762.1.4.1021.121,Federal Administrative Sex,20250228,eCQM Update 2025-05-08,Extensional,,,SNOMEDCT,2024-09,2.16.840.1.113883.6.96,Eligible Clinicians,Prostate Cancer Avoidance of Overuse of Bone Scan for Staging Low Risk Prostate Cancer Patients,CMS129v15,Not Applicable,15,1635c14d-e612-4fa6-96cd-285361aa7f7b,Ambulatory,Yes
Individual Characteristic,2.16.840.1.114222.4.11.3591,Payer Type,20221118,eCQM Update 2025-05-08,Intensional,,,SOP,9.2,2.16.840.1.113883.3.221.5,Eligible Clinicians,Prostate Cancer Avoidance of Overuse of Bone Scan for Staging Low Risk Prostate Cancer Patients,CMS129v15,Not Applicable,15,1635c14d-e612-4fa6-96cd-285361aa7f7b,Ambulatory,Yes
Individual Characteristic,2.16.840.1.114222.4.11.836,Race,20121025,eCQM Update 2025-05-08,Extensional,,,CDCREC,1.2,2.16.840.1.113883.6.238,Eligible Clinicians,Prostate Cancer Avoidance of Overuse of Bone Scan for Staging Low Risk Prostate Cancer Patients,CMS129v15,Not Applicable,15,1635c14d-e612-4fa6-96cd-285361aa7f7b,Ambulatory,Yes
Laboratory Test,2.16.840.1.113883.3.526.3.401,Prostate Specific Antigen Test,20170504,eCQM Update 2025-05-08,Grouping,2.16.840.1.113883.3.526.2.215,Prostate Specific Antigen Test,LOINC,2.78,2.16.840.1.113883.6.1,Eligible Clinicians,Prostate Cancer Avoidance of Overuse of Bone Scan for Staging Low Risk Prostate Cancer Patients,CMS129v15,Not Applicable,15,1635c14d-e612-4fa6-96cd-285361aa7f7b,Ambulatory,No
Procedure,2.16.840.1.113883.3.526.3.398,Prostate Cancer Treatment,20250205,eCQM Update 2025-05-08,Grouping,2.16.840.1.113883.3.526.2.213,Prostate Cancer Treatment,SNOMEDCT,2024-09,2.16.840.1.113883.6.96,Eligible Clinicians,Prostate Cancer Avoidance of Overuse of Bone Scan for Staging Low Risk Prostate Cancer Patients,CMS129v15,Not Applicable,15,1635c14d-e612-4fa6-96cd-285361aa7f7b,Ambulatory,No
Procedure,2.16.840.1.113883.3.526.3.398,Prostate Cancer Treatment,20250205,eCQM Update 2025-05-08,Grouping,2.16.840.1.113883.3.526.2.113,Prostate Cancer Treatment,CPT,2025,2.16.840.1.113883.6.12,Eligible Clinicians,Prostate Cancer Avoidance of Overuse of Bone Scan for Staging Low Risk Prostate Cancer Patients,CMS129v15,Not Applicable,15,1635c14d-e612-4fa6-96cd-285361aa7f7b,Ambulatory,No
Procedure,2.16.840.1.113883.3.526.3.398,Prostate Cancer Treatment,20250205,eCQM Update 2025-05-08,Grouping,2.16.840.1.113762.1.4.1248.277,Prostate Cancer Treatment,HCPCS,2025,2.16.840.1.113883.6.285,Eligible Clinicians,Prostate Cancer Avoidance of Overuse of Bone Scan for Staging Low Risk Prostate Cancer Patients,CMS129v15,Not Applicable,15,1635c14d-e612-4fa6-96cd-285361aa7f7b,Ambulatory,No
Procedure,2.16.840.1.113883.3.526.3.399,Salvage Therapy,20170504,eCQM Update 2025-05-08,Grouping,2.16.840.1.113883.3.526.2.323,Salvage Therapy,CPT,2025,2.16.840.1.113883.6.12,Eligible Clinicians,Prostate Cancer Avoidance of Overuse of Bone Scan for Staging Low Risk Prostate Cancer Patients,CMS129v15,Not Applicable,15,1635c14d-e612-4fa6-96cd-285361aa7f7b,Ambulatory,No
Procedure,2.16.840.1.113883.3.526.3.399,Salvage Therapy,20170504,eCQM Update 2025-05-08,Grouping,2.16.840.1.113883.3.526.2.324,Salvage Therapy,SNOMEDCT,2024-09,2.16.840.1.113883.6.96,Eligible Clinicians,Prostate Cancer Avoidance of Overuse of Bone Scan for Staging Low Risk Prostate Cancer Patients,CMS129v15,Not Applicable,15,1635c14d-e612-4fa6-96cd-285361aa7f7b,Ambulatory,No
Condition/Diagnosis/Problem,2.16.840.1.113883.3.464.1003.110.12.1082,Advanced Illness,20190315,eCQM Update 2025-05-08,Grouping,2.16.840.1.113883.3.464.1003.110.11.1151,Advanced Illness,SNOMEDCT,"2024-09, 2024-03, 2023-09",2.16.840.1.113883.6.96,Eligible Clinicians,Colorectal Cancer Screening,CMS130v14,Not Applicable,14,aa2a4bbc-864f-45ee-b17a-7ebcc62e6aac,Ambulatory,No
Condition/Diagnosis/Problem,2.16.840.1.113883.3.464.1003.110.12.1082,Advanced Illness,20190315,eCQM Update 2025-05-08,Grouping,2.16.840.1.113883.3.464.1003.110.11.1150,Advanced Illness,ICD10CM,2025,2.16.840.1.113883.6.90,Eligible Clinicians,Colorectal Cancer Screening,CMS130v14,Not Applicable,14,aa2a4bbc-864f-45ee-b17a-7ebcc62e6aac,Ambulatory,No
Condition/Diagnosis/Problem,2.16.840.1.113883.3.464.1003.113.12.1074,Frailty Diagnosis,20190315,eCQM Update 2025-05-08,Grouping,2.16.840.1.113883.3.464.1003.113.11.1309,Frailty Diagnosis,SNOMEDCT,2024-09,2.16.840.1.113883.6.96,Eligible Clinicians,Colorectal Cancer Screening,CMS130v14,Not Applicable,14,aa2a4bbc-864f-45ee-b17a-7ebcc62e6aac,Ambulatory,No
Condition/Diagnosis/Problem,2.16.840.1.113883.3.464.1003.113.12.1074,Frailty Diagnosis,20190315,eCQM Update 2025-05-08,Grouping,2.16.840.1.113883.3.464.1003.113.11.1308,Frailty Diagnosis,ICD10CM,2025,2.16.840.1.113883.6.90,Eligible Clinicians,Colorectal Cancer Screening,CMS130v14,Not Applicable,14,aa2a4bbc-864f-45ee-b17a-7ebcc62e6aac,Ambulatory,No
Condition/Diagnosis/Problem,2.16.840.1.113883.3.464.1003.1165,Hospice Diagnosis,20220818,eCQM Update 2025-05-08,Grouping,2.16.840.1.113883.3.464.1003.1166,Hospice Diagnosis,SNOMEDCT,2024-09,2.16.840.1.113883.6.96,Eligible Clinicians,Colorectal Cancer Screening,CMS130v14,Not Applicable,14,aa2a4bbc-864f-45ee-b17a-7ebcc62e6aac,Ambulatory,No
Condition/Diagnosis/Problem,2.16.840.1.113883.3.464.1003.108.12.1001,Malignant Neoplasm of Colon,20240112,eCQM Update 2025-05-08,Grouping,2.16.840.1.113883.3.464.1003.108.11.1003,Malignant Neoplasm of Colon,ICD10CM,2025,2.16.840.1.113883.6.90,Eligible Clinicians,Colorectal Cancer Screening,CMS130v14,Not Applicable,14,aa2a4bbc-864f-45ee-b17a-7ebcc62e6aac,Ambulatory,No
Condition/Diagnosis/Problem,2.16.840.1.113883.3.464.1003.108.12.1001,Malignant Neoplasm of Colon,20240112,eCQM Update 2025-05-08,Grouping,2.16.840.1.113883.3.464.1003.108.11.1001,Malignant Neoplasm of Colon,SNOMEDCT,"2024-09, 2024-03, 2023-03, 2022-09, 2021-09, 2012-07",2.16.840.1.113883.6.96,Eligible Clinicians,Colorectal Cancer Screening,CMS130v14,Not Applicable,14,aa2a4bbc-864f-45ee-b17a-7ebcc62e6aac,Ambulatory,No
Condition/Diagnosis/Problem,2.16.840.1.113883.3.464.1003.1167,Palliative Care Diagnosis,20220820,eCQM Update 2025-05-08,Grouping,2.16.840.1.113883.3.464.1003.1168,Palliative Care Diagnosis,SNOMEDCT,2024-09,2.16.840.1.113883.6.96,Eligible Clinicians,Colorectal Cancer Screening,CMS130v14,Not Applicable,14,aa2a4bbc-864f-45ee-b17a-7ebcc62e6aac,Ambulatory,No
Condition/Diagnosis/Problem,2.16.840.1.113883.3.464.1003.1167,Palliative Care Diagnosis,20220820,eCQM Update 2025-05-08,Grouping,2.16.840.1.113883.3.464.1003.1169,Palliative Care Diagnosis,ICD10CM,2025,2.16.840.1.113883.6.90,Eligible Clinicians,Colorectal Cancer Screening,CMS130v14,Not Applicable,14,aa2a4bbc-864f-45ee-b17a-7ebcc62e6aac,Ambulatory,No
Device,2.16.840.1.113883.3.464.1003.118.12.1300,Frailty Device,20200310,eCQM Update 2025-05-08,Grouping,2.16.840.1.113883.3.464.1003.118.11.1220,Frailty Device SNOMED,SNOMEDCT,"2024-09, 2022-09",2.16.840.1.113883.6.96,Eligible Clinicians,Colorectal Cancer Screening,CMS130v14,Not Applicable,14,aa2a4bbc-864f-45ee-b17a-7ebcc62e6aac,Ambulatory,No
Diagnostic Study,2.16.840.1.113883.3.464.1003.108.12.1038,CT Colonography,20190315,eCQM Update 2025-05-08,Grouping,2.16.840.1.113883.3.464.1003.118.11.1097,CT Colonography,LOINC,2.78,2.16.840.1.113883.6.1,Eligible Clinicians,Colorectal Cancer Screening,CMS130v14,Not Applicable,14,aa2a4bbc-864f-45ee-b17a-7ebcc62e6aac,Ambulatory,No
Encounter,2.16.840.1.113883.3.526.3.1240,Annual Wellness Visit,20190315,eCQM Update 2025-05-08,Grouping,2.16.840.1.113883.3.526.2.1363,Annual Wellness Visit,HCPCS,2025,2.16.840.1.113883.6.285,Eligible Clinicians,Colorectal Cancer Screening,CMS130v14,Not Applicable,14,aa2a4bbc-864f-45ee-b17a-7ebcc62e6aac,Ambulatory,No
Encounter,2.16.840.1.113883.3.526.3.1240,Annual Wellness Visit,20190315,eCQM Update 2025-05-08,Grouping,2.16.840.1.113883.3.526.2.1772,Annual Wellness Visit,SNOMEDCT,2024-09,2.16.840.1.113883.6.96,Eligible Clinicians,Colorectal Cancer Screening,CMS130v14,Not Applicable,14,aa2a4bbc-864f-45ee-b17a-7ebcc62e6aac,Ambulatory,No
Encounter,2.16.840.1.113883.3.666.5.307,Encounter Inpatient,20200307,eCQM Update 2025-05-08,Extensional,,,SNOMEDCT,2024-09,2.16.840.1.113883.6.96,Eligible Clinicians,Colorectal Cancer Screening,CMS130v14,Not Applicable,14,aa2a4bbc-864f-45ee-b17a-7ebcc62e6aac,Ambulatory,No
Encounter,2.16.840.1.113883.3.464.1003.101.12.1088,Frailty Encounter,20210224,eCQM Update 2025-05-08,Grouping,2.16.840.1.113883.3.464.1003.101.11.1279,Frailty Encounter,HCPCS,2025,2.16.840.1.113883.6.285,Eligible Clinicians,Colorectal Cancer Screening,CMS130v14,Not Applicable,14,aa2a4bbc-864f-45ee-b17a-7ebcc62e6aac,Ambulatory,No
Encounter,2.16.840.1.113883.3.464.1003.101.12.1088,Frailty Encounter,20210224,eCQM Update 2025-05-08,Grouping,2.16.840.1.113883.3.464.1003.101.11.1276,Frailty Encounter,CPT,2025,2.16.840.1.113883.6.12,Eligible Clinicians,Colorectal Cancer Screening,CMS130v14,Not Applicable,14,aa2a4bbc-864f-45ee-b17a-7ebcc62e6aac,Ambulatory,No
Encounter,2.16.840.1.113883.3.464.1003.101.12.1016,Home Healthcare Services,20240110,eCQM Update 2025-05-08,Grouping,2.16.840.1.113883.3.464.1003.101.11.1080,Home Healthcare Services,CPT,2025,2.16.840.1.113883.6.12,Eligible Clinicians,Colorectal Cancer Screening,CMS130v14,Not Applicable,14,aa2a4bbc-864f-45ee-b17a-7ebcc62e6aac,Ambulatory,No
Encounter,2.16.840.1.113883.3.464.1003.101.12.1016,Home Healthcare Services,20240110,eCQM Update 2025-05-08,Grouping,2.16.840.1.113883.3.464.1003.101.11.1265,Home Healthcare Services,SNOMEDCT,2024-09,2.16.840.1.113883.6.96,Eligible Clinicians,Colorectal Cancer Screening,CMS130v14,Not Applicable,14,aa2a4bbc-864f-45ee-b17a-7ebcc62e6aac,Ambulatory,No
Encounter,2.16.840.1.113883.3.464.1003.1003,Hospice Encounter,20210820,eCQM Update 2025-05-08,Grouping,2.16.840.1.113883.3.464.1003.1001,Hospice Encounter,HCPCS,2025,2.16.840.1.113883.6.285,Eligible Clinicians,Colorectal Cancer Screening,CMS130v14,Not Applicable,14,aa2a4bbc-864f-45ee-b17a-7ebcc62e6aac,Ambulatory,No
Encounter,2.16.840.1.113883.3.464.1003.1003,Hospice Encounter,20210820,eCQM Update 2025-05-08,Grouping,2.16.840.1.113883.3.464.1003.1002,Hospice Encounter,SNOMEDCT,2024-09,2.16.840.1.113883.6.96,Eligible Clinicians,Colorectal Cancer Screening,CMS130v14,Not Applicable,14,aa2a4bbc-864f-45ee-b17a-7ebcc62e6aac,Ambulatory,No
Encounter,2.16.840.1.113883.3.464.1003.101.12.1001,Office Visit,20180310,eCQM Update 2025-05-08,Grouping,2.16.840.1.113883.3.464.1003.101.11.1005,Office Visit,CPT,2025,2.16.840.1.113883.6.12,Eligible Clinicians,Colorectal Cancer Screening,CMS130v14,Not Applicable,14,aa2a4bbc-864f-45ee-b17a-7ebcc62e6aac,Ambulatory,No
Encounter,2.16.840.1.113883.3.464.1003.101.12.1001,Office Visit,20180310,eCQM Update 2025-05-08,Grouping,2.16.840.1.113883.3.464.1003.101.11.1264,Office Visit,SNOMEDCT,2024-09,2.16.840.1.113883.6.96,Eligible Clinicians,Colorectal Cancer Screening,CMS130v14,Not Applicable,14,aa2a4bbc-864f-45ee-b17a-7ebcc62e6aac,Ambulatory,No
Encounter,2.16.840.1.113883.3.464.1003.101.12.1090,Palliative Care Encounter,20210224,eCQM Update 2025-05-08,Grouping,2.16.840.1.113883.3.464.1003.101.11.1285,Palliative Encounter,HCPCS,2025,2.16.840.1.113883.6.285,Eligible Clinicians,Colorectal Cancer Screening,CMS130v14,Not Applicable,14,aa2a4bbc-864f-45ee-b17a-7ebcc62e6aac,Ambulatory,No
Encounter,2.16.840.1.113883.3.464.1003.101.12.1090,Palliative Care Encounter,20210224,eCQM Update 2025-05-08,Grouping,2.16.840.1.113883.3.464.1003.101.11.1286,Palliative Encounter,SNOMEDCT,2024-09,2.16.840.1.113883.6.96,Eligible Clinicians,Colorectal Cancer Screening,CMS130v14,Not Applicable,14,aa2a4bbc-864f-45ee-b17a-7ebcc62e6aac,Ambulatory,No
Encounter,2.16.840.1.113883.3.464.1003.101.12.1025,"Preventive Care Services Established Office Visit, 18 and Up",20170504,eCQM Update 2025-05-08,Grouping,2.16.840.1.113883.3.464.1003.101.11.1125,"Preventive Care Services Established Office Visit, 18 and Up",CPT,2025,2.16.840.1.113883.6.12,Eligible Clinicians,Colorectal Cancer Screening,CMS130v14,Not Applicable,14,aa2a4bbc-864f-45ee-b17a-7ebcc62e6aac,Ambulatory,No
Encounter,2.16.840.1.113883.3.464.1003.101.12.1023,"Preventive Care Services Initial Office Visit, 18 and Up",20170504,eCQM Update 2025-05-08,Grouping,2.16.840.1.113883.3.464.1003.101.11.1115,"Preventive Care Services Initial Office Visit, 18 and Up",CPT,2025,2.16.840.1.113883.6.12,Eligible Clinicians,Colorectal Cancer Screening,CMS130v14,Not Applicable,14,aa2a4bbc-864f-45ee-b17a-7ebcc62e6aac,Ambulatory,No
Encounter,2.16.840.1.113883.3.464.1003.101.12.1080,Telephone Visits,20250205,eCQM Update 2025-05-08,Grouping,2.16.840.1.113883.3.464.1003.101.11.1260,Telephone Visits,CPT,"2025, 2024",2.16.840.1.113883.6.12,Eligible Clinicians,Colorectal Cancer Screening,CMS130v14,Not Applicable,14,aa2a4bbc-864f-45ee-b17a-7ebcc62e6aac,Ambulatory,No
Encounter,2.16.840.1.113883.3.464.1003.101.12.1080,Telephone Visits,20250205,eCQM Update 2025-05-08,Grouping,2.16.840.1.113883.3.464.1003.101.11.1287,Telephone Visits,SNOMEDCT,2024-09,2.16.840.1.113883.6.96,Eligible Clinicians,Colorectal Cancer Screening,CMS130v14,Not Applicable,14,aa2a4bbc-864f-45ee-b17a-7ebcc62e6aac,Ambulatory,No
Encounter,2.16.840.1.113883.3.464.1003.101.12.1089,Virtual Encounter,20210224,eCQM Update 2025-05-08,Grouping,2.16.840.1.113883.3.464.1003.101.11.1282,Virtual Encounter,HCPCS,"2025, 2024",2.16.840.1.113883.6.285,Eligible Clinicians,Colorectal Cancer Screening,CMS130v14,Not Applicable,14,aa2a4bbc-864f-45ee-b17a-7ebcc62e6aac,Ambulatory,No
Encounter,2.16.840.1.113883.3.464.1003.101.12.1089,Virtual Encounter,20210224,eCQM Update 2025-05-08,Grouping,2.16.840.1.113883.3.464.1003.101.11.1281,Virtual Encounter,CPT,2025,2.16.840.1.113883.6.12,Eligible Clinicians,Colorectal Cancer Screening,CMS130v14,Not Applicable,14,aa2a4bbc-864f-45ee-b17a-7ebcc62e6aac,Ambulatory,No
Individual Characteristic,2.16.840.1.114222.4.11.837,Ethnicity,20121025,eCQM Update 2025-05-08,Extensional,,,CDCREC,1.2,2.16.840.1.113883.6.238,Eligible Clinicians,Colorectal Cancer Screening,CMS130v14,Not Applicable,14,aa2a4bbc-864f-45ee-b17a-7ebcc62e6aac,Ambulatory,Yes
Individual Characteristic,2.16.840.1.113762.1.4.1021.121,Federal Administrative Sex,20250228,eCQM Update 2025-05-08,Extensional,,,SNOMEDCT,2024-09,2.16.840.1.113883.6.96,Eligible Clinicians,Colorectal Cancer Screening,CMS130v14,Not Applicable,14,aa2a4bbc-864f-45ee-b17a-7ebcc62e6aac,Ambulatory,Yes
Individual Characteristic,2.16.840.1.114222.4.11.3591,Payer Type,20221118,eCQM Update 2025-05-08,Intensional,,,SOP,9.2,2.16.840.1.113883.3.221.5,Eligible Clinicians,Colorectal Cancer Screening,CMS130v14,Not Applicable,14,aa2a4bbc-864f-45ee-b17a-7ebcc62e6aac,Ambulatory,Yes
Individual Characteristic,2.16.840.1.114222.4.11.836,Race,20121025,eCQM Update 2025-05-08,Extensional,,,CDCREC,1.2,2.16.840.1.113883.6.238,Eligible Clinicians,Colorectal Cancer Screening,CMS130v14,Not Applicable,14,aa2a4bbc-864f-45ee-b17a-7ebcc62e6aac,Ambulatory,Yes
Intervention,2.16.840.1.113883.3.526.3.1584,Hospice Care Ambulatory,20210825,eCQM Update 2025-05-08,Grouping,2.16.840.1.113883.3.464.1003.1008,Hospice Care Ambulatory,HCPCS,2025,2.16.840.1.113883.6.285,Eligible Clinicians,Colorectal Cancer Screening,CMS130v14,Not Applicable,14,aa2a4bbc-864f-45ee-b17a-7ebcc62e6aac,Ambulatory,No
Intervention,2.16.840.1.113883.3.526.3.1584,Hospice Care Ambulatory,20210825,eCQM Update 2025-05-08,Grouping,2.16.840.1.113883.3.464.1003.1007,Hospice Care Ambulatory,CPT,2025,2.16.840.1.113883.6.12,Eligible Clinicians,Colorectal Cancer Screening,CMS130v14,Not Applicable,14,aa2a4bbc-864f-45ee-b17a-7ebcc62e6aac,Ambulatory,No
Intervention,2.16.840.1.113883.3.526.3.1584,Hospice Care Ambulatory,20210825,eCQM Update 2025-05-08,Grouping,2.16.840.1.113762.1.4.1108.15,Hospice Care Ambulatory,SNOMEDCT,2024-09,2.16.840.1.113883.6.96,Eligible Clinicians,Colorectal Cancer Screening,CMS130v14,Not Applicable,14,aa2a4bbc-864f-45ee-b17a-7ebcc62e6aac,Ambulatory,No
Intervention,2.16.840.1.113883.3.464.1003.198.12.1135,Palliative Care Intervention,20210224,eCQM Update 2025-05-08,Grouping,2.16.840.1.113883.3.464.1003.198.11.1148,Palliative Intervention,SNOMEDCT,2024-09,2.16.840.1.113883.6.96,Eligible Clinicians,Colorectal Cancer Screening,CMS130v14,Not Applicable,14,aa2a4bbc-864f-45ee-b17a-7ebcc62e6aac,Ambulatory,No
Laboratory Test,2.16.840.1.113883.3.464.1003.198.12.1011,Fecal Occult Blood Test (FOBT),20171219,eCQM Update 2025-05-08,Grouping,2.16.840.1.113883.3.464.1003.198.11.1020,Fecal Occult Blood Test (FOBT),LOINC,2.78,2.16.840.1.113883.6.1,Eligible Clinicians,Colorectal Cancer Screening,CMS130v14,Not Applicable,14,aa2a4bbc-864f-45ee-b17a-7ebcc62e6aac,Ambulatory,No
Laboratory Test,2.16.840.1.113883.3.464.1003.108.12.1039,sDNA FIT Test,20171219,eCQM Update 2025-05-08,Grouping,2.16.840.1.113883.3.464.1003.108.11.1145,sDNA FIT Test,LOINC,2.78,2.16.840.1.113883.6.1,Eligible Clinicians,Colorectal Cancer Screening,CMS130v14,Not Applicable,14,aa2a4bbc-864f-45ee-b17a-7ebcc62e6aac,Ambulatory,No
Medication,2.16.840.1.113883.3.464.1003.196.12.1510,Dementia Medications,20190315,eCQM Update 2025-05-08,Grouping,2.16.840.1.113883.3.464.1003.196.11.1517,Dementia Medications,RXNORM,2025-01,2.16.840.1.113883.6.88,Eligible Clinicians,Colorectal Cancer Screening,CMS130v14,Not Applicable,14,aa2a4bbc-864f-45ee-b17a-7ebcc62e6aac,Ambulatory,No
Procedure,2.16.840.1.113883.3.464.1003.108.12.1020,Colonoscopy,20171219,eCQM Update 2025-05-08,Grouping,2.16.840.1.113883.3.464.1003.108.11.1052,Colonoscopy,HCPCS,2025,2.16.840.1.113883.6.285,Eligible Clinicians,Colorectal Cancer Screening,CMS130v14,Not Applicable,14,aa2a4bbc-864f-45ee-b17a-7ebcc62e6aac,Ambulatory,No
Procedure,2.16.840.1.113883.3.464.1003.108.12.1020,Colonoscopy,20171219,eCQM Update 2025-05-08,Grouping,2.16.840.1.113883.3.464.1003.108.11.1053,Colonoscopy,SNOMEDCT,"2024-09, 2022-03",2.16.840.1.113883.6.96,Eligible Clinicians,Colorectal Cancer Screening,CMS130v14,Not Applicable,14,aa2a4bbc-864f-45ee-b17a-7ebcc62e6aac,Ambulatory,No
Procedure,2.16.840.1.113883.3.464.1003.108.12.1020,Colonoscopy,20171219,eCQM Update 2025-05-08,Grouping,2.16.840.1.113883.3.464.1003.108.11.1051,Colonoscopy,CPT,2025,2.16.840.1.113883.6.12,Eligible Clinicians,Colorectal Cancer Screening,CMS130v14,Not Applicable,14,aa2a4bbc-864f-45ee-b17a-7ebcc62e6aac,Ambulatory,No
Procedure,2.16.840.1.113883.3.464.1003.198.12.1010,Flexible Sigmoidoscopy,20171219,eCQM Update 2025-05-08,Grouping,2.16.840.1.113883.3.464.1003.198.11.1015,Flexible Sigmoidoscopy,CPT,2025,2.16.840.1.113883.6.12,Eligible Clinicians,Colorectal Cancer Screening,CMS130v14,Not Applicable,14,aa2a4bbc-864f-45ee-b17a-7ebcc62e6aac,Ambulatory,No
Procedure,2.16.840.1.113883.3.464.1003.198.12.1010,Flexible Sigmoidoscopy,20171219,eCQM Update 2025-05-08,Grouping,2.16.840.1.113883.3.464.1003.198.11.1016,Flexible Sigmoidoscopy,HCPCS,2025,2.16.840.1.113883.6.285,Eligible Clinicians,Colorectal Cancer Screening,CMS130v14,Not Applicable,14,aa2a4bbc-864f-45ee-b17a-7ebcc62e6aac,Ambulatory,No
Procedure,2.16.840.1.113883.3.464.1003.198.12.1010,Flexible Sigmoidoscopy,20171219,eCQM Update 2025-05-08,Grouping,2.16.840.1.113883.3.464.1003.198.11.1017,Flexible Sigmoidoscopy,SNOMEDCT,2024-09,2.16.840.1.113883.6.96,Eligible Clinicians,Colorectal Cancer Screening,CMS130v14,Not Applicable,14,aa2a4bbc-864f-45ee-b17a-7ebcc62e6aac,Ambulatory,No
Procedure,2.16.840.1.113883.3.464.1003.198.12.1019,Total Colectomy,20240112,eCQM Update 2025-05-08,Grouping,2.16.840.1.113883.3.464.1003.198.11.1143,Total Colectomy,ICD10PCS,2025,2.16.840.1.113883.6.4,Eligible Clinicians,Colorectal Cancer Screening,CMS130v14,Not Applicable,14,aa2a4bbc-864f-45ee-b17a-7ebcc62e6aac,Ambulatory,No
Procedure,2.16.840.1.113883.3.464.1003.198.12.1019,Total Colectomy,20240112,eCQM Update 2025-05-08,Grouping,2.16.840.1.113883.3.464.1003.198.11.1036,Total Colectomy,CPT,"2025, 2006",2.16.840.1.113883.6.12,Eligible Clinicians,Colorectal Cancer Screening,CMS130v14,Not Applicable,14,aa2a4bbc-864f-45ee-b17a-7ebcc62e6aac,Ambulatory,No
Procedure,2.16.840.1.113883.3.464.1003.198.12.1019,Total Colectomy,20240112,eCQM Update 2025-05-08,Grouping,2.16.840.1.113883.3.464.1003.198.11.1035,Total Colectomy,SNOMEDCT,2024-09,2.16.840.1.113883.6.96,Eligible Clinicians,Colorectal Cancer Screening,CMS130v14,Not Applicable,14,aa2a4bbc-864f-45ee-b17a-7ebcc62e6aac,Ambulatory,No
Symptom,2.16.840.1.113883.3.464.1003.113.12.1075,Frailty Symptom,20190315,eCQM Update 2025-05-08,Grouping,2.16.840.1.113883.3.464.1003.113.11.1310,Frailty Symptom,ICD10CM,2025,2.16.840.1.113883.6.90,Eligible Clinicians,Colorectal Cancer Screening,CMS130v14,Not Applicable,14,aa2a4bbc-864f-45ee-b17a-7ebcc62e6aac,Ambulatory,No
Symptom,2.16.840.1.113883.3.464.1003.113.12.1075,Frailty Symptom,20190315,eCQM Update 2025-05-08,Grouping,2.16.840.1.113883.3.464.1003.113.11.1311,Frailty Symptom,SNOMEDCT,2024-09,2.16.840.1.113883.6.96,Eligible Clinicians,Colorectal Cancer Screening,CMS130v14,Not Applicable,14,aa2a4bbc-864f-45ee-b17a-7ebcc62e6aac,Ambulatory,No
Condition/Diagnosis/Problem,2.16.840.1.113883.3.464.1003.110.12.1082,Advanced Illness,20190315,eCQM Update 2025-05-08,Grouping,2.16.840.1.113883.3.464.1003.110.11.1150,Advanced Illness,ICD10CM,2025,2.16.840.1.113883.6.90,Eligible Clinicians,Diabetes: Eye Exam,CMS131v14,Not Applicable,14,d90bdab4-b9d2-4329-9993-5c34e2c0dc66,Ambulatory,No
Condition/Diagnosis/Problem,2.16.840.1.113883.3.464.1003.110.12.1082,Advanced Illness,20190315,eCQM Update 2025-05-08,Grouping,2.16.840.1.113883.3.464.1003.110.11.1151,Advanced Illness,SNOMEDCT,"2024-09, 2024-03, 2023-09",2.16.840.1.113883.6.96,Eligible Clinicians,Diabetes: Eye Exam,CMS131v14,Not Applicable,14,d90bdab4-b9d2-4329-9993-5c34e2c0dc66,Ambulatory,No
Condition/Diagnosis/Problem,2.16.840.1.113883.3.464.1003.103.12.1001,Diabetes,20250115,eCQM Update 2025-05-08,Grouping,2.16.840.1.113883.3.464.1003.1273,Diabetes,SNOMEDCT,2024-09,2.16.840.1.113883.6.96,Eligible Clinicians,Diabetes: Eye Exam,CMS131v14,Not Applicable,14,d90bdab4-b9d2-4329-9993-5c34e2c0dc66,Ambulatory,No
Condition/Diagnosis/Problem,2.16.840.1.113883.3.464.1003.103.12.1001,Diabetes,20250115,eCQM Update 2025-05-08,Grouping,2.16.840.1.113883.3.464.1003.1272,Diabetes,ICD10CM,2025,2.16.840.1.113883.6.90,Eligible Clinicians,Diabetes: Eye Exam,CMS131v14,Not Applicable,14,d90bdab4-b9d2-4329-9993-5c34e2c0dc66,Ambulatory,No
Condition/Diagnosis/Problem,2.16.840.1.113883.3.526.3.327,Diabetic Retinopathy,20210218,eCQM Update 2025-05-08,Grouping,2.16.840.1.113883.3.526.2.76,Diabetic Retinopathy,ICD10CM,2025,2.16.840.1.113883.6.90,Eligible Clinicians,Diabetes: Eye Exam,CMS131v14,Not Applicable,14,d90bdab4-b9d2-4329-9993-5c34e2c0dc66,Ambulatory,No
Condition/Diagnosis/Problem,2.16.840.1.113883.3.526.3.327,Diabetic Retinopathy,20210218,eCQM Update 2025-05-08,Grouping,2.16.840.1.113883.3.526.2.80,Diabetic Retinopathy,SNOMEDCT,2024-09,2.16.840.1.113883.6.96,Eligible Clinicians,Diabetes: Eye Exam,CMS131v14,Not Applicable,14,d90bdab4-b9d2-4329-9993-5c34e2c0dc66,Ambulatory,No
Condition/Diagnosis/Problem,2.16.840.1.113883.3.464.1003.113.12.1074,Frailty Diagnosis,20190315,eCQM Update 2025-05-08,Grouping,2.16.840.1.113883.3.464.1003.113.11.1308,Frailty Diagnosis,ICD10CM,2025,2.16.840.1.113883.6.90,Eligible Clinicians,Diabetes: Eye Exam,CMS131v14,Not Applicable,14,d90bdab4-b9d2-4329-9993-5c34e2c0dc66,Ambulatory,No
Condition/Diagnosis/Problem,2.16.840.1.113883.3.464.1003.113.12.1074,Frailty Diagnosis,20190315,eCQM Update 2025-05-08,Grouping,2.16.840.1.113883.3.464.1003.113.11.1309,Frailty Diagnosis,SNOMEDCT,2024-09,2.16.840.1.113883.6.96,Eligible Clinicians,Diabetes: Eye Exam,CMS131v14,Not Applicable,14,d90bdab4-b9d2-4329-9993-5c34e2c0dc66,Ambulatory,No
Condition/Diagnosis/Problem,2.16.840.1.113883.3.464.1003.1165,Hospice Diagnosis,20220818,eCQM Update 2025-05-08,Grouping,2.16.840.1.113883.3.464.1003.1166,Hospice Diagnosis,SNOMEDCT,2024-09,2.16.840.1.113883.6.96,Eligible Clinicians,Diabetes: Eye Exam,CMS131v14,Not Applicable,14,d90bdab4-b9d2-4329-9993-5c34e2c0dc66,Ambulatory,No
Condition/Diagnosis/Problem,2.16.840.1.113883.3.464.1003.1167,Palliative Care Diagnosis,20220820,eCQM Update 2025-05-08,Grouping,2.16.840.1.113883.3.464.1003.1168,Palliative Care Diagnosis,SNOMEDCT,2024-09,2.16.840.1.113883.6.96,Eligible Clinicians,Diabetes: Eye Exam,CMS131v14,Not Applicable,14,d90bdab4-b9d2-4329-9993-5c34e2c0dc66,Ambulatory,No
Condition/Diagnosis/Problem,2.16.840.1.113883.3.464.1003.1167,Palliative Care Diagnosis,20220820,eCQM Update 2025-05-08,Grouping,2.16.840.1.113883.3.464.1003.1169,Palliative Care Diagnosis,ICD10CM,2025,2.16.840.1.113883.6.90,Eligible Clinicians,Diabetes: Eye Exam,CMS131v14,Not Applicable,14,d90bdab4-b9d2-4329-9993-5c34e2c0dc66,Ambulatory,No
Device,2.16.840.1.113883.3.464.1003.118.12.1300,Frailty Device,20200310,eCQM Update 2025-05-08,Grouping,2.16.840.1.113883.3.464.1003.118.11.1220,Frailty Device SNOMED,SNOMEDCT,"2024-09, 2022-09",2.16.840.1.113883.6.96,Eligible Clinicians,Diabetes: Eye Exam,CMS131v14,Not Applicable,14,d90bdab4-b9d2-4329-9993-5c34e2c0dc66,Ambulatory,No
Encounter,2.16.840.1.113883.3.526.3.1240,Annual Wellness Visit,20190315,eCQM Update 2025-05-08,Grouping,2.16.840.1.113883.3.526.2.1363,Annual Wellness Visit,HCPCS,2025,2.16.840.1.113883.6.285,Eligible Clinicians,Diabetes: Eye Exam,CMS131v14,Not Applicable,14,d90bdab4-b9d2-4329-9993-5c34e2c0dc66,Ambulatory,No
Encounter,2.16.840.1.113883.3.526.3.1240,Annual Wellness Visit,20190315,eCQM Update 2025-05-08,Grouping,2.16.840.1.113883.3.526.2.1772,Annual Wellness Visit,SNOMEDCT,2024-09,2.16.840.1.113883.6.96,Eligible Clinicians,Diabetes: Eye Exam,CMS131v14,Not Applicable,14,d90bdab4-b9d2-4329-9993-5c34e2c0dc66,Ambulatory,No
Encounter,2.16.840.1.113883.3.666.5.307,Encounter Inpatient,20200307,eCQM Update 2025-05-08,Extensional,,,SNOMEDCT,2024-09,2.16.840.1.113883.6.96,Eligible Clinicians,Diabetes: Eye Exam,CMS131v14,Not Applicable,14,d90bdab4-b9d2-4329-9993-5c34e2c0dc66,Ambulatory,No
Encounter,2.16.840.1.113883.3.464.1003.101.12.1088,Frailty Encounter,20210224,eCQM Update 2025-05-08,Grouping,2.16.840.1.113883.3.464.1003.101.11.1279,Frailty Encounter,HCPCS,2025,2.16.840.1.113883.6.285,Eligible Clinicians,Diabetes: Eye Exam,CMS131v14,Not Applicable,14,d90bdab4-b9d2-4329-9993-5c34e2c0dc66,Ambulatory,No
Encounter,2.16.840.1.113883.3.464.1003.101.12.1088,Frailty Encounter,20210224,eCQM Update 2025-05-08,Grouping,2.16.840.1.113883.3.464.1003.101.11.1276,Frailty Encounter,CPT,2025,2.16.840.1.113883.6.12,Eligible Clinicians,Diabetes: Eye Exam,CMS131v14,Not Applicable,14,d90bdab4-b9d2-4329-9993-5c34e2c0dc66,Ambulatory,No
Encounter,2.16.840.1.113883.3.464.1003.101.12.1016,Home Healthcare Services,20240110,eCQM Update 2025-05-08,Grouping,2.16.840.1.113883.3.464.1003.101.11.1265,Home Healthcare Services,SNOMEDCT,2024-09,2.16.840.1.113883.6.96,Eligible Clinicians,Diabetes: Eye Exam,CMS131v14,Not Applicable,14,d90bdab4-b9d2-4329-9993-5c34e2c0dc66,Ambulatory,No
Encounter,2.16.840.1.113883.3.464.1003.101.12.1016,Home Healthcare Services,20240110,eCQM Update 2025-05-08,Grouping,2.16.840.1.113883.3.464.1003.101.11.1080,Home Healthcare Services,CPT,2025,2.16.840.1.113883.6.12,Eligible Clinicians,Diabetes: Eye Exam,CMS131v14,Not Applicable,14,d90bdab4-b9d2-4329-9993-5c34e2c0dc66,Ambulatory,No
Encounter,2.16.840.1.113883.3.464.1003.1003,Hospice Encounter,20210820,eCQM Update 2025-05-08,Grouping,2.16.840.1.113883.3.464.1003.1001,Hospice Encounter,HCPCS,2025,2.16.840.1.113883.6.285,Eligible Clinicians,Diabetes: Eye Exam,CMS131v14,Not Applicable,14,d90bdab4-b9d2-4329-9993-5c34e2c0dc66,Ambulatory,No
Encounter,2.16.840.1.113883.3.464.1003.1003,Hospice Encounter,20210820,eCQM Update 2025-05-08,Grouping,2.16.840.1.113883.3.464.1003.1002,Hospice Encounter,SNOMEDCT,2024-09,2.16.840.1.113883.6.96,Eligible Clinicians,Diabetes: Eye Exam,CMS131v14,Not Applicable,14,d90bdab4-b9d2-4329-9993-5c34e2c0dc66,Ambulatory,No
Encounter,2.16.840.1.113883.3.464.1003.101.12.1001,Office Visit,20180310,eCQM Update 2025-05-08,Grouping,2.16.840.1.113883.3.464.1003.101.11.1005,Office Visit,CPT,2025,2.16.840.1.113883.6.12,Eligible Clinicians,Diabetes: Eye Exam,CMS131v14,Not Applicable,14,d90bdab4-b9d2-4329-9993-5c34e2c0dc66,Ambulatory,No
Encounter,2.16.840.1.113883.3.464.1003.101.12.1001,Office Visit,20180310,eCQM Update 2025-05-08,Grouping,2.16.840.1.113883.3.464.1003.101.11.1264,Office Visit,SNOMEDCT,2024-09,2.16.840.1.113883.6.96,Eligible Clinicians,Diabetes: Eye Exam,CMS131v14,Not Applicable,14,d90bdab4-b9d2-4329-9993-5c34e2c0dc66,Ambulatory,No
Encounter,2.16.840.1.113883.3.526.3.1285,Ophthalmological Services,20210209,eCQM Update 2025-05-08,Grouping,2.16.840.1.113883.3.526.2.111,Ophthalmological Services,CPT,2025,2.16.840.1.113883.6.12,Eligible Clinicians,Diabetes: Eye Exam,CMS131v14,Not Applicable,14,d90bdab4-b9d2-4329-9993-5c34e2c0dc66,Ambulatory,No
Encounter,2.16.840.1.113883.3.526.3.1285,Ophthalmological Services,20210209,eCQM Update 2025-05-08,Grouping,2.16.840.1.113883.3.526.2.1771,Ophthalmological Services,SNOMEDCT,2024-09,2.16.840.1.113883.6.96,Eligible Clinicians,Diabetes: Eye Exam,CMS131v14,Not Applicable,14,d90bdab4-b9d2-4329-9993-5c34e2c0dc66,Ambulatory,No
Encounter,2.16.840.1.113883.3.464.1003.101.12.1090,Palliative Care Encounter,20210224,eCQM Update 2025-05-08,Grouping,2.16.840.1.113883.3.464.1003.101.11.1285,Palliative Encounter,HCPCS,2025,2.16.840.1.113883.6.285,Eligible Clinicians,Diabetes: Eye Exam,CMS131v14,Not Applicable,14,d90bdab4-b9d2-4329-9993-5c34e2c0dc66,Ambulatory,No
Encounter,2.16.840.1.113883.3.464.1003.101.12.1090,Palliative Care Encounter,20210224,eCQM Update 2025-05-08,Grouping,2.16.840.1.113883.3.464.1003.101.11.1286,Palliative Encounter,SNOMEDCT,2024-09,2.16.840.1.113883.6.96,Eligible Clinicians,Diabetes: Eye Exam,CMS131v14,Not Applicable,14,d90bdab4-b9d2-4329-9993-5c34e2c0dc66,Ambulatory,No
Encounter,2.16.840.1.113883.3.464.1003.101.12.1025,"Preventive Care Services Established Office Visit, 18 and Up",20170504,eCQM Update 2025-05-08,Grouping,2.16.840.1.113883.3.464.1003.101.11.1125,"Preventive Care Services Established Office Visit, 18 and Up",CPT,2025,2.16.840.1.113883.6.12,Eligible Clinicians,Diabetes: Eye Exam,CMS131v14,Not Applicable,14,d90bdab4-b9d2-4329-9993-5c34e2c0dc66,Ambulatory,No
Encounter,2.16.840.1.113883.3.464.1003.101.12.1023,"Preventive Care Services Initial Office Visit, 18 and Up",20170504,eCQM Update 2025-05-08,Grouping,2.16.840.1.113883.3.464.1003.101.11.1115,"Preventive Care Services Initial Office Visit, 18 and Up",CPT,2025,2.16.840.1.113883.6.12,Eligible Clinicians,Diabetes: Eye Exam,CMS131v14,Not Applicable,14,d90bdab4-b9d2-4329-9993-5c34e2c0dc66,Ambulatory,No
Encounter,2.16.840.1.113883.3.464.1003.101.12.1080,Telephone Visits,20250205,eCQM Update 2025-05-08,Grouping,2.16.840.1.113883.3.464.1003.101.11.1287,Telephone Visits,SNOMEDCT,2024-09,2.16.840.1.113883.6.96,Eligible Clinicians,Diabetes: Eye Exam,CMS131v14,Not Applicable,14,d90bdab4-b9d2-4329-9993-5c34e2c0dc66,Ambulatory,No
Encounter,2.16.840.1.113883.3.464.1003.101.12.1080,Telephone Visits,20250205,eCQM Update 2025-05-08,Grouping,2.16.840.1.113883.3.464.1003.101.11.1260,Telephone Visits,CPT,"2025, 2024",2.16.840.1.113883.6.12,Eligible Clinicians,Diabetes: Eye Exam,CMS131v14,Not Applicable,14,d90bdab4-b9d2-4329-9993-5c34e2c0dc66,Ambulatory,No
Individual Characteristic,2.16.840.1.114222.4.11.837,Ethnicity,20121025,eCQM Update 2025-05-08,Extensional,,,CDCREC,1.2,2.16.840.1.113883.6.238,Eligible Clinicians,Diabetes: Eye Exam,CMS131v14,Not Applicable,14,d90bdab4-b9d2-4329-9993-5c34e2c0dc66,Ambulatory,Yes
Individual Characteristic,2.16.840.1.113762.1.4.1021.121,Federal Administrative Sex,20250228,eCQM Update 2025-05-08,Extensional,,,SNOMEDCT,2024-09,2.16.840.1.113883.6.96,Eligible Clinicians,Diabetes: Eye Exam,CMS131v14,Not Applicable,14,d90bdab4-b9d2-4329-9993-5c34e2c0dc66,Ambulatory,Yes
Individual Characteristic,2.16.840.1.114222.4.11.3591,Payer Type,20221118,eCQM Update 2025-05-08,Intensional,,,SOP,9.2,2.16.840.1.113883.3.221.5,Eligible Clinicians,Diabetes: Eye Exam,CMS131v14,Not Applicable,14,d90bdab4-b9d2-4329-9993-5c34e2c0dc66,Ambulatory,Yes
Individual Characteristic,2.16.840.1.114222.4.11.836,Race,20121025,eCQM Update 2025-05-08,Extensional,,,CDCREC,1.2,2.16.840.1.113883.6.238,Eligible Clinicians,Diabetes: Eye Exam,CMS131v14,Not Applicable,14,d90bdab4-b9d2-4329-9993-5c34e2c0dc66,Ambulatory,Yes
Intervention,2.16.840.1.113883.3.526.3.1584,Hospice Care Ambulatory,20210825,eCQM Update 2025-05-08,Grouping,2.16.840.1.113883.3.464.1003.1008,Hospice Care Ambulatory,HCPCS,2025,2.16.840.1.113883.6.285,Eligible Clinicians,Diabetes: Eye Exam,CMS131v14,Not Applicable,14,d90bdab4-b9d2-4329-9993-5c34e2c0dc66,Ambulatory,No
Intervention,2.16.840.1.113883.3.526.3.1584,Hospice Care Ambulatory,20210825,eCQM Update 2025-05-08,Grouping,2.16.840.1.113883.3.464.1003.1007,Hospice Care Ambulatory,CPT,2025,2.16.840.1.113883.6.12,Eligible Clinicians,Diabetes: Eye Exam,CMS131v14,Not Applicable,14,d90bdab4-b9d2-4329-9993-5c34e2c0dc66,Ambulatory,No
Intervention,2.16.840.1.113883.3.526.3.1584,Hospice Care Ambulatory,20210825,eCQM Update 2025-05-08,Grouping,2.16.840.1.113762.1.4.1108.15,Hospice Care Ambulatory,SNOMEDCT,2024-09,2.16.840.1.113883.6.96,Eligible Clinicians,Diabetes: Eye Exam,CMS131v14,Not Applicable,14,d90bdab4-b9d2-4329-9993-5c34e2c0dc66,Ambulatory,No
Intervention,2.16.840.1.113883.3.464.1003.198.12.1135,Palliative Care Intervention,20210224,eCQM Update 2025-05-08,Grouping,2.16.840.1.113883.3.464.1003.198.11.1148,Palliative Intervention,SNOMEDCT,2024-09,2.16.840.1.113883.6.96,Eligible Clinicians,Diabetes: Eye Exam,CMS131v14,Not Applicable,14,d90bdab4-b9d2-4329-9993-5c34e2c0dc66,Ambulatory,No
Medication,2.16.840.1.113883.3.464.1003.196.12.1510,Dementia Medications,20190315,eCQM Update 2025-05-08,Grouping,2.16.840.1.113883.3.464.1003.196.11.1517,Dementia Medications,RXNORM,2025-01,2.16.840.1.113883.6.88,Eligible Clinicians,Diabetes: Eye Exam,CMS131v14,Not Applicable,14,d90bdab4-b9d2-4329-9993-5c34e2c0dc66,Ambulatory,No
Physical Exam,2.16.840.1.113883.3.464.1003.115.12.1088,Retinal or Dilated Eye Exam,20170504,eCQM Update 2025-05-08,Grouping,2.16.840.1.113883.3.464.1003.115.11.1248,Retinal or Dilated Eye Exam,SNOMEDCT,2024-09,2.16.840.1.113883.6.96,Eligible Clinicians,Diabetes: Eye Exam,CMS131v14,Not Applicable,14,d90bdab4-b9d2-4329-9993-5c34e2c0dc66,Ambulatory,No
Symptom,2.16.840.1.113883.3.464.1003.113.12.1075,Frailty Symptom,20190315,eCQM Update 2025-05-08,Grouping,2.16.840.1.113883.3.464.1003.113.11.1310,Frailty Symptom,ICD10CM,2025,2.16.840.1.113883.6.90,Eligible Clinicians,Diabetes: Eye Exam,CMS131v14,Not Applicable,14,d90bdab4-b9d2-4329-9993-5c34e2c0dc66,Ambulatory,No
Symptom,2.16.840.1.113883.3.464.1003.113.12.1075,Frailty Symptom,20190315,eCQM Update 2025-05-08,Grouping,2.16.840.1.113883.3.464.1003.113.11.1311,Frailty Symptom,SNOMEDCT,2024-09,2.16.840.1.113883.6.96,Eligible Clinicians,Diabetes: Eye Exam,CMS131v14,Not Applicable,14,d90bdab4-b9d2-4329-9993-5c34e2c0dc66,Ambulatory,No
,2.16.840.1.113883.3.464.1004.2616,Autonomous Eye Exam Result or Finding,20250130,eCQM Update 2025-05-08,Extensional,,,LOINC,2.78,2.16.840.1.113883.6.1,Eligible Clinicians,Diabetes: Eye Exam,CMS131v14,Not Applicable,14,d90bdab4-b9d2-4329-9993-5c34e2c0dc66,Ambulatory,No
,2.16.840.1.113883.3.464.1003.1266,Diabetic Retinopathy Severity Level,20250109,eCQM Update 2025-05-08,Extensional,,,LOINC,2.78,2.16.840.1.113883.6.1,Eligible Clinicians,Diabetes: Eye Exam,CMS131v14,Not Applicable,14,d90bdab4-b9d2-4329-9993-5c34e2c0dc66,Ambulatory,No
Condition/Diagnosis/Problem,2.16.840.1.113883.3.526.3.1241,Acute and Subacute Iridocyclitis,20210210,eCQM Update 2025-05-08,Grouping,2.16.840.1.113883.3.526.2.1509,Acute and Subacute Iridocyclitis,SNOMEDCT,2024-09,2.16.840.1.113883.6.96,Eligible Clinicians,Cataracts: 20/40 or Better Visual Acuity within 90 Days Following Cataract Surgery,CMS133v14,0565e,14,39e0424a-1727-4629-89e2-c46c2fbb3f5f,Ambulatory,No
Condition/Diagnosis/Problem,2.16.840.1.113883.3.526.3.1241,Acute and Subacute Iridocyclitis,20210210,eCQM Update 2025-05-08,Grouping,2.16.840.1.113883.3.526.2.1344,Acute and Subacute Iridocyclitis,ICD10CM,2025,2.16.840.1.113883.6.90,Eligible Clinicians,Cataracts: 20/40 or Better Visual Acuity within 90 Days Following Cataract Surgery,CMS133v14,0565e,14,39e0424a-1727-4629-89e2-c46c2fbb3f5f,Ambulatory,No
Condition/Diagnosis/Problem,2.16.840.1.113883.3.526.3.1448,Amblyopia,20210210,eCQM Update 2025-05-08,Grouping,2.16.840.1.113883.3.526.2.1626,Amblyopia,ICD10CM,2025,2.16.840.1.113883.6.90,Eligible Clinicians,Cataracts: 20/40 or Better Visual Acuity within 90 Days Following Cataract Surgery,CMS133v14,0565e,14,39e0424a-1727-4629-89e2-c46c2fbb3f5f,Ambulatory,No
Condition/Diagnosis/Problem,2.16.840.1.113883.3.526.3.1448,Amblyopia,20210210,eCQM Update 2025-05-08,Grouping,2.16.840.1.113883.3.526.2.1628,Amblyopia,SNOMEDCT,2024-09,2.16.840.1.113883.6.96,Eligible Clinicians,Cataracts: 20/40 or Better Visual Acuity within 90 Days Following Cataract Surgery,CMS133v14,0565e,14,39e0424a-1727-4629-89e2-c46c2fbb3f5f,Ambulatory,No
Condition/Diagnosis/Problem,2.16.840.1.113883.3.526.3.1409,Burn Confined to Eye and Adnexa,20210210,eCQM Update 2025-05-08,Grouping,2.16.840.1.113883.3.526.2.1521,Burn Confined to Eye and Adnexa,SNOMEDCT,2024-09,2.16.840.1.113883.6.96,Eligible Clinicians,Cataracts: 20/40 or Better Visual Acuity within 90 Days Following Cataract Surgery,CMS133v14,0565e,14,39e0424a-1727-4629-89e2-c46c2fbb3f5f,Ambulatory,No
Condition/Diagnosis/Problem,2.16.840.1.113883.3.526.3.1409,Burn Confined to Eye and Adnexa,20210210,eCQM Update 2025-05-08,Grouping,2.16.840.1.113883.3.526.2.1523,Burn Confined to Eye and Adnexa,ICD10CM,2025,2.16.840.1.113883.6.90,Eligible Clinicians,Cataracts: 20/40 or Better Visual Acuity within 90 Days Following Cataract Surgery,CMS133v14,0565e,14,39e0424a-1727-4629-89e2-c46c2fbb3f5f,Ambulatory,No
Condition/Diagnosis/Problem,2.16.840.1.113883.3.526.3.1412,Cataract Congenital,20210210,eCQM Update 2025-05-08,Grouping,2.16.840.1.113883.3.526.2.1530,Cataract Congenital,SNOMEDCT,2024-09,2.16.840.1.113883.6.96,Eligible Clinicians,Cataracts: 20/40 or Better Visual Acuity within 90 Days Following Cataract Surgery,CMS133v14,0565e,14,39e0424a-1727-4629-89e2-c46c2fbb3f5f,Ambulatory,No
Condition/Diagnosis/Problem,2.16.840.1.113883.3.526.3.1412,Cataract Congenital,20210210,eCQM Update 2025-05-08,Grouping,2.16.840.1.113883.3.526.2.1529,Cataract Congenital,ICD10CM,2025,2.16.840.1.113883.6.90,Eligible Clinicians,Cataracts: 20/40 or Better Visual Acuity within 90 Days Following Cataract Surgery,CMS133v14,0565e,14,39e0424a-1727-4629-89e2-c46c2fbb3f5f,Ambulatory,No
Condition/Diagnosis/Problem,2.16.840.1.113883.3.526.3.1413,Cataract Mature or Hypermature,20210210,eCQM Update 2025-05-08,Grouping,2.16.840.1.113883.3.526.2.1534,Cataract Mature or Hypermature,ICD10CM,2025,2.16.840.1.113883.6.90,Eligible Clinicians,Cataracts: 20/40 or Better Visual Acuity within 90 Days Following Cataract Surgery,CMS133v14,0565e,14,39e0424a-1727-4629-89e2-c46c2fbb3f5f,Ambulatory,No
Condition/Diagnosis/Problem,2.16.840.1.113883.3.526.3.1413,Cataract Mature or Hypermature,20210210,eCQM Update 2025-05-08,Grouping,2.16.840.1.113883.3.526.2.1532,Cataract Mature or Hypermature,SNOMEDCT,2024-09,2.16.840.1.113883.6.96,Eligible Clinicians,Cataracts: 20/40 or Better Visual Acuity within 90 Days Following Cataract Surgery,CMS133v14,0565e,14,39e0424a-1727-4629-89e2-c46c2fbb3f5f,Ambulatory,No
Condition/Diagnosis/Problem,2.16.840.1.113883.3.526.3.1414,Cataract Posterior Polar,20210210,eCQM Update 2025-05-08,Grouping,2.16.840.1.113883.3.526.2.1537,Cataract Posterior Polar,ICD10CM,2025,2.16.840.1.113883.6.90,Eligible Clinicians,Cataracts: 20/40 or Better Visual Acuity within 90 Days Following Cataract Surgery,CMS133v14,0565e,14,39e0424a-1727-4629-89e2-c46c2fbb3f5f,Ambulatory,No
Condition/Diagnosis/Problem,2.16.840.1.113883.3.526.3.1414,Cataract Posterior Polar,20210210,eCQM Update 2025-05-08,Grouping,2.16.840.1.113883.3.526.2.1535,Cataract Posterior Polar,SNOMEDCT,2024-09,2.16.840.1.113883.6.96,Eligible Clinicians,Cataracts: 20/40 or Better Visual Acuity within 90 Days Following Cataract Surgery,CMS133v14,0565e,14,39e0424a-1727-4629-89e2-c46c2fbb3f5f,Ambulatory,No
Condition/Diagnosis/Problem,2.16.840.1.113883.3.526.3.1410,Cataract Secondary to Ocular Disorders,20210210,eCQM Update 2025-05-08,Grouping,2.16.840.1.113883.3.526.2.1526,Cataract Secondary to Ocular Disorders,ICD10CM,2025,2.16.840.1.113883.6.90,Eligible Clinicians,Cataracts: 20/40 or Better Visual Acuity within 90 Days Following Cataract Surgery,CMS133v14,0565e,14,39e0424a-1727-4629-89e2-c46c2fbb3f5f,Ambulatory,No
Condition/Diagnosis/Problem,2.16.840.1.113883.3.526.3.1410,Cataract Secondary to Ocular Disorders,20210210,eCQM Update 2025-05-08,Grouping,2.16.840.1.113883.3.526.2.1524,Cataract Secondary to Ocular Disorders,SNOMEDCT,2024-09,2.16.840.1.113883.6.96,Eligible Clinicians,Cataracts: 20/40 or Better Visual Acuity within 90 Days Following Cataract Surgery,CMS133v14,0565e,14,39e0424a-1727-4629-89e2-c46c2fbb3f5f,Ambulatory,No
Condition/Diagnosis/Problem,2.16.840.1.113883.3.526.3.1428,Central Corneal Ulcer,20210210,eCQM Update 2025-05-08,Grouping,2.16.840.1.113883.3.526.2.1577,Central Corneal Ulcer,SNOMEDCT,2024-09,2.16.840.1.113883.6.96,Eligible Clinicians,Cataracts: 20/40 or Better Visual Acuity within 90 Days Following Cataract Surgery,CMS133v14,0565e,14,39e0424a-1727-4629-89e2-c46c2fbb3f5f,Ambulatory,No
Condition/Diagnosis/Problem,2.16.840.1.113883.3.526.3.1428,Central Corneal Ulcer,20210210,eCQM Update 2025-05-08,Grouping,2.16.840.1.113883.3.526.2.1578,Central Corneal Ulcer,ICD10CM,2025,2.16.840.1.113883.6.90,Eligible Clinicians,Cataracts: 20/40 or Better Visual Acuity within 90 Days Following Cataract Surgery,CMS133v14,0565e,14,39e0424a-1727-4629-89e2-c46c2fbb3f5f,Ambulatory,No
Condition/Diagnosis/Problem,2.16.840.1.113883.3.526.3.1415,Certain Types of Iridocyclitis,20210210,eCQM Update 2025-05-08,Grouping,2.16.840.1.113883.3.526.2.1538,Certain Types of Iridocyclitis,SNOMEDCT,2024-09,2.16.840.1.113883.6.96,Eligible Clinicians,Cataracts: 20/40 or Better Visual Acuity within 90 Days Following Cataract Surgery,CMS133v14,0565e,14,39e0424a-1727-4629-89e2-c46c2fbb3f5f,Ambulatory,No
Condition/Diagnosis/Problem,2.16.840.1.113883.3.526.3.1415,Certain Types of Iridocyclitis,20210210,eCQM Update 2025-05-08,Grouping,2.16.840.1.113883.3.526.2.1540,Certain Types of Iridocyclitis,ICD10CM,2025,2.16.840.1.113883.6.90,Eligible Clinicians,Cataracts: 20/40 or Better Visual Acuity within 90 Days Following Cataract Surgery,CMS133v14,0565e,14,39e0424a-1727-4629-89e2-c46c2fbb3f5f,Ambulatory,No
Condition/Diagnosis/Problem,2.16.840.1.113883.3.526.3.1450,Choroidal Degenerations,20210210,eCQM Update 2025-05-08,Grouping,2.16.840.1.113883.3.526.2.1634,Choroidal Degenerations,SNOMEDCT,2024-09,2.16.840.1.113883.6.96,Eligible Clinicians,Cataracts: 20/40 or Better Visual Acuity within 90 Days Following Cataract Surgery,CMS133v14,0565e,14,39e0424a-1727-4629-89e2-c46c2fbb3f5f,Ambulatory,No
Condition/Diagnosis/Problem,2.16.840.1.113883.3.526.3.1450,Choroidal Degenerations,20210210,eCQM Update 2025-05-08,Grouping,2.16.840.1.113883.3.526.2.1632,Choroidal Degenerations,ICD10CM,2025,2.16.840.1.113883.6.90,Eligible Clinicians,Cataracts: 20/40 or Better Visual Acuity within 90 Days Following Cataract Surgery,CMS133v14,0565e,14,39e0424a-1727-4629-89e2-c46c2fbb3f5f,Ambulatory,No
Condition/Diagnosis/Problem,2.16.840.1.113883.3.526.3.1451,Choroidal Detachment,20210210,eCQM Update 2025-05-08,Grouping,2.16.840.1.113883.3.526.2.1635,Choroidal Detachment,ICD10CM,2025,2.16.840.1.113883.6.90,Eligible Clinicians,Cataracts: 20/40 or Better Visual Acuity within 90 Days Following Cataract Surgery,CMS133v14,0565e,14,39e0424a-1727-4629-89e2-c46c2fbb3f5f,Ambulatory,No
Condition/Diagnosis/Problem,2.16.840.1.113883.3.526.3.1451,Choroidal Detachment,20210210,eCQM Update 2025-05-08,Grouping,2.16.840.1.113883.3.526.2.1637,Choroidal Detachment,SNOMEDCT,2024-09,2.16.840.1.113883.6.96,Eligible Clinicians,Cataracts: 20/40 or Better Visual Acuity within 90 Days Following Cataract Surgery,CMS133v14,0565e,14,39e0424a-1727-4629-89e2-c46c2fbb3f5f,Ambulatory,No
Condition/Diagnosis/Problem,2.16.840.1.113883.3.526.3.1452,Choroidal Hemorrhage and Rupture,20210210,eCQM Update 2025-05-08,Grouping,2.16.840.1.113883.3.526.2.1640,Choroidal Hemorrhage and Rupture,SNOMEDCT,2024-09,2.16.840.1.113883.6.96,Eligible Clinicians,Cataracts: 20/40 or Better Visual Acuity within 90 Days Following Cataract Surgery,CMS133v14,0565e,14,39e0424a-1727-4629-89e2-c46c2fbb3f5f,Ambulatory,No
Condition/Diagnosis/Problem,2.16.840.1.113883.3.526.3.1452,Choroidal Hemorrhage and Rupture,20210210,eCQM Update 2025-05-08,Grouping,2.16.840.1.113883.3.526.2.1638,Choroidal Hemorrhage and Rupture,ICD10CM,2025,2.16.840.1.113883.6.90,Eligible Clinicians,Cataracts: 20/40 or Better Visual Acuity within 90 Days Following Cataract Surgery,CMS133v14,0565e,14,39e0424a-1727-4629-89e2-c46c2fbb3f5f,Ambulatory,No
Condition/Diagnosis/Problem,2.16.840.1.113883.3.526.3.1416,Chronic Iridocyclitis,20210210,eCQM Update 2025-05-08,Grouping,2.16.840.1.113883.3.526.2.1542,Chronic Iridocyclitis,SNOMEDCT,2024-09,2.16.840.1.113883.6.96,Eligible Clinicians,Cataracts: 20/40 or Better Visual Acuity within 90 Days Following Cataract Surgery,CMS133v14,0565e,14,39e0424a-1727-4629-89e2-c46c2fbb3f5f,Ambulatory,No
Condition/Diagnosis/Problem,2.16.840.1.113883.3.526.3.1416,Chronic Iridocyclitis,20210210,eCQM Update 2025-05-08,Grouping,2.16.840.1.113883.3.526.2.1543,Chronic Iridocyclitis,ICD10CM,2025,2.16.840.1.113883.6.90,Eligible Clinicians,Cataracts: 20/40 or Better Visual Acuity within 90 Days Following Cataract Surgery,CMS133v14,0565e,14,39e0424a-1727-4629-89e2-c46c2fbb3f5f,Ambulatory,No
Condition/Diagnosis/Problem,2.16.840.1.113883.3.526.3.1417,Cloudy Cornea,20210210,eCQM Update 2025-05-08,Grouping,2.16.840.1.113883.3.526.2.1546,Cloudy Cornea,ICD10CM,2025,2.16.840.1.113883.6.90,Eligible Clinicians,Cataracts: 20/40 or Better Visual Acuity within 90 Days Following Cataract Surgery,CMS133v14,0565e,14,39e0424a-1727-4629-89e2-c46c2fbb3f5f,Ambulatory,No
Condition/Diagnosis/Problem,2.16.840.1.113883.3.526.3.1417,Cloudy Cornea,20210210,eCQM Update 2025-05-08,Grouping,2.16.840.1.113883.3.526.2.1544,Cloudy Cornea,SNOMEDCT,2024-09,2.16.840.1.113883.6.96,Eligible Clinicians,Cataracts: 20/40 or Better Visual Acuity within 90 Days Following Cataract Surgery,CMS133v14,0565e,14,39e0424a-1727-4629-89e2-c46c2fbb3f5f,Ambulatory,No
Condition/Diagnosis/Problem,2.16.840.1.113883.3.526.3.1418,Corneal Edema,20210210,eCQM Update 2025-05-08,Grouping,2.16.840.1.113883.3.526.2.1548,Corneal Edema,ICD10CM,2025,2.16.840.1.113883.6.90,Eligible Clinicians,Cataracts: 20/40 or Better Visual Acuity within 90 Days Following Cataract Surgery,CMS133v14,0565e,14,39e0424a-1727-4629-89e2-c46c2fbb3f5f,Ambulatory,No
Condition/Diagnosis/Problem,2.16.840.1.113883.3.526.3.1418,Corneal Edema,20210210,eCQM Update 2025-05-08,Grouping,2.16.840.1.113883.3.526.2.1549,Corneal Edema,SNOMEDCT,2024-09,2.16.840.1.113883.6.96,Eligible Clinicians,Cataracts: 20/40 or Better Visual Acuity within 90 Days Following Cataract Surgery,CMS133v14,0565e,14,39e0424a-1727-4629-89e2-c46c2fbb3f5f,Ambulatory,No
Condition/Diagnosis/Problem,2.16.840.1.113883.3.526.3.1453,Degeneration of Macula and Posterior Pole,20210210,eCQM Update 2025-05-08,Grouping,2.16.840.1.113883.3.526.2.1641,Degeneration of Macula and Posterior Pole,ICD10CM,2025,2.16.840.1.113883.6.90,Eligible Clinicians,Cataracts: 20/40 or Better Visual Acuity within 90 Days Following Cataract Surgery,CMS133v14,0565e,14,39e0424a-1727-4629-89e2-c46c2fbb3f5f,Ambulatory,No
Condition/Diagnosis/Problem,2.16.840.1.113883.3.526.3.1453,Degeneration of Macula and Posterior Pole,20210210,eCQM Update 2025-05-08,Grouping,2.16.840.1.113883.3.526.2.1643,Degeneration of Macula and Posterior Pole,SNOMEDCT,2024-09,2.16.840.1.113883.6.96,Eligible Clinicians,Cataracts: 20/40 or Better Visual Acuity within 90 Days Following Cataract Surgery,CMS133v14,0565e,14,39e0424a-1727-4629-89e2-c46c2fbb3f5f,Ambulatory,No
Condition/Diagnosis/Problem,2.16.840.1.113883.3.526.3.1454,Degenerative Disorders of Globe,20210214,eCQM Update 2025-05-08,Grouping,2.16.840.1.113883.3.526.2.1644,Degenerative Disorders of Globe,ICD10CM,2025,2.16.840.1.113883.6.90,Eligible Clinicians,Cataracts: 20/40 or Better Visual Acuity within 90 Days Following Cataract Surgery,CMS133v14,0565e,14,39e0424a-1727-4629-89e2-c46c2fbb3f5f,Ambulatory,No
Condition/Diagnosis/Problem,2.16.840.1.113883.3.526.3.1454,Degenerative Disorders of Globe,20210214,eCQM Update 2025-05-08,Grouping,2.16.840.1.113883.3.526.2.1646,Degenerative Disorders of Globe,SNOMEDCT,2024-09,2.16.840.1.113883.6.96,Eligible Clinicians,Cataracts: 20/40 or Better Visual Acuity within 90 Days Following Cataract Surgery,CMS133v14,0565e,14,39e0424a-1727-4629-89e2-c46c2fbb3f5f,Ambulatory,No
Condition/Diagnosis/Problem,2.16.840.1.113883.3.526.3.1455,Diabetic Macular Edema,20210214,eCQM Update 2025-05-08,Grouping,2.16.840.1.113883.3.526.2.1649,Diabetic Macular Edema,SNOMEDCT,2024-09,2.16.840.1.113883.6.96,Eligible Clinicians,Cataracts: 20/40 or Better Visual Acuity within 90 Days Following Cataract Surgery,CMS133v14,0565e,14,39e0424a-1727-4629-89e2-c46c2fbb3f5f,Ambulatory,No
Condition/Diagnosis/Problem,2.16.840.1.113883.3.526.3.1455,Diabetic Macular Edema,20210214,eCQM Update 2025-05-08,Grouping,2.16.840.1.113883.3.526.2.1647,Diabetic Macular Edema,ICD10CM,2025,2.16.840.1.113883.6.90,Eligible Clinicians,Cataracts: 20/40 or Better Visual Acuity within 90 Days Following Cataract Surgery,CMS133v14,0565e,14,39e0424a-1727-4629-89e2-c46c2fbb3f5f,Ambulatory,No
Condition/Diagnosis/Problem,2.16.840.1.113883.3.526.3.327,Diabetic Retinopathy,20210218,eCQM Update 2025-05-08,Grouping,2.16.840.1.113883.3.526.2.80,Diabetic Retinopathy,SNOMEDCT,2024-09,2.16.840.1.113883.6.96,Eligible Clinicians,Cataracts: 20/40 or Better Visual Acuity within 90 Days Following Cataract Surgery,CMS133v14,0565e,14,39e0424a-1727-4629-89e2-c46c2fbb3f5f,Ambulatory,No
Condition/Diagnosis/Problem,2.16.840.1.113883.3.526.3.327,Diabetic Retinopathy,20210218,eCQM Update 2025-05-08,Grouping,2.16.840.1.113883.3.526.2.76,Diabetic Retinopathy,ICD10CM,2025,2.16.840.1.113883.6.90,Eligible Clinicians,Cataracts: 20/40 or Better Visual Acuity within 90 Days Following Cataract Surgery,CMS133v14,0565e,14,39e0424a-1727-4629-89e2-c46c2fbb3f5f,Ambulatory,No
Condition/Diagnosis/Problem,2.16.840.1.113883.3.526.3.1419,Disorders of Cornea Including Corneal Opacity,20210210,eCQM Update 2025-05-08,Grouping,2.16.840.1.113883.3.526.2.1552,Disorders of Cornea Including Corneal Opacity,ICD10CM,2025,2.16.840.1.113883.6.90,Eligible Clinicians,Cataracts: 20/40 or Better Visual Acuity within 90 Days Following Cataract Surgery,CMS133v14,0565e,14,39e0424a-1727-4629-89e2-c46c2fbb3f5f,Ambulatory,No
Condition/Diagnosis/Problem,2.16.840.1.113883.3.526.3.1419,Disorders of Cornea Including Corneal Opacity,20210210,eCQM Update 2025-05-08,Grouping,2.16.840.1.113883.3.526.2.1550,Disorders of Cornea Including Corneal Opacity,SNOMEDCT,2024-09,2.16.840.1.113883.6.96,Eligible Clinicians,Cataracts: 20/40 or Better Visual Acuity within 90 Days Following Cataract Surgery,CMS133v14,0565e,14,39e0424a-1727-4629-89e2-c46c2fbb3f5f,Ambulatory,No
Condition/Diagnosis/Problem,2.16.840.1.113883.3.526.3.1457,Disorders of Optic Chiasm,20210214,eCQM Update 2025-05-08,Grouping,2.16.840.1.113883.3.526.2.1653,Disorders of Optic Chiasm,ICD10CM,2025,2.16.840.1.113883.6.90,Eligible Clinicians,Cataracts: 20/40 or Better Visual Acuity within 90 Days Following Cataract Surgery,CMS133v14,0565e,14,39e0424a-1727-4629-89e2-c46c2fbb3f5f,Ambulatory,No
Condition/Diagnosis/Problem,2.16.840.1.113883.3.526.3.1457,Disorders of Optic Chiasm,20210214,eCQM Update 2025-05-08,Grouping,2.16.840.1.113883.3.526.2.1655,Disorders of Optic Chiasm,SNOMEDCT,2024-09,2.16.840.1.113883.6.96,Eligible Clinicians,Cataracts: 20/40 or Better Visual Acuity within 90 Days Following Cataract Surgery,CMS133v14,0565e,14,39e0424a-1727-4629-89e2-c46c2fbb3f5f,Ambulatory,No
Condition/Diagnosis/Problem,2.16.840.1.113883.3.526.3.1458,Disorders of Visual Cortex,20210214,eCQM Update 2025-05-08,Grouping,2.16.840.1.113883.3.526.2.1658,Disorders of Visual Cortex,SNOMEDCT,2024-09,2.16.840.1.113883.6.96,Eligible Clinicians,Cataracts: 20/40 or Better Visual Acuity within 90 Days Following Cataract Surgery,CMS133v14,0565e,14,39e0424a-1727-4629-89e2-c46c2fbb3f5f,Ambulatory,No
Condition/Diagnosis/Problem,2.16.840.1.113883.3.526.3.1458,Disorders of Visual Cortex,20210214,eCQM Update 2025-05-08,Grouping,2.16.840.1.113883.3.526.2.1656,Disorders of Visual Cortex,ICD10CM,2025,2.16.840.1.113883.6.90,Eligible Clinicians,Cataracts: 20/40 or Better Visual Acuity within 90 Days Following Cataract Surgery,CMS133v14,0565e,14,39e0424a-1727-4629-89e2-c46c2fbb3f5f,Ambulatory,No
Condition/Diagnosis/Problem,2.16.840.1.113883.3.526.3.1459,Disseminated Chorioretinitis and Disseminated Retinochoroiditis,20210214,eCQM Update 2025-05-08,Grouping,2.16.840.1.113883.3.526.2.1659,Disseminated Chorioretinitis and Disseminated Retinochoroiditis,ICD10CM,2025,2.16.840.1.113883.6.90,Eligible Clinicians,Cataracts: 20/40 or Better Visual Acuity within 90 Days Following Cataract Surgery,CMS133v14,0565e,14,39e0424a-1727-4629-89e2-c46c2fbb3f5f,Ambulatory,No
Condition/Diagnosis/Problem,2.16.840.1.113883.3.526.3.1459,Disseminated Chorioretinitis and Disseminated Retinochoroiditis,20210214,eCQM Update 2025-05-08,Grouping,2.16.840.1.113883.3.526.2.1661,Disseminated Chorioretinitis and Disseminated Retinochoroiditis,SNOMEDCT,2024-09,2.16.840.1.113883.6.96,Eligible Clinicians,Cataracts: 20/40 or Better Visual Acuity within 90 Days Following Cataract Surgery,CMS133v14,0565e,14,39e0424a-1727-4629-89e2-c46c2fbb3f5f,Ambulatory,No
Condition/Diagnosis/Problem,2.16.840.1.113883.3.526.3.1460,Focal Chorioretinitis and Focal Retinochoroiditis,20210214,eCQM Update 2025-05-08,Grouping,2.16.840.1.113883.3.526.2.1662,Focal Chorioretinitis and Focal Retinochoroiditis,ICD10CM,2025,2.16.840.1.113883.6.90,Eligible Clinicians,Cataracts: 20/40 or Better Visual Acuity within 90 Days Following Cataract Surgery,CMS133v14,0565e,14,39e0424a-1727-4629-89e2-c46c2fbb3f5f,Ambulatory,No
Condition/Diagnosis/Problem,2.16.840.1.113883.3.526.3.1460,Focal Chorioretinitis and Focal Retinochoroiditis,20210214,eCQM Update 2025-05-08,Grouping,2.16.840.1.113883.3.526.2.1664,Focal Chorioretinitis and Focal Retinochoroiditis,SNOMEDCT,2024-09,2.16.840.1.113883.6.96,Eligible Clinicians,Cataracts: 20/40 or Better Visual Acuity within 90 Days Following Cataract Surgery,CMS133v14,0565e,14,39e0424a-1727-4629-89e2-c46c2fbb3f5f,Ambulatory,No
Condition/Diagnosis/Problem,2.16.840.1.113883.3.526.3.1423,Glaucoma,20210218,eCQM Update 2025-05-08,Grouping,2.16.840.1.113883.3.526.2.1561,Glaucoma,ICD10CM,2025,2.16.840.1.113883.6.90,Eligible Clinicians,Cataracts: 20/40 or Better Visual Acuity within 90 Days Following Cataract Surgery,CMS133v14,0565e,14,39e0424a-1727-4629-89e2-c46c2fbb3f5f,Ambulatory,No
Condition/Diagnosis/Problem,2.16.840.1.113883.3.526.3.1423,Glaucoma,20210218,eCQM Update 2025-05-08,Grouping,2.16.840.1.113883.3.526.2.1562,Glaucoma,SNOMEDCT,2024-09,2.16.840.1.113883.6.96,Eligible Clinicians,Cataracts: 20/40 or Better Visual Acuity within 90 Days Following Cataract Surgery,CMS133v14,0565e,14,39e0424a-1727-4629-89e2-c46c2fbb3f5f,Ambulatory,No
Condition/Diagnosis/Problem,2.16.840.1.113883.3.526.3.1461,Glaucoma Associated with Congenital Anomalies and Dystrophies and Systemic Syndromes,20210214,eCQM Update 2025-05-08,Grouping,2.16.840.1.113883.3.526.2.1667,Glaucoma Associated with Congenital Anomalies and Dystrophies and Systemic Syndromes,SNOMEDCT,2024-09,2.16.840.1.113883.6.96,Eligible Clinicians,Cataracts: 20/40 or Better Visual Acuity within 90 Days Following Cataract Surgery,CMS133v14,0565e,14,39e0424a-1727-4629-89e2-c46c2fbb3f5f,Ambulatory,No
Condition/Diagnosis/Problem,2.16.840.1.113883.3.526.3.1461,Glaucoma Associated with Congenital Anomalies and Dystrophies and Systemic Syndromes,20210214,eCQM Update 2025-05-08,Grouping,2.16.840.1.113883.3.526.2.1665,Glaucoma Associated with Congenital Anomalies and Dystrophies and Systemic Syndromes,ICD10CM,2025,2.16.840.1.113883.6.90,Eligible Clinicians,Cataracts: 20/40 or Better Visual Acuity within 90 Days Following Cataract Surgery,CMS133v14,0565e,14,39e0424a-1727-4629-89e2-c46c2fbb3f5f,Ambulatory,No
Condition/Diagnosis/Problem,2.16.840.1.113883.3.526.3.1462,Hereditary Choroidal Dystrophies,20210214,eCQM Update 2025-05-08,Grouping,2.16.840.1.113883.3.526.2.1670,Hereditary Choroidal Dystrophies,SNOMEDCT,2024-09,2.16.840.1.113883.6.96,Eligible Clinicians,Cataracts: 20/40 or Better Visual Acuity within 90 Days Following Cataract Surgery,CMS133v14,0565e,14,39e0424a-1727-4629-89e2-c46c2fbb3f5f,Ambulatory,No
Condition/Diagnosis/Problem,2.16.840.1.113883.3.526.3.1462,Hereditary Choroidal Dystrophies,20210214,eCQM Update 2025-05-08,Grouping,2.16.840.1.113883.3.526.2.1668,Hereditary Choroidal Dystrophies,ICD10CM,2025,2.16.840.1.113883.6.90,Eligible Clinicians,Cataracts: 20/40 or Better Visual Acuity within 90 Days Following Cataract Surgery,CMS133v14,0565e,14,39e0424a-1727-4629-89e2-c46c2fbb3f5f,Ambulatory,No
Condition/Diagnosis/Problem,2.16.840.1.113883.3.526.3.1424,Hereditary Corneal Dystrophies,20210214,eCQM Update 2025-05-08,Grouping,2.16.840.1.113883.3.526.2.1564,Hereditary Corneal Dystrophies,SNOMEDCT,2024-09,2.16.840.1.113883.6.96,Eligible Clinicians,Cataracts: 20/40 or Better Visual Acuity within 90 Days Following Cataract Surgery,CMS133v14,0565e,14,39e0424a-1727-4629-89e2-c46c2fbb3f5f,Ambulatory,No
Condition/Diagnosis/Problem,2.16.840.1.113883.3.526.3.1424,Hereditary Corneal Dystrophies,20210214,eCQM Update 2025-05-08,Grouping,2.16.840.1.113883.3.526.2.1566,Hereditary Corneal Dystrophies,ICD10CM,2025,2.16.840.1.113883.6.90,Eligible Clinicians,Cataracts: 20/40 or Better Visual Acuity within 90 Days Following Cataract Surgery,CMS133v14,0565e,14,39e0424a-1727-4629-89e2-c46c2fbb3f5f,Ambulatory,No
Condition/Diagnosis/Problem,2.16.840.1.113883.3.526.3.1463,Hereditary Retinal Dystrophies,20210219,eCQM Update 2025-05-08,Grouping,2.16.840.1.113883.3.526.2.1671,Hereditary Retinal Dystrophies,ICD10CM,2025,2.16.840.1.113883.6.90,Eligible Clinicians,Cataracts: 20/40 or Better Visual Acuity within 90 Days Following Cataract Surgery,CMS133v14,0565e,14,39e0424a-1727-4629-89e2-c46c2fbb3f5f,Ambulatory,No
Condition/Diagnosis/Problem,2.16.840.1.113883.3.526.3.1463,Hereditary Retinal Dystrophies,20210219,eCQM Update 2025-05-08,Grouping,2.16.840.1.113883.3.526.2.1673,Hereditary Retinal Dystrophies,SNOMEDCT,2024-09,2.16.840.1.113883.6.96,Eligible Clinicians,Cataracts: 20/40 or Better Visual Acuity within 90 Days Following Cataract Surgery,CMS133v14,0565e,14,39e0424a-1727-4629-89e2-c46c2fbb3f5f,Ambulatory,No
Condition/Diagnosis/Problem,2.16.840.1.113883.3.526.3.1426,Hypotony of Eye,20210214,eCQM Update 2025-05-08,Grouping,2.16.840.1.113883.3.526.2.1572,Hypotony of Eye,ICD10CM,2025,2.16.840.1.113883.6.90,Eligible Clinicians,Cataracts: 20/40 or Better Visual Acuity within 90 Days Following Cataract Surgery,CMS133v14,0565e,14,39e0424a-1727-4629-89e2-c46c2fbb3f5f,Ambulatory,No
Condition/Diagnosis/Problem,2.16.840.1.113883.3.526.3.1426,Hypotony of Eye,20210214,eCQM Update 2025-05-08,Grouping,2.16.840.1.113883.3.526.2.1571,Hypotony of Eye,SNOMEDCT,2024-09,2.16.840.1.113883.6.96,Eligible Clinicians,Cataracts: 20/40 or Better Visual Acuity within 90 Days Following Cataract Surgery,CMS133v14,0565e,14,39e0424a-1727-4629-89e2-c46c2fbb3f5f,Ambulatory,No
Condition/Diagnosis/Problem,2.16.840.1.113883.3.526.3.1427,Injury to Optic Nerve and Pathways,20210214,eCQM Update 2025-05-08,Grouping,2.16.840.1.113883.3.526.2.1575,Injury to Optic Nerve and Pathways,ICD10CM,2025,2.16.840.1.113883.6.90,Eligible Clinicians,Cataracts: 20/40 or Better Visual Acuity within 90 Days Following Cataract Surgery,CMS133v14,0565e,14,39e0424a-1727-4629-89e2-c46c2fbb3f5f,Ambulatory,No
Condition/Diagnosis/Problem,2.16.840.1.113883.3.526.3.1427,Injury to Optic Nerve and Pathways,20210214,eCQM Update 2025-05-08,Grouping,2.16.840.1.113883.3.526.2.1574,Injury to Optic Nerve and Pathways,SNOMEDCT,2024-09,2.16.840.1.113883.6.96,Eligible Clinicians,Cataracts: 20/40 or Better Visual Acuity within 90 Days Following Cataract Surgery,CMS133v14,0565e,14,39e0424a-1727-4629-89e2-c46c2fbb3f5f,Ambulatory,No
Condition/Diagnosis/Problem,2.16.840.1.113883.3.526.3.1559,Macular Scar of Posterior Polar,20210218,eCQM Update 2025-05-08,Grouping,2.16.840.1.113883.3.526.2.1770,Macular Scar of Posterior Polar,SNOMEDCT,2024-09,2.16.840.1.113883.6.96,Eligible Clinicians,Cataracts: 20/40 or Better Visual Acuity within 90 Days Following Cataract Surgery,CMS133v14,0565e,14,39e0424a-1727-4629-89e2-c46c2fbb3f5f,Ambulatory,No
Condition/Diagnosis/Problem,2.16.840.1.113883.3.526.3.1559,Macular Scar of Posterior Polar,20210218,eCQM Update 2025-05-08,Grouping,2.16.840.1.113883.3.526.2.1769,Macular Scar of Posterior Polar,ICD10CM,2025,2.16.840.1.113883.6.90,Eligible Clinicians,Cataracts: 20/40 or Better Visual Acuity within 90 Days Following Cataract Surgery,CMS133v14,0565e,14,39e0424a-1727-4629-89e2-c46c2fbb3f5f,Ambulatory,No
Condition/Diagnosis/Problem,2.16.840.1.113883.3.526.3.1558,Morgagnian Cataract,20210214,eCQM Update 2025-05-08,Grouping,2.16.840.1.113883.3.526.2.1767,Morgagnian Cataract,SNOMEDCT,2024-09,2.16.840.1.113883.6.96,Eligible Clinicians,Cataracts: 20/40 or Better Visual Acuity within 90 Days Following Cataract Surgery,CMS133v14,0565e,14,39e0424a-1727-4629-89e2-c46c2fbb3f5f,Ambulatory,No
Condition/Diagnosis/Problem,2.16.840.1.113883.3.526.3.1558,Morgagnian Cataract,20210214,eCQM Update 2025-05-08,Grouping,2.16.840.1.113883.3.526.2.1766,Morgagnian Cataract,ICD10CM,2025,2.16.840.1.113883.6.90,Eligible Clinicians,Cataracts: 20/40 or Better Visual Acuity within 90 Days Following Cataract Surgery,CMS133v14,0565e,14,39e0424a-1727-4629-89e2-c46c2fbb3f5f,Ambulatory,No
Condition/Diagnosis/Problem,2.16.840.1.113883.3.526.3.1465,Nystagmus and Other Irregular Eye Movements,20210308,eCQM Update 2025-05-08,Grouping,2.16.840.1.113883.3.526.2.1679,Nystagmus and Other Irregular Eye Movements,SNOMEDCT,2024-09,2.16.840.1.113883.6.96,Eligible Clinicians,Cataracts: 20/40 or Better Visual Acuity within 90 Days Following Cataract Surgery,CMS133v14,0565e,14,39e0424a-1727-4629-89e2-c46c2fbb3f5f,Ambulatory,No
Condition/Diagnosis/Problem,2.16.840.1.113883.3.526.3.1465,Nystagmus and Other Irregular Eye Movements,20210308,eCQM Update 2025-05-08,Grouping,2.16.840.1.113883.3.526.2.1677,Nystagmus and Other Irregular Eye Movements,ICD10CM,2025,2.16.840.1.113883.6.90,Eligible Clinicians,Cataracts: 20/40 or Better Visual Acuity within 90 Days Following Cataract Surgery,CMS133v14,0565e,14,39e0424a-1727-4629-89e2-c46c2fbb3f5f,Ambulatory,No
Condition/Diagnosis/Problem,2.16.840.1.113883.3.526.3.1430,Open Wound of Eyeball,20210406,eCQM Update 2025-05-08,Grouping,2.16.840.1.113883.3.526.2.1583,Open Wound of Eyeball,ICD10CM,2025,2.16.840.1.113883.6.90,Eligible Clinicians,Cataracts: 20/40 or Better Visual Acuity within 90 Days Following Cataract Surgery,CMS133v14,0565e,14,39e0424a-1727-4629-89e2-c46c2fbb3f5f,Ambulatory,No
Condition/Diagnosis/Problem,2.16.840.1.113883.3.526.3.1430,Open Wound of Eyeball,20210406,eCQM Update 2025-05-08,Grouping,2.16.840.1.113883.3.526.2.1582,Open Wound of Eyeball,SNOMEDCT,2024-09,2.16.840.1.113883.6.96,Eligible Clinicians,Cataracts: 20/40 or Better Visual Acuity within 90 Days Following Cataract Surgery,CMS133v14,0565e,14,39e0424a-1727-4629-89e2-c46c2fbb3f5f,Ambulatory,No
Condition/Diagnosis/Problem,2.16.840.1.113883.3.526.3.1466,Optic Atrophy,20210218,eCQM Update 2025-05-08,Grouping,2.16.840.1.113883.3.526.2.1680,Optic Atrophy,ICD10CM,2025,2.16.840.1.113883.6.90,Eligible Clinicians,Cataracts: 20/40 or Better Visual Acuity within 90 Days Following Cataract Surgery,CMS133v14,0565e,14,39e0424a-1727-4629-89e2-c46c2fbb3f5f,Ambulatory,No
Condition/Diagnosis/Problem,2.16.840.1.113883.3.526.3.1466,Optic Atrophy,20210218,eCQM Update 2025-05-08,Grouping,2.16.840.1.113883.3.526.2.1682,Optic Atrophy,SNOMEDCT,2024-09,2.16.840.1.113883.6.96,Eligible Clinicians,Cataracts: 20/40 or Better Visual Acuity within 90 Days Following Cataract Surgery,CMS133v14,0565e,14,39e0424a-1727-4629-89e2-c46c2fbb3f5f,Ambulatory,No
Condition/Diagnosis/Problem,2.16.840.1.113883.3.526.3.1467,Optic Neuritis,20210218,eCQM Update 2025-05-08,Grouping,2.16.840.1.113883.3.526.2.1683,Optic Neuritis,ICD10CM,2025,2.16.840.1.113883.6.90,Eligible Clinicians,Cataracts: 20/40 or Better Visual Acuity within 90 Days Following Cataract Surgery,CMS133v14,0565e,14,39e0424a-1727-4629-89e2-c46c2fbb3f5f,Ambulatory,No
Condition/Diagnosis/Problem,2.16.840.1.113883.3.526.3.1467,Optic Neuritis,20210218,eCQM Update 2025-05-08,Grouping,2.16.840.1.113883.3.526.2.1685,Optic Neuritis,SNOMEDCT,2024-09,2.16.840.1.113883.6.96,Eligible Clinicians,Cataracts: 20/40 or Better Visual Acuity within 90 Days Following Cataract Surgery,CMS133v14,0565e,14,39e0424a-1727-4629-89e2-c46c2fbb3f5f,Ambulatory,No
Condition/Diagnosis/Problem,2.16.840.1.113883.3.526.3.1469,Other Background Retinopathy and Retinal Vascular Changes,20210218,eCQM Update 2025-05-08,Grouping,2.16.840.1.113883.3.526.2.1689,Other Background Retinopathy and Retinal Vascular Changes,ICD10CM,2025,2.16.840.1.113883.6.90,Eligible Clinicians,Cataracts: 20/40 or Better Visual Acuity within 90 Days Following Cataract Surgery,CMS133v14,0565e,14,39e0424a-1727-4629-89e2-c46c2fbb3f5f,Ambulatory,No
Condition/Diagnosis/Problem,2.16.840.1.113883.3.526.3.1469,Other Background Retinopathy and Retinal Vascular Changes,20210218,eCQM Update 2025-05-08,Grouping,2.16.840.1.113883.3.526.2.1691,Other Background Retinopathy and Retinal Vascular Changes,SNOMEDCT,2024-09,2.16.840.1.113883.6.96,Eligible Clinicians,Cataracts: 20/40 or Better Visual Acuity within 90 Days Following Cataract Surgery,CMS133v14,0565e,14,39e0424a-1727-4629-89e2-c46c2fbb3f5f,Ambulatory,No
Condition/Diagnosis/Problem,2.16.840.1.113883.3.526.3.1471,Other Disorders of Optic Nerve,20210218,eCQM Update 2025-05-08,Grouping,2.16.840.1.113883.3.526.2.1695,Other Disorders of Optic Nerve,ICD10CM,2025,2.16.840.1.113883.6.90,Eligible Clinicians,Cataracts: 20/40 or Better Visual Acuity within 90 Days Following Cataract Surgery,CMS133v14,0565e,14,39e0424a-1727-4629-89e2-c46c2fbb3f5f,Ambulatory,No
Condition/Diagnosis/Problem,2.16.840.1.113883.3.526.3.1471,Other Disorders of Optic Nerve,20210218,eCQM Update 2025-05-08,Grouping,2.16.840.1.113883.3.526.2.1697,Other Disorders of Optic Nerve,SNOMEDCT,2024-09,2.16.840.1.113883.6.96,Eligible Clinicians,Cataracts: 20/40 or Better Visual Acuity within 90 Days Following Cataract Surgery,CMS133v14,0565e,14,39e0424a-1727-4629-89e2-c46c2fbb3f5f,Ambulatory,No
Condition/Diagnosis/Problem,2.16.840.1.113883.3.526.3.1473,Other Endophthalmitis,20210218,eCQM Update 2025-05-08,Grouping,2.16.840.1.113883.3.526.2.1703,Other Endophthalmitis,SNOMEDCT,2024-09,2.16.840.1.113883.6.96,Eligible Clinicians,Cataracts: 20/40 or Better Visual Acuity within 90 Days Following Cataract Surgery,CMS133v14,0565e,14,39e0424a-1727-4629-89e2-c46c2fbb3f5f,Ambulatory,No
Condition/Diagnosis/Problem,2.16.840.1.113883.3.526.3.1473,Other Endophthalmitis,20210218,eCQM Update 2025-05-08,Grouping,2.16.840.1.113883.3.526.2.1701,Other Endophthalmitis,ICD10CM,2025,2.16.840.1.113883.6.90,Eligible Clinicians,Cataracts: 20/40 or Better Visual Acuity within 90 Days Following Cataract Surgery,CMS133v14,0565e,14,39e0424a-1727-4629-89e2-c46c2fbb3f5f,Ambulatory,No
Condition/Diagnosis/Problem,2.16.840.1.113883.3.526.3.1480,Other Proliferative Retinopathy,20210218,eCQM Update 2025-05-08,Grouping,2.16.840.1.113883.3.526.2.1724,Other Proliferative Retinopathy,SNOMEDCT,2024-09,2.16.840.1.113883.6.96,Eligible Clinicians,Cataracts: 20/40 or Better Visual Acuity within 90 Days Following Cataract Surgery,CMS133v14,0565e,14,39e0424a-1727-4629-89e2-c46c2fbb3f5f,Ambulatory,No
Condition/Diagnosis/Problem,2.16.840.1.113883.3.526.3.1480,Other Proliferative Retinopathy,20210218,eCQM Update 2025-05-08,Grouping,2.16.840.1.113883.3.526.2.1722,Other Proliferative Retinopathy,ICD10CM,2025,2.16.840.1.113883.6.90,Eligible Clinicians,Cataracts: 20/40 or Better Visual Acuity within 90 Days Following Cataract Surgery,CMS133v14,0565e,14,39e0424a-1727-4629-89e2-c46c2fbb3f5f,Ambulatory,No
Condition/Diagnosis/Problem,2.16.840.1.113883.3.526.3.1468,Other and Unspecified Forms of Chorioretinitis and Retinochoroiditis,20210219,eCQM Update 2025-05-08,Grouping,2.16.840.1.113883.3.526.2.1686,Other and Unspecified Forms of Chorioretinitis and Retinochoroiditis,ICD10CM,2025,2.16.840.1.113883.6.90,Eligible Clinicians,Cataracts: 20/40 or Better Visual Acuity within 90 Days Following Cataract Surgery,CMS133v14,0565e,14,39e0424a-1727-4629-89e2-c46c2fbb3f5f,Ambulatory,No
Condition/Diagnosis/Problem,2.16.840.1.113883.3.526.3.1468,Other and Unspecified Forms of Chorioretinitis and Retinochoroiditis,20210219,eCQM Update 2025-05-08,Grouping,2.16.840.1.113883.3.526.2.1688,Other and Unspecified Forms of Chorioretinitis and Retinochoroiditis,SNOMEDCT,2024-09,2.16.840.1.113883.6.96,Eligible Clinicians,Cataracts: 20/40 or Better Visual Acuity within 90 Days Following Cataract Surgery,CMS133v14,0565e,14,39e0424a-1727-4629-89e2-c46c2fbb3f5f,Ambulatory,No
Condition/Diagnosis/Problem,2.16.840.1.113883.3.526.3.1432,Pathologic Myopia,20210218,eCQM Update 2025-05-08,Grouping,2.16.840.1.113883.3.526.2.1587,Pathologic Myopia,SNOMEDCT,2024-09,2.16.840.1.113883.6.96,Eligible Clinicians,Cataracts: 20/40 or Better Visual Acuity within 90 Days Following Cataract Surgery,CMS133v14,0565e,14,39e0424a-1727-4629-89e2-c46c2fbb3f5f,Ambulatory,No
Condition/Diagnosis/Problem,2.16.840.1.113883.3.526.3.1432,Pathologic Myopia,20210218,eCQM Update 2025-05-08,Grouping,2.16.840.1.113883.3.526.2.1588,Pathologic Myopia,ICD10CM,2025,2.16.840.1.113883.6.90,Eligible Clinicians,Cataracts: 20/40 or Better Visual Acuity within 90 Days Following Cataract Surgery,CMS133v14,0565e,14,39e0424a-1727-4629-89e2-c46c2fbb3f5f,Ambulatory,No
Condition/Diagnosis/Problem,2.16.840.1.113883.3.526.3.1433,Posterior Lenticonus,20210314,eCQM Update 2025-05-08,Grouping,2.16.840.1.113883.3.526.2.1591,Posterior Lenticonus,ICD10CM,2025,2.16.840.1.113883.6.90,Eligible Clinicians,Cataracts: 20/40 or Better Visual Acuity within 90 Days Following Cataract Surgery,CMS133v14,0565e,14,39e0424a-1727-4629-89e2-c46c2fbb3f5f,Ambulatory,No
Condition/Diagnosis/Problem,2.16.840.1.113883.3.526.3.1433,Posterior Lenticonus,20210314,eCQM Update 2025-05-08,Grouping,2.16.840.1.113883.3.526.2.1590,Posterior Lenticonus,SNOMEDCT,2024-09,2.16.840.1.113883.6.96,Eligible Clinicians,Cataracts: 20/40 or Better Visual Acuity within 90 Days Following Cataract Surgery,CMS133v14,0565e,14,39e0424a-1727-4629-89e2-c46c2fbb3f5f,Ambulatory,No
Condition/Diagnosis/Problem,2.16.840.1.113883.3.526.3.1475,Prior Penetrating Keratoplasty,20210218,eCQM Update 2025-05-08,Grouping,2.16.840.1.113883.3.526.2.1707,Prior Penetrating Keratoplasty,ICD10CM,2025,2.16.840.1.113883.6.90,Eligible Clinicians,Cataracts: 20/40 or Better Visual Acuity within 90 Days Following Cataract Surgery,CMS133v14,0565e,14,39e0424a-1727-4629-89e2-c46c2fbb3f5f,Ambulatory,No
Condition/Diagnosis/Problem,2.16.840.1.113883.3.526.3.1475,Prior Penetrating Keratoplasty,20210218,eCQM Update 2025-05-08,Grouping,2.16.840.1.113883.3.526.2.1709,Prior Penetrating Keratoplasty,SNOMEDCT,2024-09,2.16.840.1.113883.6.96,Eligible Clinicians,Cataracts: 20/40 or Better Visual Acuity within 90 Days Following Cataract Surgery,CMS133v14,0565e,14,39e0424a-1727-4629-89e2-c46c2fbb3f5f,Ambulatory,No
Condition/Diagnosis/Problem,2.16.840.1.113883.3.526.3.1477,Purulent Endophthalmitis,20210218,eCQM Update 2025-05-08,Grouping,2.16.840.1.113883.3.526.2.1715,Purulent Endophthalmitis,SNOMEDCT,2024-09,2.16.840.1.113883.6.96,Eligible Clinicians,Cataracts: 20/40 or Better Visual Acuity within 90 Days Following Cataract Surgery,CMS133v14,0565e,14,39e0424a-1727-4629-89e2-c46c2fbb3f5f,Ambulatory,No
Condition/Diagnosis/Problem,2.16.840.1.113883.3.526.3.1477,Purulent Endophthalmitis,20210218,eCQM Update 2025-05-08,Grouping,2.16.840.1.113883.3.526.2.1713,Purulent Endophthalmitis,ICD10CM,2025,2.16.840.1.113883.6.90,Eligible Clinicians,Cataracts: 20/40 or Better Visual Acuity within 90 Days Following Cataract Surgery,CMS133v14,0565e,14,39e0424a-1727-4629-89e2-c46c2fbb3f5f,Ambulatory,No
Condition/Diagnosis/Problem,2.16.840.1.113883.3.526.3.1478,Retinal Detachment with Retinal Defect,20210218,eCQM Update 2025-05-08,Grouping,2.16.840.1.113883.3.526.2.1716,Retinal Detachment with Retinal Defect,ICD10CM,2025,2.16.840.1.113883.6.90,Eligible Clinicians,Cataracts: 20/40 or Better Visual Acuity within 90 Days Following Cataract Surgery,CMS133v14,0565e,14,39e0424a-1727-4629-89e2-c46c2fbb3f5f,Ambulatory,No
Condition/Diagnosis/Problem,2.16.840.1.113883.3.526.3.1478,Retinal Detachment with Retinal Defect,20210218,eCQM Update 2025-05-08,Grouping,2.16.840.1.113883.3.526.2.1718,Retinal Detachment with Retinal Defect,SNOMEDCT,2024-09,2.16.840.1.113883.6.96,Eligible Clinicians,Cataracts: 20/40 or Better Visual Acuity within 90 Days Following Cataract Surgery,CMS133v14,0565e,14,39e0424a-1727-4629-89e2-c46c2fbb3f5f,Ambulatory,No
Condition/Diagnosis/Problem,2.16.840.1.113883.3.526.3.1479,Retinal Vascular Occlusion,20210218,eCQM Update 2025-05-08,Grouping,2.16.840.1.113883.3.526.2.1719,Retinal Vascular Occlusion,ICD10CM,2025,2.16.840.1.113883.6.90,Eligible Clinicians,Cataracts: 20/40 or Better Visual Acuity within 90 Days Following Cataract Surgery,CMS133v14,0565e,14,39e0424a-1727-4629-89e2-c46c2fbb3f5f,Ambulatory,No
Condition/Diagnosis/Problem,2.16.840.1.113883.3.526.3.1479,Retinal Vascular Occlusion,20210218,eCQM Update 2025-05-08,Grouping,2.16.840.1.113883.3.526.2.1721,Retinal Vascular Occlusion,SNOMEDCT,2024-09,2.16.840.1.113883.6.96,Eligible Clinicians,Cataracts: 20/40 or Better Visual Acuity within 90 Days Following Cataract Surgery,CMS133v14,0565e,14,39e0424a-1727-4629-89e2-c46c2fbb3f5f,Ambulatory,No
Condition/Diagnosis/Problem,2.16.840.1.113883.3.526.3.1438,Retrolental Fibroplasias,20210218,eCQM Update 2025-05-08,Grouping,2.16.840.1.113883.3.526.2.1601,Retrolental Fibroplasias,SNOMEDCT,2024-09,2.16.840.1.113883.6.96,Eligible Clinicians,Cataracts: 20/40 or Better Visual Acuity within 90 Days Following Cataract Surgery,CMS133v14,0565e,14,39e0424a-1727-4629-89e2-c46c2fbb3f5f,Ambulatory,No
Condition/Diagnosis/Problem,2.16.840.1.113883.3.526.3.1438,Retrolental Fibroplasias,20210218,eCQM Update 2025-05-08,Grouping,2.16.840.1.113883.3.526.2.1603,Retrolental Fibroplasias,ICD10CM,2025,2.16.840.1.113883.6.90,Eligible Clinicians,Cataracts: 20/40 or Better Visual Acuity within 90 Days Following Cataract Surgery,CMS133v14,0565e,14,39e0424a-1727-4629-89e2-c46c2fbb3f5f,Ambulatory,No
Condition/Diagnosis/Problem,2.16.840.1.113762.1.4.1226.1,Scleritis,20210308,eCQM Update 2025-05-08,Grouping,2.16.840.1.113762.1.4.1226.3,Scleritis,SNOMEDCT,2024-09,2.16.840.1.113883.6.96,Eligible Clinicians,Cataracts: 20/40 or Better Visual Acuity within 90 Days Following Cataract Surgery,CMS133v14,0565e,14,39e0424a-1727-4629-89e2-c46c2fbb3f5f,Ambulatory,No
Condition/Diagnosis/Problem,2.16.840.1.113762.1.4.1226.1,Scleritis,20210308,eCQM Update 2025-05-08,Grouping,2.16.840.1.113762.1.4.1226.2,Scleritis,ICD10CM,2025,2.16.840.1.113883.6.90,Eligible Clinicians,Cataracts: 20/40 or Better Visual Acuity within 90 Days Following Cataract Surgery,CMS133v14,0565e,14,39e0424a-1727-4629-89e2-c46c2fbb3f5f,Ambulatory,No
Condition/Diagnosis/Problem,2.16.840.1.113883.3.526.3.1482,Separation of Retinal Layers,20210218,eCQM Update 2025-05-08,Grouping,2.16.840.1.113883.3.526.2.1730,Separation of Retinal Layers,SNOMEDCT,2024-09,2.16.840.1.113883.6.96,Eligible Clinicians,Cataracts: 20/40 or Better Visual Acuity within 90 Days Following Cataract Surgery,CMS133v14,0565e,14,39e0424a-1727-4629-89e2-c46c2fbb3f5f,Ambulatory,No
Condition/Diagnosis/Problem,2.16.840.1.113883.3.526.3.1482,Separation of Retinal Layers,20210218,eCQM Update 2025-05-08,Grouping,2.16.840.1.113883.3.526.2.1728,Separation of Retinal Layers,ICD10CM,2025,2.16.840.1.113883.6.90,Eligible Clinicians,Cataracts: 20/40 or Better Visual Acuity within 90 Days Following Cataract Surgery,CMS133v14,0565e,14,39e0424a-1727-4629-89e2-c46c2fbb3f5f,Ambulatory,No
Condition/Diagnosis/Problem,2.16.840.1.113883.3.526.3.1443,Traumatic Cataract,20210219,eCQM Update 2025-05-08,Grouping,2.16.840.1.113883.3.526.2.1612,Traumatic Cataract,ICD10CM,2025,2.16.840.1.113883.6.90,Eligible Clinicians,Cataracts: 20/40 or Better Visual Acuity within 90 Days Following Cataract Surgery,CMS133v14,0565e,14,39e0424a-1727-4629-89e2-c46c2fbb3f5f,Ambulatory,No
Condition/Diagnosis/Problem,2.16.840.1.113883.3.526.3.1443,Traumatic Cataract,20210219,eCQM Update 2025-05-08,Grouping,2.16.840.1.113883.3.526.2.1613,Traumatic Cataract,SNOMEDCT,2024-09,2.16.840.1.113883.6.96,Eligible Clinicians,Cataracts: 20/40 or Better Visual Acuity within 90 Days Following Cataract Surgery,CMS133v14,0565e,14,39e0424a-1727-4629-89e2-c46c2fbb3f5f,Ambulatory,No
Condition/Diagnosis/Problem,2.16.840.1.113883.3.526.3.1444,Uveitis,20210219,eCQM Update 2025-05-08,Grouping,2.16.840.1.113883.3.526.2.1617,Uveitis,ICD10CM,2025,2.16.840.1.113883.6.90,Eligible Clinicians,Cataracts: 20/40 or Better Visual Acuity within 90 Days Following Cataract Surgery,CMS133v14,0565e,14,39e0424a-1727-4629-89e2-c46c2fbb3f5f,Ambulatory,No
Condition/Diagnosis/Problem,2.16.840.1.113883.3.526.3.1444,Uveitis,20210219,eCQM Update 2025-05-08,Grouping,2.16.840.1.113883.3.526.2.1615,Uveitis,SNOMEDCT,2024-09,2.16.840.1.113883.6.96,Eligible Clinicians,Cataracts: 20/40 or Better Visual Acuity within 90 Days Following Cataract Surgery,CMS133v14,0565e,14,39e0424a-1727-4629-89e2-c46c2fbb3f5f,Ambulatory,No
Condition/Diagnosis/Problem,2.16.840.1.113883.3.526.3.1445,Vascular Disorders of Iris and Ciliary Body,20210214,eCQM Update 2025-05-08,Grouping,2.16.840.1.113883.3.526.2.1620,Vascular Disorders of Iris and Ciliary Body,ICD10CM,2025,2.16.840.1.113883.6.90,Eligible Clinicians,Cataracts: 20/40 or Better Visual Acuity within 90 Days Following Cataract Surgery,CMS133v14,0565e,14,39e0424a-1727-4629-89e2-c46c2fbb3f5f,Ambulatory,No
Condition/Diagnosis/Problem,2.16.840.1.113883.3.526.3.1445,Vascular Disorders of Iris and Ciliary Body,20210214,eCQM Update 2025-05-08,Grouping,2.16.840.1.113883.3.526.2.1618,Vascular Disorders of Iris and Ciliary Body,SNOMEDCT,2024-09,2.16.840.1.113883.6.96,Eligible Clinicians,Cataracts: 20/40 or Better Visual Acuity within 90 Days Following Cataract Surgery,CMS133v14,0565e,14,39e0424a-1727-4629-89e2-c46c2fbb3f5f,Ambulatory,No
Condition/Diagnosis/Problem,2.16.840.1.113883.3.526.3.1446,Visual Field Defects,20210220,eCQM Update 2025-05-08,Grouping,2.16.840.1.113883.3.526.2.1623,Visual Field Defects,ICD10CM,2025,2.16.840.1.113883.6.90,Eligible Clinicians,Cataracts: 20/40 or Better Visual Acuity within 90 Days Following Cataract Surgery,CMS133v14,0565e,14,39e0424a-1727-4629-89e2-c46c2fbb3f5f,Ambulatory,No
Condition/Diagnosis/Problem,2.16.840.1.113883.3.526.3.1446,Visual Field Defects,20210220,eCQM Update 2025-05-08,Grouping,2.16.840.1.113883.3.526.2.1621,Visual Field Defects,SNOMEDCT,2024-09,2.16.840.1.113883.6.96,Eligible Clinicians,Cataracts: 20/40 or Better Visual Acuity within 90 Days Following Cataract Surgery,CMS133v14,0565e,14,39e0424a-1727-4629-89e2-c46c2fbb3f5f,Ambulatory,No
Individual Characteristic,2.16.840.1.114222.4.11.837,Ethnicity,20121025,eCQM Update 2025-05-08,Extensional,,,CDCREC,1.2,2.16.840.1.113883.6.238,Eligible Clinicians,Cataracts: 20/40 or Better Visual Acuity within 90 Days Following Cataract Surgery,CMS133v14,0565e,14,39e0424a-1727-4629-89e2-c46c2fbb3f5f,Ambulatory,Yes
Individual Characteristic,2.16.840.1.113762.1.4.1021.121,Federal Administrative Sex,20250228,eCQM Update 2025-05-08,Extensional,,,SNOMEDCT,2024-09,2.16.840.1.113883.6.96,Eligible Clinicians,Cataracts: 20/40 or Better Visual Acuity within 90 Days Following Cataract Surgery,CMS133v14,0565e,14,39e0424a-1727-4629-89e2-c46c2fbb3f5f,Ambulatory,Yes
Individual Characteristic,2.16.840.1.114222.4.11.3591,Payer Type,20221118,eCQM Update 2025-05-08,Intensional,,,SOP,9.2,2.16.840.1.113883.3.221.5,Eligible Clinicians,Cataracts: 20/40 or Better Visual Acuity within 90 Days Following Cataract Surgery,CMS133v14,0565e,14,39e0424a-1727-4629-89e2-c46c2fbb3f5f,Ambulatory,Yes
Individual Characteristic,2.16.840.1.114222.4.11.836,Race,20121025,eCQM Update 2025-05-08,Extensional,,,CDCREC,1.2,2.16.840.1.113883.6.238,Eligible Clinicians,Cataracts: 20/40 or Better Visual Acuity within 90 Days Following Cataract Surgery,CMS133v14,0565e,14,39e0424a-1727-4629-89e2-c46c2fbb3f5f,Ambulatory,Yes
Physical Exam,2.16.840.1.113883.3.526.3.1560,Best Corrected Visual Acuity Exam Using Snellen Chart,20210210,eCQM Update 2025-05-08,Grouping,2.16.840.1.113883.3.526.2.1781,Best Corrected Visual Acuity Exam Using Snellen Chart,LOINC,2.78,2.16.840.1.113883.6.1,Eligible Clinicians,Cataracts: 20/40 or Better Visual Acuity within 90 Days Following Cataract Surgery,CMS133v14,0565e,14,39e0424a-1727-4629-89e2-c46c2fbb3f5f,Ambulatory,No
Procedure,2.16.840.1.113883.3.526.3.1411,Cataract Surgery,20210210,eCQM Update 2025-05-08,Grouping,2.16.840.1.113883.3.526.2.1527,Cataract Surgery,SNOMEDCT,2024-09,2.16.840.1.113883.6.96,Eligible Clinicians,Cataracts: 20/40 or Better Visual Acuity within 90 Days Following Cataract Surgery,CMS133v14,0565e,14,39e0424a-1727-4629-89e2-c46c2fbb3f5f,Ambulatory,No
Procedure,2.16.840.1.113883.3.526.3.1411,Cataract Surgery,20210210,eCQM Update 2025-05-08,Grouping,2.16.840.1.113883.3.526.2.1528,Cataract Surgery,CPT,2025,2.16.840.1.113883.6.12,Eligible Clinicians,Cataracts: 20/40 or Better Visual Acuity within 90 Days Following Cataract Surgery,CMS133v14,0565e,14,39e0424a-1727-4629-89e2-c46c2fbb3f5f,Ambulatory,No
,2.16.840.1.113883.3.526.3.1483,Visual Acuity 20/40 or Better,20210214,eCQM Update 2025-05-08,Grouping,2.16.840.1.113883.3.526.2.1731,Visual Acuity 20/40 or Better,SNOMEDCT,2024-09,2.16.840.1.113883.6.96,Eligible Clinicians,Cataracts: 20/40 or Better Visual Acuity within 90 Days Following Cataract Surgery,CMS133v14,0565e,14,39e0424a-1727-4629-89e2-c46c2fbb3f5f,Ambulatory,No
Allergy/Intolerance,2.16.840.1.113883.3.526.3.1489,ACE Inhibitor or ARB or ARNI Ingredient,20230217,eCQM Update 2025-05-08,Grouping,2.16.840.1.113883.3.526.2.1926,ACE Inhibitor or ARB or ARNI Ingredient,RXNORM,2025-01,2.16.840.1.113883.6.88,Eligible Clinicians,Heart Failure (HF): Angiotensin-Converting Enzyme (ACE) Inhibitor or Angiotensin Receptor Blocker (ARB) or Angiotensin Receptor-Neprilysin Inhibitor (ARNI) Therapy for Left Ventricular Systolic Dysfunction (LVSD),CMS135v14,0081e,14,430ffc53-4122-4421-88cc-2edd8117bb3c,Ambulatory,No
Condition/Diagnosis/Problem,2.16.840.1.113883.3.526.3.1211,Allergy to ACE Inhibitor or ARB,20170908,eCQM Update 2025-05-08,Grouping,2.16.840.1.113883.3.526.2.1256,Allergy to ACE Inhibitor or ARB,SNOMEDCT,2024-09,2.16.840.1.113883.6.96,Eligible Clinicians,Heart Failure (HF): Angiotensin-Converting Enzyme (ACE) Inhibitor or Angiotensin Receptor Blocker (ARB) or Angiotensin Receptor-Neprilysin Inhibitor (ARNI) Therapy for Left Ventricular Systolic Dysfunction (LVSD),CMS135v14,0081e,14,430ffc53-4122-4421-88cc-2edd8117bb3c,Ambulatory,No
Condition/Diagnosis/Problem,2.16.840.1.113883.3.526.3.376,Heart Failure,20210218,eCQM Update 2025-05-08,Grouping,2.16.840.1.113883.3.526.2.25,Heart Failure,SNOMEDCT,2024-09,2.16.840.1.113883.6.96,Eligible Clinicians,Heart Failure (HF): Angiotensin-Converting Enzyme (ACE) Inhibitor or Angiotensin Receptor Blocker (ARB) or Angiotensin Receptor-Neprilysin Inhibitor (ARNI) Therapy for Left Ventricular Systolic Dysfunction (LVSD),CMS135v14,0081e,14,430ffc53-4122-4421-88cc-2edd8117bb3c,Ambulatory,No
Condition/Diagnosis/Problem,2.16.840.1.113883.3.526.3.376,Heart Failure,20210218,eCQM Update 2025-05-08,Grouping,2.16.840.1.113883.3.526.2.24,Heart Failure,ICD10CM,2025,2.16.840.1.113883.6.90,Eligible Clinicians,Heart Failure (HF): Angiotensin-Converting Enzyme (ACE) Inhibitor or Angiotensin Receptor Blocker (ARB) or Angiotensin Receptor-Neprilysin Inhibitor (ARNI) Therapy for Left Ventricular Systolic Dysfunction (LVSD),CMS135v14,0081e,14,430ffc53-4122-4421-88cc-2edd8117bb3c,Ambulatory,No
Condition/Diagnosis/Problem,2.16.840.1.113762.1.4.1178.56,Heart Transplant Complications,20220218,eCQM Update 2025-05-08,Grouping,2.16.840.1.113762.1.4.1178.54,Heart Transplant Complications,ICD10CM,2025,2.16.840.1.113883.6.90,Eligible Clinicians,Heart Failure (HF): Angiotensin-Converting Enzyme (ACE) Inhibitor or Angiotensin Receptor Blocker (ARB) or Angiotensin Receptor-Neprilysin Inhibitor (ARNI) Therapy for Left Ventricular Systolic Dysfunction (LVSD),CMS135v14,0081e,14,430ffc53-4122-4421-88cc-2edd8117bb3c,Ambulatory,No
Condition/Diagnosis/Problem,2.16.840.1.113762.1.4.1178.56,Heart Transplant Complications,20220218,eCQM Update 2025-05-08,Grouping,2.16.840.1.113762.1.4.1178.55,Heart Transplant Complications,SNOMEDCT,2024-09,2.16.840.1.113883.6.96,Eligible Clinicians,Heart Failure (HF): Angiotensin-Converting Enzyme (ACE) Inhibitor or Angiotensin Receptor Blocker (ARB) or Angiotensin Receptor-Neprilysin Inhibitor (ARNI) Therapy for Left Ventricular Systolic Dysfunction (LVSD),CMS135v14,0081e,14,430ffc53-4122-4421-88cc-2edd8117bb3c,Ambulatory,No
Condition/Diagnosis/Problem,2.16.840.1.113883.3.526.3.1212,Intolerance to ACE Inhibitor or ARB,20170504,eCQM Update 2025-05-08,Grouping,2.16.840.1.113883.3.526.2.1257,Intolerance to ACE Inhibitor or ARB,SNOMEDCT,2024-09,2.16.840.1.113883.6.96,Eligible Clinicians,Heart Failure (HF): Angiotensin-Converting Enzyme (ACE) Inhibitor or Angiotensin Receptor Blocker (ARB) or Angiotensin Receptor-Neprilysin Inhibitor (ARNI) Therapy for Left Ventricular Systolic Dysfunction (LVSD),CMS135v14,0081e,14,430ffc53-4122-4421-88cc-2edd8117bb3c,Ambulatory,No
Condition/Diagnosis/Problem,2.16.840.1.113762.1.4.1178.58,Left Ventricular Assist Device Complications,20220218,eCQM Update 2025-05-08,Grouping,2.16.840.1.113762.1.4.1178.57,Left Ventricular Assist Device Complications,SNOMEDCT,2024-09,2.16.840.1.113883.6.96,Eligible Clinicians,Heart Failure (HF): Angiotensin-Converting Enzyme (ACE) Inhibitor or Angiotensin Receptor Blocker (ARB) or Angiotensin Receptor-Neprilysin Inhibitor (ARNI) Therapy for Left Ventricular Systolic Dysfunction (LVSD),CMS135v14,0081e,14,430ffc53-4122-4421-88cc-2edd8117bb3c,Ambulatory,No
Condition/Diagnosis/Problem,2.16.840.1.113883.3.526.3.1090,Moderate or Severe LVSD,20170504,eCQM Update 2025-05-08,Grouping,2.16.840.1.113883.3.526.2.861,Moderate or Severe LVSD,SNOMEDCT,2024-09,2.16.840.1.113883.6.96,Eligible Clinicians,Heart Failure (HF): Angiotensin-Converting Enzyme (ACE) Inhibitor or Angiotensin Receptor Blocker (ARB) or Angiotensin Receptor-Neprilysin Inhibitor (ARNI) Therapy for Left Ventricular Systolic Dysfunction (LVSD),CMS135v14,0081e,14,430ffc53-4122-4421-88cc-2edd8117bb3c,Ambulatory,No
Condition/Diagnosis/Problem,2.16.840.1.113883.3.526.3.378,Pregnancy,20210218,eCQM Update 2025-05-08,Grouping,2.16.840.1.113883.3.526.2.242,Pregnancy,ICD10CM,2025,2.16.840.1.113883.6.90,Eligible Clinicians,Heart Failure (HF): Angiotensin-Converting Enzyme (ACE) Inhibitor or Angiotensin Receptor Blocker (ARB) or Angiotensin Receptor-Neprilysin Inhibitor (ARNI) Therapy for Left Ventricular Systolic Dysfunction (LVSD),CMS135v14,0081e,14,430ffc53-4122-4421-88cc-2edd8117bb3c,Ambulatory,No
Condition/Diagnosis/Problem,2.16.840.1.113883.3.526.3.378,Pregnancy,20210218,eCQM Update 2025-05-08,Grouping,2.16.840.1.113883.3.526.2.532,Pregnancy,SNOMEDCT,2024-09,2.16.840.1.113883.6.96,Eligible Clinicians,Heart Failure (HF): Angiotensin-Converting Enzyme (ACE) Inhibitor or Angiotensin Receptor Blocker (ARB) or Angiotensin Receptor-Neprilysin Inhibitor (ARNI) Therapy for Left Ventricular Systolic Dysfunction (LVSD),CMS135v14,0081e,14,430ffc53-4122-4421-88cc-2edd8117bb3c,Ambulatory,No
Diagnostic Study,2.16.840.1.113883.3.526.3.1134,Ejection Fraction,20170504,eCQM Update 2025-05-08,Grouping,2.16.840.1.113883.3.526.2.1238,Ejection Fraction,LOINC,2.78,2.16.840.1.113883.6.1,Eligible Clinicians,Heart Failure (HF): Angiotensin-Converting Enzyme (ACE) Inhibitor or Angiotensin Receptor Blocker (ARB) or Angiotensin Receptor-Neprilysin Inhibitor (ARNI) Therapy for Left Ventricular Systolic Dysfunction (LVSD),CMS135v14,0081e,14,430ffc53-4122-4421-88cc-2edd8117bb3c,Ambulatory,No
Encounter,2.16.840.1.113883.3.464.1003.101.12.1014,Care Services in Long Term Residential Facility,20240203,eCQM Update 2025-05-08,Grouping,2.16.840.1.113883.3.464.1003.101.11.1262,Care Services in Long Term Residential Facility,SNOMEDCT,2024-09,2.16.840.1.113883.6.96,Eligible Clinicians,Heart Failure (HF): Angiotensin-Converting Enzyme (ACE) Inhibitor or Angiotensin Receptor Blocker (ARB) or Angiotensin Receptor-Neprilysin Inhibitor (ARNI) Therapy for Left Ventricular Systolic Dysfunction (LVSD),CMS135v14,0081e,14,430ffc53-4122-4421-88cc-2edd8117bb3c,Ambulatory,No
Encounter,2.16.840.1.113883.3.464.1003.101.12.1016,Home Healthcare Services,20240110,eCQM Update 2025-05-08,Grouping,2.16.840.1.113883.3.464.1003.101.11.1080,Home Healthcare Services,CPT,2025,2.16.840.1.113883.6.12,Eligible Clinicians,Heart Failure (HF): Angiotensin-Converting Enzyme (ACE) Inhibitor or Angiotensin Receptor Blocker (ARB) or Angiotensin Receptor-Neprilysin Inhibitor (ARNI) Therapy for Left Ventricular Systolic Dysfunction (LVSD),CMS135v14,0081e,14,430ffc53-4122-4421-88cc-2edd8117bb3c,Ambulatory,No
Encounter,2.16.840.1.113883.3.464.1003.101.12.1016,Home Healthcare Services,20240110,eCQM Update 2025-05-08,Grouping,2.16.840.1.113883.3.464.1003.101.11.1265,Home Healthcare Services,SNOMEDCT,2024-09,2.16.840.1.113883.6.96,Eligible Clinicians,Heart Failure (HF): Angiotensin-Converting Enzyme (ACE) Inhibitor or Angiotensin Receptor Blocker (ARB) or Angiotensin Receptor-Neprilysin Inhibitor (ARNI) Therapy for Left Ventricular Systolic Dysfunction (LVSD),CMS135v14,0081e,14,430ffc53-4122-4421-88cc-2edd8117bb3c,Ambulatory,No
Encounter,2.16.840.1.113883.3.464.1003.101.12.1012,Nursing Facility Visit,20240110,eCQM Update 2025-05-08,Grouping,2.16.840.1.113883.3.464.1003.101.11.1060,Nursing Facility Visit,CPT,2025,2.16.840.1.113883.6.12,Eligible Clinicians,Heart Failure (HF): Angiotensin-Converting Enzyme (ACE) Inhibitor or Angiotensin Receptor Blocker (ARB) or Angiotensin Receptor-Neprilysin Inhibitor (ARNI) Therapy for Left Ventricular Systolic Dysfunction (LVSD),CMS135v14,0081e,14,430ffc53-4122-4421-88cc-2edd8117bb3c,Ambulatory,No
Encounter,2.16.840.1.113883.3.464.1003.101.12.1012,Nursing Facility Visit,20240110,eCQM Update 2025-05-08,Grouping,2.16.840.1.113883.3.464.1003.101.11.1261,Nursing Facility Visit,SNOMEDCT,2024-09,2.16.840.1.113883.6.96,Eligible Clinicians,Heart Failure (HF): Angiotensin-Converting Enzyme (ACE) Inhibitor or Angiotensin Receptor Blocker (ARB) or Angiotensin Receptor-Neprilysin Inhibitor (ARNI) Therapy for Left Ventricular Systolic Dysfunction (LVSD),CMS135v14,0081e,14,430ffc53-4122-4421-88cc-2edd8117bb3c,Ambulatory,No
Encounter,2.16.840.1.113883.3.464.1003.101.12.1001,Office Visit,20180310,eCQM Update 2025-05-08,Grouping,2.16.840.1.113883.3.464.1003.101.11.1005,Office Visit,CPT,2025,2.16.840.1.113883.6.12,Eligible Clinicians,Heart Failure (HF): Angiotensin-Converting Enzyme (ACE) Inhibitor or Angiotensin Receptor Blocker (ARB) or Angiotensin Receptor-Neprilysin Inhibitor (ARNI) Therapy for Left Ventricular Systolic Dysfunction (LVSD),CMS135v14,0081e,14,430ffc53-4122-4421-88cc-2edd8117bb3c,Ambulatory,No
Encounter,2.16.840.1.113883.3.464.1003.101.12.1001,Office Visit,20180310,eCQM Update 2025-05-08,Grouping,2.16.840.1.113883.3.464.1003.101.11.1264,Office Visit,SNOMEDCT,2024-09,2.16.840.1.113883.6.96,Eligible Clinicians,Heart Failure (HF): Angiotensin-Converting Enzyme (ACE) Inhibitor or Angiotensin Receptor Blocker (ARB) or Angiotensin Receptor-Neprilysin Inhibitor (ARNI) Therapy for Left Ventricular Systolic Dysfunction (LVSD),CMS135v14,0081e,14,430ffc53-4122-4421-88cc-2edd8117bb3c,Ambulatory,No
Encounter,2.16.840.1.113883.3.464.1003.101.12.1008,Outpatient Consultation,20240110,eCQM Update 2025-05-08,Grouping,2.16.840.1.113883.3.464.1003.101.11.1040,Outpatient Consultation,CPT,2025,2.16.840.1.113883.6.12,Eligible Clinicians,Heart Failure (HF): Angiotensin-Converting Enzyme (ACE) Inhibitor or Angiotensin Receptor Blocker (ARB) or Angiotensin Receptor-Neprilysin Inhibitor (ARNI) Therapy for Left Ventricular Systolic Dysfunction (LVSD),CMS135v14,0081e,14,430ffc53-4122-4421-88cc-2edd8117bb3c,Ambulatory,No
Encounter,2.16.840.1.113883.3.464.1003.101.12.1008,Outpatient Consultation,20240110,eCQM Update 2025-05-08,Grouping,2.16.840.1.113883.3.464.1003.101.11.1266,Outpatient Consultation,SNOMEDCT,2024-09,2.16.840.1.113883.6.96,Eligible Clinicians,Heart Failure (HF): Angiotensin-Converting Enzyme (ACE) Inhibitor or Angiotensin Receptor Blocker (ARB) or Angiotensin Receptor-Neprilysin Inhibitor (ARNI) Therapy for Left Ventricular Systolic Dysfunction (LVSD),CMS135v14,0081e,14,430ffc53-4122-4421-88cc-2edd8117bb3c,Ambulatory,No
Encounter,2.16.840.1.113883.3.526.3.1012,Patient Provider Interaction,20170504,eCQM Update 2025-05-08,Grouping,2.16.840.1.113883.3.526.2.1049,Patient Provider Interaction,SNOMEDCT,2024-09,2.16.840.1.113883.6.96,Eligible Clinicians,Heart Failure (HF): Angiotensin-Converting Enzyme (ACE) Inhibitor or Angiotensin Receptor Blocker (ARB) or Angiotensin Receptor-Neprilysin Inhibitor (ARNI) Therapy for Left Ventricular Systolic Dysfunction (LVSD),CMS135v14,0081e,14,430ffc53-4122-4421-88cc-2edd8117bb3c,Ambulatory,No
Individual Characteristic,2.16.840.1.114222.4.11.837,Ethnicity,20121025,eCQM Update 2025-05-08,Extensional,,,CDCREC,1.2,2.16.840.1.113883.6.238,Eligible Clinicians,Heart Failure (HF): Angiotensin-Converting Enzyme (ACE) Inhibitor or Angiotensin Receptor Blocker (ARB) or Angiotensin Receptor-Neprilysin Inhibitor (ARNI) Therapy for Left Ventricular Systolic Dysfunction (LVSD),CMS135v14,0081e,14,430ffc53-4122-4421-88cc-2edd8117bb3c,Ambulatory,Yes
Individual Characteristic,2.16.840.1.113762.1.4.1021.121,Federal Administrative Sex,20250228,eCQM Update 2025-05-08,Extensional,,,SNOMEDCT,2024-09,2.16.840.1.113883.6.96,Eligible Clinicians,Heart Failure (HF): Angiotensin-Converting Enzyme (ACE) Inhibitor or Angiotensin Receptor Blocker (ARB) or Angiotensin Receptor-Neprilysin Inhibitor (ARNI) Therapy for Left Ventricular Systolic Dysfunction (LVSD),CMS135v14,0081e,14,430ffc53-4122-4421-88cc-2edd8117bb3c,Ambulatory,Yes
Individual Characteristic,2.16.840.1.114222.4.11.3591,Payer Type,20221118,eCQM Update 2025-05-08,Intensional,,,SOP,9.2,2.16.840.1.113883.3.221.5,Eligible Clinicians,Heart Failure (HF): Angiotensin-Converting Enzyme (ACE) Inhibitor or Angiotensin Receptor Blocker (ARB) or Angiotensin Receptor-Neprilysin Inhibitor (ARNI) Therapy for Left Ventricular Systolic Dysfunction (LVSD),CMS135v14,0081e,14,430ffc53-4122-4421-88cc-2edd8117bb3c,Ambulatory,Yes
Individual Characteristic,2.16.840.1.114222.4.11.836,Race,20121025,eCQM Update 2025-05-08,Extensional,,,CDCREC,1.2,2.16.840.1.113883.6.238,Eligible Clinicians,Heart Failure (HF): Angiotensin-Converting Enzyme (ACE) Inhibitor or Angiotensin Receptor Blocker (ARB) or Angiotensin Receptor-Neprilysin Inhibitor (ARNI) Therapy for Left Ventricular Systolic Dysfunction (LVSD),CMS135v14,0081e,14,430ffc53-4122-4421-88cc-2edd8117bb3c,Ambulatory,Yes
Medication,2.16.840.1.113883.3.526.3.1139,ACE Inhibitor or ARB or ARNI,20210218,eCQM Update 2025-05-08,Grouping,2.16.840.1.113883.3.526.2.39,ACE Inhibitor or ARB or ARNI,RXNORM,2025-01,2.16.840.1.113883.6.88,Eligible Clinicians,Heart Failure (HF): Angiotensin-Converting Enzyme (ACE) Inhibitor or Angiotensin Receptor Blocker (ARB) or Angiotensin Receptor-Neprilysin Inhibitor (ARNI) Therapy for Left Ventricular Systolic Dysfunction (LVSD),CMS135v14,0081e,14,430ffc53-4122-4421-88cc-2edd8117bb3c,Ambulatory,No
Procedure,2.16.840.1.113762.1.4.1178.33,Heart Transplant,20220218,eCQM Update 2025-05-08,Grouping,2.16.840.1.113762.1.4.1178.31,Heart Transplant,CPT,2025,2.16.840.1.113883.6.12,Eligible Clinicians,Heart Failure (HF): Angiotensin-Converting Enzyme (ACE) Inhibitor or Angiotensin Receptor Blocker (ARB) or Angiotensin Receptor-Neprilysin Inhibitor (ARNI) Therapy for Left Ventricular Systolic Dysfunction (LVSD),CMS135v14,0081e,14,430ffc53-4122-4421-88cc-2edd8117bb3c,Ambulatory,No
Procedure,2.16.840.1.113762.1.4.1178.33,Heart Transplant,20220218,eCQM Update 2025-05-08,Grouping,2.16.840.1.113762.1.4.1178.32,Heart Transplant,SNOMEDCT,2024-09,2.16.840.1.113883.6.96,Eligible Clinicians,Heart Failure (HF): Angiotensin-Converting Enzyme (ACE) Inhibitor or Angiotensin Receptor Blocker (ARB) or Angiotensin Receptor-Neprilysin Inhibitor (ARNI) Therapy for Left Ventricular Systolic Dysfunction (LVSD),CMS135v14,0081e,14,430ffc53-4122-4421-88cc-2edd8117bb3c,Ambulatory,No
Procedure,2.16.840.1.113762.1.4.1178.61,Left Ventricular Assist Device Placement,20220218,eCQM Update 2025-05-08,Grouping,2.16.840.1.113762.1.4.1178.60,Left Ventricular Assist Device Placement,SNOMEDCT,2024-09,2.16.840.1.113883.6.96,Eligible Clinicians,Heart Failure (HF): Angiotensin-Converting Enzyme (ACE) Inhibitor or Angiotensin Receptor Blocker (ARB) or Angiotensin Receptor-Neprilysin Inhibitor (ARNI) Therapy for Left Ventricular Systolic Dysfunction (LVSD),CMS135v14,0081e,14,430ffc53-4122-4421-88cc-2edd8117bb3c,Ambulatory,No
Procedure,2.16.840.1.113762.1.4.1178.61,Left Ventricular Assist Device Placement,20220218,eCQM Update 2025-05-08,Grouping,2.16.840.1.113762.1.4.1178.62,Left Ventricular Assist Device Placement,CPT,2025,2.16.840.1.113883.6.12,Eligible Clinicians,Heart Failure (HF): Angiotensin-Converting Enzyme (ACE) Inhibitor or Angiotensin Receptor Blocker (ARB) or Angiotensin Receptor-Neprilysin Inhibitor (ARNI) Therapy for Left Ventricular Systolic Dysfunction (LVSD),CMS135v14,0081e,14,430ffc53-4122-4421-88cc-2edd8117bb3c,Ambulatory,No
,2.16.840.1.113883.3.526.3.1007,Medical Reason,20170504,eCQM Update 2025-05-08,Grouping,2.16.840.1.113883.3.526.2.313,Medical Reason,SNOMEDCT,2024-09,2.16.840.1.113883.6.96,Eligible Clinicians,Heart Failure (HF): Angiotensin-Converting Enzyme (ACE) Inhibitor or Angiotensin Receptor Blocker (ARB) or Angiotensin Receptor-Neprilysin Inhibitor (ARNI) Therapy for Left Ventricular Systolic Dysfunction (LVSD),CMS135v14,0081e,14,430ffc53-4122-4421-88cc-2edd8117bb3c,Ambulatory,No
,2.16.840.1.113883.3.526.3.1092,Moderate or Severe,20170504,eCQM Update 2025-05-08,Grouping,2.16.840.1.113883.3.526.2.860,Moderate or Severe,SNOMEDCT,2024-09,2.16.840.1.113883.6.96,Eligible Clinicians,Heart Failure (HF): Angiotensin-Converting Enzyme (ACE) Inhibitor or Angiotensin Receptor Blocker (ARB) or Angiotensin Receptor-Neprilysin Inhibitor (ARNI) Therapy for Left Ventricular Systolic Dysfunction (LVSD),CMS135v14,0081e,14,430ffc53-4122-4421-88cc-2edd8117bb3c,Ambulatory,No
,2.16.840.1.113883.3.526.3.1008,Patient Reason,20170504,eCQM Update 2025-05-08,Grouping,2.16.840.1.113883.3.526.2.311,Patient Reason,SNOMEDCT,2024-09,2.16.840.1.113883.6.96,Eligible Clinicians,Heart Failure (HF): Angiotensin-Converting Enzyme (ACE) Inhibitor or Angiotensin Receptor Blocker (ARB) or Angiotensin Receptor-Neprilysin Inhibitor (ARNI) Therapy for Left Ventricular Systolic Dysfunction (LVSD),CMS135v14,0081e,14,430ffc53-4122-4421-88cc-2edd8117bb3c,Ambulatory,No
,2.16.840.1.113883.3.526.3.1140,Patient Reason for ACE Inhibitor or ARB Decline,20170504,eCQM Update 2025-05-08,Grouping,2.16.840.1.113883.3.526.2.305,Patient Reason for ACE Inhibitor or ARB Decline,SNOMEDCT,2024-09,2.16.840.1.113883.6.96,Eligible Clinicians,Heart Failure (HF): Angiotensin-Converting Enzyme (ACE) Inhibitor or Angiotensin Receptor Blocker (ARB) or Angiotensin Receptor-Neprilysin Inhibitor (ARNI) Therapy for Left Ventricular Systolic Dysfunction (LVSD),CMS135v14,0081e,14,430ffc53-4122-4421-88cc-2edd8117bb3c,Ambulatory,No
Condition/Diagnosis/Problem,2.16.840.1.113883.3.464.1003.1165,Hospice Diagnosis,20220818,eCQM Update 2025-05-08,Grouping,2.16.840.1.113883.3.464.1003.1166,Hospice Diagnosis,SNOMEDCT,2024-09,2.16.840.1.113883.6.96,Eligible Clinicians,Follow-Up Care for Children Prescribed ADHD Medication,CMS136v15,Not Applicable,15,703cc49b-b653-4885-80e8-245a057f5ae9,Ambulatory,No
Condition/Diagnosis/Problem,2.16.840.1.113883.3.464.1003.114.12.1011,Narcolepsy,20240112,eCQM Update 2025-05-08,Grouping,2.16.840.1.113883.3.464.1003.114.11.1023,Narcolepsy,ICD10CM,2025,2.16.840.1.113883.6.90,Eligible Clinicians,Follow-Up Care for Children Prescribed ADHD Medication,CMS136v15,Not Applicable,15,703cc49b-b653-4885-80e8-245a057f5ae9,Ambulatory,No
Condition/Diagnosis/Problem,2.16.840.1.113883.3.464.1003.114.12.1011,Narcolepsy,20240112,eCQM Update 2025-05-08,Grouping,2.16.840.1.113883.3.464.1003.114.11.1021,Narcolepsy,SNOMEDCT,2024-09,2.16.840.1.113883.6.96,Eligible Clinicians,Follow-Up Care for Children Prescribed ADHD Medication,CMS136v15,Not Applicable,15,703cc49b-b653-4885-80e8-245a057f5ae9,Ambulatory,No
Encounter,2.16.840.1.113883.3.464.1003.101.12.1054,Behavioral Health Follow up Visit,20170504,eCQM Update 2025-05-08,Grouping,2.16.840.1.113883.3.464.1003.101.11.1221,Behavioral Health Follow up Visit,CPT,2025,2.16.840.1.113883.6.12,Eligible Clinicians,Follow-Up Care for Children Prescribed ADHD Medication,CMS136v15,Not Applicable,15,703cc49b-b653-4885-80e8-245a057f5ae9,Ambulatory,No
Encounter,2.16.840.1.113883.3.666.5.307,Encounter Inpatient,20200307,eCQM Update 2025-05-08,Extensional,,,SNOMEDCT,2024-09,2.16.840.1.113883.6.96,Eligible Clinicians,Follow-Up Care for Children Prescribed ADHD Medication,CMS136v15,Not Applicable,15,703cc49b-b653-4885-80e8-245a057f5ae9,Ambulatory,No
Encounter,2.16.840.1.113883.3.464.1003.101.12.1016,Home Healthcare Services,20240110,eCQM Update 2025-05-08,Grouping,2.16.840.1.113883.3.464.1003.101.11.1265,Home Healthcare Services,SNOMEDCT,2024-09,2.16.840.1.113883.6.96,Eligible Clinicians,Follow-Up Care for Children Prescribed ADHD Medication,CMS136v15,Not Applicable,15,703cc49b-b653-4885-80e8-245a057f5ae9,Ambulatory,No
Encounter,2.16.840.1.113883.3.464.1003.101.12.1016,Home Healthcare Services,20240110,eCQM Update 2025-05-08,Grouping,2.16.840.1.113883.3.464.1003.101.11.1080,Home Healthcare Services,CPT,2025,2.16.840.1.113883.6.12,Eligible Clinicians,Follow-Up Care for Children Prescribed ADHD Medication,CMS136v15,Not Applicable,15,703cc49b-b653-4885-80e8-245a057f5ae9,Ambulatory,No
Encounter,2.16.840.1.113883.3.464.1003.1003,Hospice Encounter,20210820,eCQM Update 2025-05-08,Grouping,2.16.840.1.113883.3.464.1003.1001,Hospice Encounter,HCPCS,2025,2.16.840.1.113883.6.285,Eligible Clinicians,Follow-Up Care for Children Prescribed ADHD Medication,CMS136v15,Not Applicable,15,703cc49b-b653-4885-80e8-245a057f5ae9,Ambulatory,No
Encounter,2.16.840.1.113883.3.464.1003.1003,Hospice Encounter,20210820,eCQM Update 2025-05-08,Grouping,2.16.840.1.113883.3.464.1003.1002,Hospice Encounter,SNOMEDCT,2024-09,2.16.840.1.113883.6.96,Eligible Clinicians,Follow-Up Care for Children Prescribed ADHD Medication,CMS136v15,Not Applicable,15,703cc49b-b653-4885-80e8-245a057f5ae9,Ambulatory,No
Encounter,2.16.840.1.113883.3.464.1003.101.12.1001,Office Visit,20180310,eCQM Update 2025-05-08,Grouping,2.16.840.1.113883.3.464.1003.101.11.1264,Office Visit,SNOMEDCT,2024-09,2.16.840.1.113883.6.96,Eligible Clinicians,Follow-Up Care for Children Prescribed ADHD Medication,CMS136v15,Not Applicable,15,703cc49b-b653-4885-80e8-245a057f5ae9,Ambulatory,No
Encounter,2.16.840.1.113883.3.464.1003.101.12.1001,Office Visit,20180310,eCQM Update 2025-05-08,Grouping,2.16.840.1.113883.3.464.1003.101.11.1005,Office Visit,CPT,2025,2.16.840.1.113883.6.12,Eligible Clinicians,Follow-Up Care for Children Prescribed ADHD Medication,CMS136v15,Not Applicable,15,703cc49b-b653-4885-80e8-245a057f5ae9,Ambulatory,No
Encounter,2.16.840.1.113883.3.464.1003.101.12.1008,Outpatient Consultation,20240110,eCQM Update 2025-05-08,Grouping,2.16.840.1.113883.3.464.1003.101.11.1040,Outpatient Consultation,CPT,2025,2.16.840.1.113883.6.12,Eligible Clinicians,Follow-Up Care for Children Prescribed ADHD Medication,CMS136v15,Not Applicable,15,703cc49b-b653-4885-80e8-245a057f5ae9,Ambulatory,No
Encounter,2.16.840.1.113883.3.464.1003.101.12.1008,Outpatient Consultation,20240110,eCQM Update 2025-05-08,Grouping,2.16.840.1.113883.3.464.1003.101.11.1266,Outpatient Consultation,SNOMEDCT,2024-09,2.16.840.1.113883.6.96,Eligible Clinicians,Follow-Up Care for Children Prescribed ADHD Medication,CMS136v15,Not Applicable,15,703cc49b-b653-4885-80e8-245a057f5ae9,Ambulatory,No
Encounter,2.16.840.1.113883.3.464.1003.101.12.1027,Preventive Care Services Group Counseling,20170504,eCQM Update 2025-05-08,Grouping,2.16.840.1.113883.3.464.1003.101.11.1135,Preventive Care Services Group Counseling,CPT,2025,2.16.840.1.113883.6.12,Eligible Clinicians,Follow-Up Care for Children Prescribed ADHD Medication,CMS136v15,Not Applicable,15,703cc49b-b653-4885-80e8-245a057f5ae9,Ambulatory,No
Encounter,2.16.840.1.113883.3.464.1003.101.12.1026,Preventive Care Services Individual Counseling,20170504,eCQM Update 2025-05-08,Grouping,2.16.840.1.113883.3.464.1003.101.11.1130,Preventive Care Services Individual Counseling,CPT,2025,2.16.840.1.113883.6.12,Eligible Clinicians,Follow-Up Care for Children Prescribed ADHD Medication,CMS136v15,Not Applicable,15,703cc49b-b653-4885-80e8-245a057f5ae9,Ambulatory,No
Encounter,2.16.840.1.113883.3.464.1003.101.12.1022,"Preventive Care Services, Initial Office Visit, 0 to 17",20170504,eCQM Update 2025-05-08,Grouping,2.16.840.1.113883.3.464.1003.101.11.1110,"Preventive Care, Initial Office Visit, 0 to 17",CPT,2025,2.16.840.1.113883.6.12,Eligible Clinicians,Follow-Up Care for Children Prescribed ADHD Medication,CMS136v15,Not Applicable,15,703cc49b-b653-4885-80e8-245a057f5ae9,Ambulatory,No
Encounter,2.16.840.1.113883.3.464.1003.101.12.1024,"Preventive Care, Established Office Visit, 0 to 17",20170504,eCQM Update 2025-05-08,Grouping,2.16.840.1.113883.3.464.1003.101.11.1120,"Preventive Care, Established Office Visit, 0 to 17",CPT,2025,2.16.840.1.113883.6.12,Eligible Clinicians,Follow-Up Care for Children Prescribed ADHD Medication,CMS136v15,Not Applicable,15,703cc49b-b653-4885-80e8-245a057f5ae9,Ambulatory,No
Encounter,2.16.840.1.113883.3.526.3.1492,Psych Visit Diagnostic Evaluation,20190315,eCQM Update 2025-05-08,Grouping,2.16.840.1.113883.3.526.2.1923,Psych Visit Diagnostic Evaluation,CPT,2025,2.16.840.1.113883.6.12,Eligible Clinicians,Follow-Up Care for Children Prescribed ADHD Medication,CMS136v15,Not Applicable,15,703cc49b-b653-4885-80e8-245a057f5ae9,Ambulatory,No
Encounter,2.16.840.1.113883.3.526.3.1492,Psych Visit Diagnostic Evaluation,20190315,eCQM Update 2025-05-08,Grouping,2.16.840.1.113883.3.526.2.1776,Psych Visit Diagnostic Evaluation,SNOMEDCT,2024-09,2.16.840.1.113883.6.96,Eligible Clinicians,Follow-Up Care for Children Prescribed ADHD Medication,CMS136v15,Not Applicable,15,703cc49b-b653-4885-80e8-245a057f5ae9,Ambulatory,No
Encounter,2.16.840.1.113883.3.526.3.1496,Psych Visit Psychotherapy,20190315,eCQM Update 2025-05-08,Grouping,2.16.840.1.113883.3.526.2.1927,Psych Visit Psychotherapy,CPT,2025,2.16.840.1.113883.6.12,Eligible Clinicians,Follow-Up Care for Children Prescribed ADHD Medication,CMS136v15,Not Applicable,15,703cc49b-b653-4885-80e8-245a057f5ae9,Ambulatory,No
Encounter,2.16.840.1.113883.3.526.3.1496,Psych Visit Psychotherapy,20190315,eCQM Update 2025-05-08,Grouping,2.16.840.1.113883.3.526.2.1777,Psych Visit Psychotherapy,SNOMEDCT,2024-09,2.16.840.1.113883.6.96,Eligible Clinicians,Follow-Up Care for Children Prescribed ADHD Medication,CMS136v15,Not Applicable,15,703cc49b-b653-4885-80e8-245a057f5ae9,Ambulatory,No
Encounter,2.16.840.1.113883.3.464.1003.101.12.1055,Psychotherapy and Pharmacologic Management,20170504,eCQM Update 2025-05-08,Grouping,2.16.840.1.113883.3.464.1003.101.11.1222,Psychotherapy and Pharmacologic Management,CPT,2025,2.16.840.1.113883.6.12,Eligible Clinicians,Follow-Up Care for Children Prescribed ADHD Medication,CMS136v15,Not Applicable,15,703cc49b-b653-4885-80e8-245a057f5ae9,Ambulatory,No
Encounter,2.16.840.1.113883.3.464.1003.101.12.1080,Telephone Visits,20250205,eCQM Update 2025-05-08,Grouping,2.16.840.1.113883.3.464.1003.101.11.1260,Telephone Visits,CPT,"2025, 2024",2.16.840.1.113883.6.12,Eligible Clinicians,Follow-Up Care for Children Prescribed ADHD Medication,CMS136v15,Not Applicable,15,703cc49b-b653-4885-80e8-245a057f5ae9,Ambulatory,No
Encounter,2.16.840.1.113883.3.464.1003.101.12.1080,Telephone Visits,20250205,eCQM Update 2025-05-08,Grouping,2.16.840.1.113883.3.464.1003.101.11.1287,Telephone Visits,SNOMEDCT,2024-09,2.16.840.1.113883.6.96,Eligible Clinicians,Follow-Up Care for Children Prescribed ADHD Medication,CMS136v15,Not Applicable,15,703cc49b-b653-4885-80e8-245a057f5ae9,Ambulatory,No
Encounter,2.16.840.1.113883.3.464.1003.101.12.1089,Virtual Encounter,20210224,eCQM Update 2025-05-08,Grouping,2.16.840.1.113883.3.464.1003.101.11.1281,Virtual Encounter,CPT,2025,2.16.840.1.113883.6.12,Eligible Clinicians,Follow-Up Care for Children Prescribed ADHD Medication,CMS136v15,Not Applicable,15,703cc49b-b653-4885-80e8-245a057f5ae9,Ambulatory,No
Encounter,2.16.840.1.113883.3.464.1003.101.12.1089,Virtual Encounter,20210224,eCQM Update 2025-05-08,Grouping,2.16.840.1.113883.3.464.1003.101.11.1282,Virtual Encounter,HCPCS,"2025, 2024",2.16.840.1.113883.6.285,Eligible Clinicians,Follow-Up Care for Children Prescribed ADHD Medication,CMS136v15,Not Applicable,15,703cc49b-b653-4885-80e8-245a057f5ae9,Ambulatory,No
Individual Characteristic,2.16.840.1.114222.4.11.837,Ethnicity,20121025,eCQM Update 2025-05-08,Extensional,,,CDCREC,1.2,2.16.840.1.113883.6.238,Eligible Clinicians,Follow-Up Care for Children Prescribed ADHD Medication,CMS136v15,Not Applicable,15,703cc49b-b653-4885-80e8-245a057f5ae9,Ambulatory,Yes
Individual Characteristic,2.16.840.1.113762.1.4.1021.121,Federal Administrative Sex,20250228,eCQM Update 2025-05-08,Extensional,,,SNOMEDCT,2024-09,2.16.840.1.113883.6.96,Eligible Clinicians,Follow-Up Care for Children Prescribed ADHD Medication,CMS136v15,Not Applicable,15,703cc49b-b653-4885-80e8-245a057f5ae9,Ambulatory,Yes
Individual Characteristic,2.16.840.1.114222.4.11.3591,Payer Type,20221118,eCQM Update 2025-05-08,Intensional,,,SOP,9.2,2.16.840.1.113883.3.221.5,Eligible Clinicians,Follow-Up Care for Children Prescribed ADHD Medication,CMS136v15,Not Applicable,15,703cc49b-b653-4885-80e8-245a057f5ae9,Ambulatory,Yes
Individual Characteristic,2.16.840.1.114222.4.11.836,Race,20121025,eCQM Update 2025-05-08,Extensional,,,CDCREC,1.2,2.16.840.1.113883.6.238,Eligible Clinicians,Follow-Up Care for Children Prescribed ADHD Medication,CMS136v15,Not Applicable,15,703cc49b-b653-4885-80e8-245a057f5ae9,Ambulatory,Yes
Intervention,2.16.840.1.113883.3.526.3.1584,Hospice Care Ambulatory,20210825,eCQM Update 2025-05-08,Grouping,2.16.840.1.113883.3.464.1003.1007,Hospice Care Ambulatory,CPT,2025,2.16.840.1.113883.6.12,Eligible Clinicians,Follow-Up Care for Children Prescribed ADHD Medication,CMS136v15,Not Applicable,15,703cc49b-b653-4885-80e8-245a057f5ae9,Ambulatory,No
Intervention,2.16.840.1.113883.3.526.3.1584,Hospice Care Ambulatory,20210825,eCQM Update 2025-05-08,Grouping,2.16.840.1.113883.3.464.1003.1008,Hospice Care Ambulatory,HCPCS,2025,2.16.840.1.113883.6.285,Eligible Clinicians,Follow-Up Care for Children Prescribed ADHD Medication,CMS136v15,Not Applicable,15,703cc49b-b653-4885-80e8-245a057f5ae9,Ambulatory,No
Intervention,2.16.840.1.113883.3.526.3.1584,Hospice Care Ambulatory,20210825,eCQM Update 2025-05-08,Grouping,2.16.840.1.113762.1.4.1108.15,Hospice Care Ambulatory,SNOMEDCT,2024-09,2.16.840.1.113883.6.96,Eligible Clinicians,Follow-Up Care for Children Prescribed ADHD Medication,CMS136v15,Not Applicable,15,703cc49b-b653-4885-80e8-245a057f5ae9,Ambulatory,No
Medication,2.16.840.1.113883.3.464.1003.1170,Atomoxetine,20220902,eCQM Update 2025-05-08,Extensional,,,RXNORM,2025-01,2.16.840.1.113883.6.88,Eligible Clinicians,Follow-Up Care for Children Prescribed ADHD Medication,CMS136v15,Not Applicable,15,703cc49b-b653-4885-80e8-245a057f5ae9,Ambulatory,No
Medication,2.16.840.1.113883.3.464.1003.1171,Clonidine,20240119,eCQM Update 2025-05-08,Extensional,,,RXNORM,2025-01,2.16.840.1.113883.6.88,Eligible Clinicians,Follow-Up Care for Children Prescribed ADHD Medication,CMS136v15,Not Applicable,15,703cc49b-b653-4885-80e8-245a057f5ae9,Ambulatory,No
Medication,2.16.840.1.113883.3.464.1003.1172,Dexmethylphenidate,20250109,eCQM Update 2025-05-08,Extensional,,,RXNORM,2025-01,2.16.840.1.113883.6.88,Eligible Clinicians,Follow-Up Care for Children Prescribed ADHD Medication,CMS136v15,Not Applicable,15,703cc49b-b653-4885-80e8-245a057f5ae9,Ambulatory,No
Medication,2.16.840.1.113883.3.464.1003.1173,Dextroamphetamine,20220902,eCQM Update 2025-05-08,Extensional,,,RXNORM,2025-01,2.16.840.1.113883.6.88,Eligible Clinicians,Follow-Up Care for Children Prescribed ADHD Medication,CMS136v15,Not Applicable,15,703cc49b-b653-4885-80e8-245a057f5ae9,Ambulatory,No
Medication,2.16.840.1.113883.3.464.1003.196.11.1252,Guanfacine Medications,20240123,eCQM Update 2025-05-08,Extensional,,,RXNORM,2025-01,2.16.840.1.113883.6.88,Eligible Clinicians,Follow-Up Care for Children Prescribed ADHD Medication,CMS136v15,Not Applicable,15,703cc49b-b653-4885-80e8-245a057f5ae9,Ambulatory,No
Medication,2.16.840.1.113883.3.464.1003.1174,Lisdexamfetamine,20220902,eCQM Update 2025-05-08,Extensional,,,RXNORM,2025-01,2.16.840.1.113883.6.88,Eligible Clinicians,Follow-Up Care for Children Prescribed ADHD Medication,CMS136v15,Not Applicable,15,703cc49b-b653-4885-80e8-245a057f5ae9,Ambulatory,No
Medication,2.16.840.1.113883.3.464.1003.1176,Methylphenidate,20240123,eCQM Update 2025-05-08,Extensional,,,RXNORM,2025-01,2.16.840.1.113883.6.88,Eligible Clinicians,Follow-Up Care for Children Prescribed ADHD Medication,CMS136v15,Not Applicable,15,703cc49b-b653-4885-80e8-245a057f5ae9,Ambulatory,No
Medication,2.16.840.1.113883.3.464.1003.1260,Viloxazine,20250109,eCQM Update 2025-05-08,Extensional,,,RXNORM,2025-01,2.16.840.1.113883.6.88,Eligible Clinicians,Follow-Up Care for Children Prescribed ADHD Medication,CMS136v15,Not Applicable,15,703cc49b-b653-4885-80e8-245a057f5ae9,Ambulatory,No
,2.16.840.1.113883.3.464.1003.122.12.1003,Ambulatory,20170504,eCQM Update 2025-05-08,Grouping,2.16.840.1.113883.3.464.1003.122.11.1003,Ambulatory,SNOMEDCT,2024-09,2.16.840.1.113883.6.96,Eligible Clinicians,Follow-Up Care for Children Prescribed ADHD Medication,CMS136v15,Not Applicable,15,703cc49b-b653-4885-80e8-245a057f5ae9,Ambulatory,No
,2.16.840.1.113883.3.464.1003.105.12.1203,Mental Behavioral and Neurodevelopmental Disorders,20210224,eCQM Update 2025-05-08,Grouping,2.16.840.1.113883.3.464.1003.105.11.1206,Mental Behavioral and Neurodevelopmental Disorders,ICD10CM,2025,2.16.840.1.113883.6.90,Eligible Clinicians,Follow-Up Care for Children Prescribed ADHD Medication,CMS136v15,Not Applicable,15,703cc49b-b653-4885-80e8-245a057f5ae9,Ambulatory,No
,2.16.840.1.113883.3.464.1003.105.12.1203,Mental Behavioral and Neurodevelopmental Disorders,20210224,eCQM Update 2025-05-08,Grouping,2.16.840.1.113883.3.464.1003.105.11.1207,Mental Behavioral and Neurodevelopmental Disorders,SNOMEDCT,"2024-09, 2024-03, 2023-09",2.16.840.1.113883.6.96,Eligible Clinicians,Follow-Up Care for Children Prescribed ADHD Medication,CMS136v15,Not Applicable,15,703cc49b-b653-4885-80e8-245a057f5ae9,Ambulatory,No
Condition/Diagnosis/Problem,2.16.840.1.113883.3.464.1003.1165,Hospice Diagnosis,20220818,eCQM Update 2025-05-08,Grouping,2.16.840.1.113883.3.464.1003.1166,Hospice Diagnosis,SNOMEDCT,2024-09,2.16.840.1.113883.6.96,Eligible Clinicians,Initiation and Engagement of Substance Use Disorder Treatment,CMS137v14,Not Applicable,14,c3657d72-21b4-4675-820a-86c7fe293bf5,Ambulatory,No
Condition/Diagnosis/Problem,2.16.840.1.113883.3.464.1003.106.12.1001,Substance Use Disorder,20170504,eCQM Update 2025-05-08,Grouping,2.16.840.1.113883.3.464.1003.106.11.1003,Substance Use Disorder,ICD10CM,2025,2.16.840.1.113883.6.90,Eligible Clinicians,Initiation and Engagement of Substance Use Disorder Treatment,CMS137v14,Not Applicable,14,c3657d72-21b4-4675-820a-86c7fe293bf5,Ambulatory,No
Condition/Diagnosis/Problem,2.16.840.1.113883.3.464.1003.106.12.1001,Substance Use Disorder,20170504,eCQM Update 2025-05-08,Grouping,2.16.840.1.113883.3.464.1003.106.11.1001,Substance Use Disorder,SNOMEDCT,"2024-09, 2024-03",2.16.840.1.113883.6.96,Eligible Clinicians,Initiation and Engagement of Substance Use Disorder Treatment,CMS137v14,Not Applicable,14,c3657d72-21b4-4675-820a-86c7fe293bf5,Ambulatory,No
Encounter,2.16.840.1.113883.3.464.1003.101.12.1059,Detoxification Visit,20170504,eCQM Update 2025-05-08,Grouping,2.16.840.1.113883.3.464.1003.101.11.1228,Detoxification Visit,SNOMEDCT,2024-09,2.16.840.1.113883.6.96,Eligible Clinicians,Initiation and Engagement of Substance Use Disorder Treatment,CMS137v14,Not Applicable,14,c3657d72-21b4-4675-820a-86c7fe293bf5,Ambulatory,No
Encounter,2.16.840.1.113883.3.464.1003.101.12.1007,Discharge Services Hospital Inpatient,20170504,eCQM Update 2025-05-08,Grouping,2.16.840.1.113883.3.464.1003.101.11.1035,Discharge Services Hospital Inpatient,CPT,2025,2.16.840.1.113883.6.12,Eligible Clinicians,Initiation and Engagement of Substance Use Disorder Treatment,CMS137v14,Not Applicable,14,c3657d72-21b4-4675-820a-86c7fe293bf5,Ambulatory,No
Encounter,2.16.840.1.113883.3.464.1003.101.12.1006,Discharge Services Hospital Inpatient Same Day Discharge,20170504,eCQM Update 2025-05-08,Grouping,2.16.840.1.113883.3.464.1003.101.11.1030,Discharge Services Hospital Inpatient Same Day Discharge,CPT,2025,2.16.840.1.113883.6.12,Eligible Clinicians,Initiation and Engagement of Substance Use Disorder Treatment,CMS137v14,Not Applicable,14,c3657d72-21b4-4675-820a-86c7fe293bf5,Ambulatory,No
Encounter,2.16.840.1.113883.3.464.1003.101.12.1010,Emergency Department Evaluation and Management Visit,20210928,eCQM Update 2025-05-08,Grouping,2.16.840.1.113883.3.117.1.7.1.292,Emergency Department Visit,SNOMEDCT,2024-09,2.16.840.1.113883.6.96,Eligible Clinicians,Initiation and Engagement of Substance Use Disorder Treatment,CMS137v14,Not Applicable,14,c3657d72-21b4-4675-820a-86c7fe293bf5,Ambulatory,No
Encounter,2.16.840.1.113883.3.464.1003.101.12.1010,Emergency Department Evaluation and Management Visit,20210928,eCQM Update 2025-05-08,Grouping,2.16.840.1.113883.3.464.1003.101.11.1050,Emergency Department Evaluation and Management Visit,CPT,2025,2.16.840.1.113883.6.12,Eligible Clinicians,Initiation and Engagement of Substance Use Disorder Treatment,CMS137v14,Not Applicable,14,c3657d72-21b4-4675-820a-86c7fe293bf5,Ambulatory,No
Encounter,2.16.840.1.113883.3.666.5.307,Encounter Inpatient,20200307,eCQM Update 2025-05-08,Extensional,,,SNOMEDCT,2024-09,2.16.840.1.113883.6.96,Eligible Clinicians,Initiation and Engagement of Substance Use Disorder Treatment,CMS137v14,Not Applicable,14,c3657d72-21b4-4675-820a-86c7fe293bf5,Ambulatory,No
Encounter,2.16.840.1.113883.3.464.1003.1003,Hospice Encounter,20210820,eCQM Update 2025-05-08,Grouping,2.16.840.1.113883.3.464.1003.1001,Hospice Encounter,HCPCS,2025,2.16.840.1.113883.6.285,Eligible Clinicians,Initiation and Engagement of Substance Use Disorder Treatment,CMS137v14,Not Applicable,14,c3657d72-21b4-4675-820a-86c7fe293bf5,Ambulatory,No
Encounter,2.16.840.1.113883.3.464.1003.1003,Hospice Encounter,20210820,eCQM Update 2025-05-08,Grouping,2.16.840.1.113883.3.464.1003.1002,Hospice Encounter,SNOMEDCT,2024-09,2.16.840.1.113883.6.96,Eligible Clinicians,Initiation and Engagement of Substance Use Disorder Treatment,CMS137v14,Not Applicable,14,c3657d72-21b4-4675-820a-86c7fe293bf5,Ambulatory,No
Encounter,2.16.840.1.113883.3.464.1003.101.12.1004,Initial Hospital Inpatient Visit,20170504,eCQM Update 2025-05-08,Grouping,2.16.840.1.113883.3.464.1003.101.11.1020,Initial Hospital Inpatient Visit,CPT,2025,2.16.840.1.113883.6.12,Eligible Clinicians,Initiation and Engagement of Substance Use Disorder Treatment,CMS137v14,Not Applicable,14,c3657d72-21b4-4675-820a-86c7fe293bf5,Ambulatory,No
Encounter,2.16.840.1.113883.3.464.1003.101.12.1001,Office Visit,20180310,eCQM Update 2025-05-08,Grouping,2.16.840.1.113883.3.464.1003.101.11.1264,Office Visit,SNOMEDCT,2024-09,2.16.840.1.113883.6.96,Eligible Clinicians,Initiation and Engagement of Substance Use Disorder Treatment,CMS137v14,Not Applicable,14,c3657d72-21b4-4675-820a-86c7fe293bf5,Ambulatory,No
Encounter,2.16.840.1.113883.3.464.1003.101.12.1001,Office Visit,20180310,eCQM Update 2025-05-08,Grouping,2.16.840.1.113883.3.464.1003.101.11.1005,Office Visit,CPT,2025,2.16.840.1.113883.6.12,Eligible Clinicians,Initiation and Engagement of Substance Use Disorder Treatment,CMS137v14,Not Applicable,14,c3657d72-21b4-4675-820a-86c7fe293bf5,Ambulatory,No
Encounter,2.16.840.1.113883.3.464.1003.101.12.1080,Telephone Visits,20250205,eCQM Update 2025-05-08,Grouping,2.16.840.1.113883.3.464.1003.101.11.1260,Telephone Visits,CPT,"2025, 2024",2.16.840.1.113883.6.12,Eligible Clinicians,Initiation and Engagement of Substance Use Disorder Treatment,CMS137v14,Not Applicable,14,c3657d72-21b4-4675-820a-86c7fe293bf5,Ambulatory,No
Encounter,2.16.840.1.113883.3.464.1003.101.12.1080,Telephone Visits,20250205,eCQM Update 2025-05-08,Grouping,2.16.840.1.113883.3.464.1003.101.11.1287,Telephone Visits,SNOMEDCT,2024-09,2.16.840.1.113883.6.96,Eligible Clinicians,Initiation and Engagement of Substance Use Disorder Treatment,CMS137v14,Not Applicable,14,c3657d72-21b4-4675-820a-86c7fe293bf5,Ambulatory,No
Encounter,2.16.840.1.113883.3.464.1003.101.12.1089,Virtual Encounter,20210224,eCQM Update 2025-05-08,Grouping,2.16.840.1.113883.3.464.1003.101.11.1282,Virtual Encounter,HCPCS,"2025, 2024",2.16.840.1.113883.6.285,Eligible Clinicians,Initiation and Engagement of Substance Use Disorder Treatment,CMS137v14,Not Applicable,14,c3657d72-21b4-4675-820a-86c7fe293bf5,Ambulatory,No
Encounter,2.16.840.1.113883.3.464.1003.101.12.1089,Virtual Encounter,20210224,eCQM Update 2025-05-08,Grouping,2.16.840.1.113883.3.464.1003.101.11.1281,Virtual Encounter,CPT,2025,2.16.840.1.113883.6.12,Eligible Clinicians,Initiation and Engagement of Substance Use Disorder Treatment,CMS137v14,Not Applicable,14,c3657d72-21b4-4675-820a-86c7fe293bf5,Ambulatory,No
Individual Characteristic,2.16.840.1.114222.4.11.837,Ethnicity,20121025,eCQM Update 2025-05-08,Extensional,,,CDCREC,1.2,2.16.840.1.113883.6.238,Eligible Clinicians,Initiation and Engagement of Substance Use Disorder Treatment,CMS137v14,Not Applicable,14,c3657d72-21b4-4675-820a-86c7fe293bf5,Ambulatory,Yes
Individual Characteristic,2.16.840.1.113762.1.4.1021.121,Federal Administrative Sex,20250228,eCQM Update 2025-05-08,Extensional,,,SNOMEDCT,2024-09,2.16.840.1.113883.6.96,Eligible Clinicians,Initiation and Engagement of Substance Use Disorder Treatment,CMS137v14,Not Applicable,14,c3657d72-21b4-4675-820a-86c7fe293bf5,Ambulatory,Yes
Individual Characteristic,2.16.840.1.114222.4.11.3591,Payer Type,20221118,eCQM Update 2025-05-08,Intensional,,,SOP,9.2,2.16.840.1.113883.3.221.5,Eligible Clinicians,Initiation and Engagement of Substance Use Disorder Treatment,CMS137v14,Not Applicable,14,c3657d72-21b4-4675-820a-86c7fe293bf5,Ambulatory,Yes
Individual Characteristic,2.16.840.1.114222.4.11.836,Race,20121025,eCQM Update 2025-05-08,Extensional,,,CDCREC,1.2,2.16.840.1.113883.6.238,Eligible Clinicians,Initiation and Engagement of Substance Use Disorder Treatment,CMS137v14,Not Applicable,14,c3657d72-21b4-4675-820a-86c7fe293bf5,Ambulatory,Yes
Intervention,2.16.840.1.113883.3.526.3.1584,Hospice Care Ambulatory,20210825,eCQM Update 2025-05-08,Grouping,2.16.840.1.113883.3.464.1003.1008,Hospice Care Ambulatory,HCPCS,2025,2.16.840.1.113883.6.285,Eligible Clinicians,Initiation and Engagement of Substance Use Disorder Treatment,CMS137v14,Not Applicable,14,c3657d72-21b4-4675-820a-86c7fe293bf5,Ambulatory,No
Intervention,2.16.840.1.113883.3.526.3.1584,Hospice Care Ambulatory,20210825,eCQM Update 2025-05-08,Grouping,2.16.840.1.113883.3.464.1003.1007,Hospice Care Ambulatory,CPT,2025,2.16.840.1.113883.6.12,Eligible Clinicians,Initiation and Engagement of Substance Use Disorder Treatment,CMS137v14,Not Applicable,14,c3657d72-21b4-4675-820a-86c7fe293bf5,Ambulatory,No
Intervention,2.16.840.1.113883.3.526.3.1584,Hospice Care Ambulatory,20210825,eCQM Update 2025-05-08,Grouping,2.16.840.1.113762.1.4.1108.15,Hospice Care Ambulatory,SNOMEDCT,2024-09,2.16.840.1.113883.6.96,Eligible Clinicians,Initiation and Engagement of Substance Use Disorder Treatment,CMS137v14,Not Applicable,14,c3657d72-21b4-4675-820a-86c7fe293bf5,Ambulatory,No
Intervention,2.16.840.1.113883.3.526.3.1496,Psych Visit Psychotherapy,20190315,eCQM Update 2025-05-08,Grouping,2.16.840.1.113883.3.526.2.1927,Psych Visit Psychotherapy,CPT,2025,2.16.840.1.113883.6.12,Eligible Clinicians,Initiation and Engagement of Substance Use Disorder Treatment,CMS137v14,Not Applicable,14,c3657d72-21b4-4675-820a-86c7fe293bf5,Ambulatory,No
Intervention,2.16.840.1.113883.3.526.3.1496,Psych Visit Psychotherapy,20190315,eCQM Update 2025-05-08,Grouping,2.16.840.1.113883.3.526.2.1777,Psych Visit Psychotherapy,SNOMEDCT,2024-09,2.16.840.1.113883.6.96,Eligible Clinicians,Initiation and Engagement of Substance Use Disorder Treatment,CMS137v14,Not Applicable,14,c3657d72-21b4-4675-820a-86c7fe293bf5,Ambulatory,No
Intervention,2.16.840.1.113883.3.464.1003.106.12.1005,Substance Use Disorder Treatment,20210220,eCQM Update 2025-05-08,Grouping,2.16.840.1.113883.3.464.1003.106.11.1012,Substance Use Disorder Treatment,SNOMEDCT,2024-09,2.16.840.1.113883.6.96,Eligible Clinicians,Initiation and Engagement of Substance Use Disorder Treatment,CMS137v14,Not Applicable,14,c3657d72-21b4-4675-820a-86c7fe293bf5,Ambulatory,No
Intervention,2.16.840.1.113883.3.464.1003.106.12.1005,Substance Use Disorder Treatment,20210220,eCQM Update 2025-05-08,Grouping,2.16.840.1.113883.3.464.1003.106.11.1036,Substance Use Disorder Treatment,HCPCS,"2025, 2024",2.16.840.1.113883.6.285,Eligible Clinicians,Initiation and Engagement of Substance Use Disorder Treatment,CMS137v14,Not Applicable,14,c3657d72-21b4-4675-820a-86c7fe293bf5,Ambulatory,No
Medication,2.16.840.1.113883.3.464.1003.1149,Substance Use Disorder Long Acting Medication,20240124,eCQM Update 2025-05-08,Grouping,2.16.840.1.113883.3.464.1003.1258,Substance Use Disorder Long Acting Medication,RXNORM,2025-01,2.16.840.1.113883.6.88,Eligible Clinicians,Initiation and Engagement of Substance Use Disorder Treatment,CMS137v14,Not Applicable,14,c3657d72-21b4-4675-820a-86c7fe293bf5,Ambulatory,No
Medication,2.16.840.1.113883.3.464.1003.1150,Substance Use Disorder Short Acting Medication,20240124,eCQM Update 2025-05-08,Grouping,2.16.840.1.113883.3.464.1003.1259,Substance Use Disorder Short Acting Medication,RXNORM,2025-01,2.16.840.1.113883.6.88,Eligible Clinicians,Initiation and Engagement of Substance Use Disorder Treatment,CMS137v14,Not Applicable,14,c3657d72-21b4-4675-820a-86c7fe293bf5,Ambulatory,No
Procedure,2.16.840.1.113883.3.464.1003.1156,Substance Use Disorder Long Acting Medication Administration,20211102,eCQM Update 2025-05-08,Grouping,2.16.840.1.113883.3.464.1003.1151,Substance Use Disorder Long Acting Medication Administration,HCPCS,"2025, 2024",2.16.840.1.113883.6.285,Eligible Clinicians,Initiation and Engagement of Substance Use Disorder Treatment,CMS137v14,Not Applicable,14,c3657d72-21b4-4675-820a-86c7fe293bf5,Ambulatory,No
Procedure,2.16.840.1.113883.3.464.1003.1157,Substance Use Disorder Short Acting Medication Administration,20211102,eCQM Update 2025-05-08,Grouping,2.16.840.1.113883.3.464.1003.1155,Substance Use Disorder Short Acting Medication Administration,SNOMEDCT,2024-09,2.16.840.1.113883.6.96,Eligible Clinicians,Initiation and Engagement of Substance Use Disorder Treatment,CMS137v14,Not Applicable,14,c3657d72-21b4-4675-820a-86c7fe293bf5,Ambulatory,No
Procedure,2.16.840.1.113883.3.464.1003.1157,Substance Use Disorder Short Acting Medication Administration,20211102,eCQM Update 2025-05-08,Grouping,2.16.840.1.113883.3.464.1003.1152,Substance Use Disorder Short Acting Medication Administration,HCPCS,2025,2.16.840.1.113883.6.285,Eligible Clinicians,Initiation and Engagement of Substance Use Disorder Treatment,CMS137v14,Not Applicable,14,c3657d72-21b4-4675-820a-86c7fe293bf5,Ambulatory,No
Assessment,2.16.840.1.113883.3.526.3.1278,Tobacco Use Screening,20170504,eCQM Update 2025-05-08,Grouping,2.16.840.1.113883.3.526.2.1372,Tobacco Use Screening,LOINC,2.78,2.16.840.1.113883.6.1,Eligible Clinicians,Preventive Care and Screening: Tobacco Use: Screening and Cessation Intervention,CMS138v14,Not Applicable,14,e35791df-5b25-41bb-b260-673337bc44a8,Ambulatory,No
Condition/Diagnosis/Problem,2.16.840.1.113883.3.464.1003.1165,Hospice Diagnosis,20220818,eCQM Update 2025-05-08,Grouping,2.16.840.1.113883.3.464.1003.1166,Hospice Diagnosis,SNOMEDCT,2024-09,2.16.840.1.113883.6.96,Eligible Clinicians,Preventive Care and Screening: Tobacco Use: Screening and Cessation Intervention,CMS138v14,Not Applicable,14,e35791df-5b25-41bb-b260-673337bc44a8,Ambulatory,No
Encounter,2.16.840.1.113883.3.526.3.1240,Annual Wellness Visit,20190315,eCQM Update 2025-05-08,Grouping,2.16.840.1.113883.3.526.2.1772,Annual Wellness Visit,SNOMEDCT,2024-09,2.16.840.1.113883.6.96,Eligible Clinicians,Preventive Care and Screening: Tobacco Use: Screening and Cessation Intervention,CMS138v14,Not Applicable,14,e35791df-5b25-41bb-b260-673337bc44a8,Ambulatory,No
Encounter,2.16.840.1.113883.3.526.3.1240,Annual Wellness Visit,20190315,eCQM Update 2025-05-08,Grouping,2.16.840.1.113883.3.526.2.1363,Annual Wellness Visit,HCPCS,2025,2.16.840.1.113883.6.285,Eligible Clinicians,Preventive Care and Screening: Tobacco Use: Screening and Cessation Intervention,CMS138v14,Not Applicable,14,e35791df-5b25-41bb-b260-673337bc44a8,Ambulatory,No
Encounter,2.16.840.1.113883.3.666.5.307,Encounter Inpatient,20200307,eCQM Update 2025-05-08,Extensional,,,SNOMEDCT,2024-09,2.16.840.1.113883.6.96,Eligible Clinicians,Preventive Care and Screening: Tobacco Use: Screening and Cessation Intervention,CMS138v14,Not Applicable,14,e35791df-5b25-41bb-b260-673337bc44a8,Ambulatory,No
Encounter,2.16.840.1.113883.3.464.1003.101.12.1016,Home Healthcare Services,20240110,eCQM Update 2025-05-08,Grouping,2.16.840.1.113883.3.464.1003.101.11.1080,Home Healthcare Services,CPT,2025,2.16.840.1.113883.6.12,Eligible Clinicians,Preventive Care and Screening: Tobacco Use: Screening and Cessation Intervention,CMS138v14,Not Applicable,14,e35791df-5b25-41bb-b260-673337bc44a8,Ambulatory,No
Encounter,2.16.840.1.113883.3.464.1003.101.12.1016,Home Healthcare Services,20240110,eCQM Update 2025-05-08,Grouping,2.16.840.1.113883.3.464.1003.101.11.1265,Home Healthcare Services,SNOMEDCT,2024-09,2.16.840.1.113883.6.96,Eligible Clinicians,Preventive Care and Screening: Tobacco Use: Screening and Cessation Intervention,CMS138v14,Not Applicable,14,e35791df-5b25-41bb-b260-673337bc44a8,Ambulatory,No
Encounter,2.16.840.1.113883.3.464.1003.1003,Hospice Encounter,20210820,eCQM Update 2025-05-08,Grouping,2.16.840.1.113883.3.464.1003.1002,Hospice Encounter,SNOMEDCT,2024-09,2.16.840.1.113883.6.96,Eligible Clinicians,Preventive Care and Screening: Tobacco Use: Screening and Cessation Intervention,CMS138v14,Not Applicable,14,e35791df-5b25-41bb-b260-673337bc44a8,Ambulatory,No
Encounter,2.16.840.1.113883.3.464.1003.1003,Hospice Encounter,20210820,eCQM Update 2025-05-08,Grouping,2.16.840.1.113883.3.464.1003.1001,Hospice Encounter,HCPCS,2025,2.16.840.1.113883.6.285,Eligible Clinicians,Preventive Care and Screening: Tobacco Use: Screening and Cessation Intervention,CMS138v14,Not Applicable,14,e35791df-5b25-41bb-b260-673337bc44a8,Ambulatory,No
Encounter,2.16.840.1.113883.3.464.1003.1006,Nutrition Services,20210819,eCQM Update 2025-05-08,Grouping,2.16.840.1.113883.3.464.1003.1005,Nutrition Services,HCPCS,2025,2.16.840.1.113883.6.285,Eligible Clinicians,Preventive Care and Screening: Tobacco Use: Screening and Cessation Intervention,CMS138v14,Not Applicable,14,e35791df-5b25-41bb-b260-673337bc44a8,Ambulatory,No
Encounter,2.16.840.1.113883.3.464.1003.1006,Nutrition Services,20210819,eCQM Update 2025-05-08,Grouping,2.16.840.1.113883.3.464.1003.1004,Nutrition Services,SNOMEDCT,2024-09,2.16.840.1.113883.6.96,Eligible Clinicians,Preventive Care and Screening: Tobacco Use: Screening and Cessation Intervention,CMS138v14,Not Applicable,14,e35791df-5b25-41bb-b260-673337bc44a8,Ambulatory,No
Encounter,2.16.840.1.113883.3.464.1003.1006,Nutrition Services,20210819,eCQM Update 2025-05-08,Grouping,2.16.840.1.113883.3.464.1003.195.11.1003,Counseling for Nutrition,CPT,2025,2.16.840.1.113883.6.12,Eligible Clinicians,Preventive Care and Screening: Tobacco Use: Screening and Cessation Intervention,CMS138v14,Not Applicable,14,e35791df-5b25-41bb-b260-673337bc44a8,Ambulatory,No
Encounter,2.16.840.1.113883.3.526.3.1011,Occupational Therapy Evaluation,20190315,eCQM Update 2025-05-08,Grouping,2.16.840.1.113883.3.526.2.1774,Occupational Therapy Evaluation,SNOMEDCT,2024-09,2.16.840.1.113883.6.96,Eligible Clinicians,Preventive Care and Screening: Tobacco Use: Screening and Cessation Intervention,CMS138v14,Not Applicable,14,e35791df-5b25-41bb-b260-673337bc44a8,Ambulatory,No
Encounter,2.16.840.1.113883.3.526.3.1011,Occupational Therapy Evaluation,20190315,eCQM Update 2025-05-08,Grouping,2.16.840.1.113883.3.526.2.1063,Occupational Therapy Evaluation,CPT,2025,2.16.840.1.113883.6.12,Eligible Clinicians,Preventive Care and Screening: Tobacco Use: Screening and Cessation Intervention,CMS138v14,Not Applicable,14,e35791df-5b25-41bb-b260-673337bc44a8,Ambulatory,No
Encounter,2.16.840.1.113883.3.464.1003.101.12.1001,Office Visit,20180310,eCQM Update 2025-05-08,Grouping,2.16.840.1.113883.3.464.1003.101.11.1005,Office Visit,CPT,2025,2.16.840.1.113883.6.12,Eligible Clinicians,Preventive Care and Screening: Tobacco Use: Screening and Cessation Intervention,CMS138v14,Not Applicable,14,e35791df-5b25-41bb-b260-673337bc44a8,Ambulatory,No
Encounter,2.16.840.1.113883.3.464.1003.101.12.1001,Office Visit,20180310,eCQM Update 2025-05-08,Grouping,2.16.840.1.113883.3.464.1003.101.11.1264,Office Visit,SNOMEDCT,2024-09,2.16.840.1.113883.6.96,Eligible Clinicians,Preventive Care and Screening: Tobacco Use: Screening and Cessation Intervention,CMS138v14,Not Applicable,14,e35791df-5b25-41bb-b260-673337bc44a8,Ambulatory,No
Encounter,2.16.840.1.113883.3.526.3.1285,Ophthalmological Services,20210209,eCQM Update 2025-05-08,Grouping,2.16.840.1.113883.3.526.2.1771,Ophthalmological Services,SNOMEDCT,2024-09,2.16.840.1.113883.6.96,Eligible Clinicians,Preventive Care and Screening: Tobacco Use: Screening and Cessation Intervention,CMS138v14,Not Applicable,14,e35791df-5b25-41bb-b260-673337bc44a8,Ambulatory,No
Encounter,2.16.840.1.113883.3.526.3.1285,Ophthalmological Services,20210209,eCQM Update 2025-05-08,Grouping,2.16.840.1.113883.3.526.2.111,Ophthalmological Services,CPT,2025,2.16.840.1.113883.6.12,Eligible Clinicians,Preventive Care and Screening: Tobacco Use: Screening and Cessation Intervention,CMS138v14,Not Applicable,14,e35791df-5b25-41bb-b260-673337bc44a8,Ambulatory,No
Encounter,2.16.840.1.113883.3.526.3.1022,Physical Therapy Evaluation,20200306,eCQM Update 2025-05-08,Grouping,2.16.840.1.113883.3.526.2.1782,Physical Therapy Evaluation,SNOMEDCT,2024-09,2.16.840.1.113883.6.96,Eligible Clinicians,Preventive Care and Screening: Tobacco Use: Screening and Cessation Intervention,CMS138v14,Not Applicable,14,e35791df-5b25-41bb-b260-673337bc44a8,Ambulatory,No
Encounter,2.16.840.1.113883.3.526.3.1022,Physical Therapy Evaluation,20200306,eCQM Update 2025-05-08,Grouping,2.16.840.1.113883.3.526.2.1062,Physical Therapy Evaluation,CPT,2025,2.16.840.1.113883.6.12,Eligible Clinicians,Preventive Care and Screening: Tobacco Use: Screening and Cessation Intervention,CMS138v14,Not Applicable,14,e35791df-5b25-41bb-b260-673337bc44a8,Ambulatory,No
Encounter,2.16.840.1.113883.3.464.1003.101.12.1025,"Preventive Care Services Established Office Visit, 18 and Up",20170504,eCQM Update 2025-05-08,Grouping,2.16.840.1.113883.3.464.1003.101.11.1125,"Preventive Care Services Established Office Visit, 18 and Up",CPT,2025,2.16.840.1.113883.6.12,Eligible Clinicians,Preventive Care and Screening: Tobacco Use: Screening and Cessation Intervention,CMS138v14,Not Applicable,14,e35791df-5b25-41bb-b260-673337bc44a8,Ambulatory,No
Encounter,2.16.840.1.113883.3.464.1003.101.12.1027,Preventive Care Services Group Counseling,20170504,eCQM Update 2025-05-08,Grouping,2.16.840.1.113883.3.464.1003.101.11.1135,Preventive Care Services Group Counseling,CPT,2025,2.16.840.1.113883.6.12,Eligible Clinicians,Preventive Care and Screening: Tobacco Use: Screening and Cessation Intervention,CMS138v14,Not Applicable,14,e35791df-5b25-41bb-b260-673337bc44a8,Ambulatory,No
Encounter,2.16.840.1.113883.3.464.1003.101.12.1026,Preventive Care Services Individual Counseling,20170504,eCQM Update 2025-05-08,Grouping,2.16.840.1.113883.3.464.1003.101.11.1130,Preventive Care Services Individual Counseling,CPT,2025,2.16.840.1.113883.6.12,Eligible Clinicians,Preventive Care and Screening: Tobacco Use: Screening and Cessation Intervention,CMS138v14,Not Applicable,14,e35791df-5b25-41bb-b260-673337bc44a8,Ambulatory,No
Encounter,2.16.840.1.113883.3.464.1003.101.12.1023,"Preventive Care Services Initial Office Visit, 18 and Up",20170504,eCQM Update 2025-05-08,Grouping,2.16.840.1.113883.3.464.1003.101.11.1115,"Preventive Care Services Initial Office Visit, 18 and Up",CPT,2025,2.16.840.1.113883.6.12,Eligible Clinicians,Preventive Care and Screening: Tobacco Use: Screening and Cessation Intervention,CMS138v14,Not Applicable,14,e35791df-5b25-41bb-b260-673337bc44a8,Ambulatory,No
Encounter,2.16.840.1.113883.3.464.1003.101.12.1022,"Preventive Care Services, Initial Office Visit, 0 to 17",20170504,eCQM Update 2025-05-08,Grouping,2.16.840.1.113883.3.464.1003.101.11.1110,"Preventive Care, Initial Office Visit, 0 to 17",CPT,2025,2.16.840.1.113883.6.12,Eligible Clinicians,Preventive Care and Screening: Tobacco Use: Screening and Cessation Intervention,CMS138v14,Not Applicable,14,e35791df-5b25-41bb-b260-673337bc44a8,Ambulatory,No
Encounter,2.16.840.1.113883.3.464.1003.101.12.1024,"Preventive Care, Established Office Visit, 0 to 17",20170504,eCQM Update 2025-05-08,Grouping,2.16.840.1.113883.3.464.1003.101.11.1120,"Preventive Care, Established Office Visit, 0 to 17",CPT,2025,2.16.840.1.113883.6.12,Eligible Clinicians,Preventive Care and Screening: Tobacco Use: Screening and Cessation Intervention,CMS138v14,Not Applicable,14,e35791df-5b25-41bb-b260-673337bc44a8,Ambulatory,No
Encounter,2.16.840.1.113883.3.526.3.1492,Psych Visit Diagnostic Evaluation,20190315,eCQM Update 2025-05-08,Grouping,2.16.840.1.113883.3.526.2.1776,Psych Visit Diagnostic Evaluation,SNOMEDCT,2024-09,2.16.840.1.113883.6.96,Eligible Clinicians,Preventive Care and Screening: Tobacco Use: Screening and Cessation Intervention,CMS138v14,Not Applicable,14,e35791df-5b25-41bb-b260-673337bc44a8,Ambulatory,No
Encounter,2.16.840.1.113883.3.526.3.1492,Psych Visit Diagnostic Evaluation,20190315,eCQM Update 2025-05-08,Grouping,2.16.840.1.113883.3.526.2.1923,Psych Visit Diagnostic Evaluation,CPT,2025,2.16.840.1.113883.6.12,Eligible Clinicians,Preventive Care and Screening: Tobacco Use: Screening and Cessation Intervention,CMS138v14,Not Applicable,14,e35791df-5b25-41bb-b260-673337bc44a8,Ambulatory,No
Encounter,2.16.840.1.113883.3.526.3.1496,Psych Visit Psychotherapy,20190315,eCQM Update 2025-05-08,Grouping,2.16.840.1.113883.3.526.2.1927,Psych Visit Psychotherapy,CPT,2025,2.16.840.1.113883.6.12,Eligible Clinicians,Preventive Care and Screening: Tobacco Use: Screening and Cessation Intervention,CMS138v14,Not Applicable,14,e35791df-5b25-41bb-b260-673337bc44a8,Ambulatory,No
Encounter,2.16.840.1.113883.3.526.3.1496,Psych Visit Psychotherapy,20190315,eCQM Update 2025-05-08,Grouping,2.16.840.1.113883.3.526.2.1777,Psych Visit Psychotherapy,SNOMEDCT,2024-09,2.16.840.1.113883.6.96,Eligible Clinicians,Preventive Care and Screening: Tobacco Use: Screening and Cessation Intervention,CMS138v14,Not Applicable,14,e35791df-5b25-41bb-b260-673337bc44a8,Ambulatory,No
Encounter,2.16.840.1.113883.3.526.3.1141,Psychoanalysis,20190315,eCQM Update 2025-05-08,Grouping,2.16.840.1.113883.3.526.2.1243,Psychoanalysis,CPT,2025,2.16.840.1.113883.6.12,Eligible Clinicians,Preventive Care and Screening: Tobacco Use: Screening and Cessation Intervention,CMS138v14,Not Applicable,14,e35791df-5b25-41bb-b260-673337bc44a8,Ambulatory,No
Encounter,2.16.840.1.113883.3.526.3.1141,Psychoanalysis,20190315,eCQM Update 2025-05-08,Grouping,2.16.840.1.113883.3.526.2.1778,Psychoanalysis,SNOMEDCT,2024-09,2.16.840.1.113883.6.96,Eligible Clinicians,Preventive Care and Screening: Tobacco Use: Screening and Cessation Intervention,CMS138v14,Not Applicable,14,e35791df-5b25-41bb-b260-673337bc44a8,Ambulatory,No
Encounter,2.16.840.1.113883.3.526.3.1530,Speech and Hearing Evaluation,20190315,eCQM Update 2025-05-08,Grouping,2.16.840.1.113883.3.526.2.1752,Speech and Hearing Evaluation,CPT,2025,2.16.840.1.113883.6.12,Eligible Clinicians,Preventive Care and Screening: Tobacco Use: Screening and Cessation Intervention,CMS138v14,Not Applicable,14,e35791df-5b25-41bb-b260-673337bc44a8,Ambulatory,No
Encounter,2.16.840.1.113883.3.526.3.1530,Speech and Hearing Evaluation,20190315,eCQM Update 2025-05-08,Grouping,2.16.840.1.113883.3.526.2.1773,Speech and Hearing Evaluation,SNOMEDCT,2024-09,2.16.840.1.113883.6.96,Eligible Clinicians,Preventive Care and Screening: Tobacco Use: Screening and Cessation Intervention,CMS138v14,Not Applicable,14,e35791df-5b25-41bb-b260-673337bc44a8,Ambulatory,No
Encounter,2.16.840.1.113883.3.464.1003.101.12.1080,Telephone Visits,20250205,eCQM Update 2025-05-08,Grouping,2.16.840.1.113883.3.464.1003.101.11.1260,Telephone Visits,CPT,"2025, 2024",2.16.840.1.113883.6.12,Eligible Clinicians,Preventive Care and Screening: Tobacco Use: Screening and Cessation Intervention,CMS138v14,Not Applicable,14,e35791df-5b25-41bb-b260-673337bc44a8,Ambulatory,No
Encounter,2.16.840.1.113883.3.464.1003.101.12.1080,Telephone Visits,20250205,eCQM Update 2025-05-08,Grouping,2.16.840.1.113883.3.464.1003.101.11.1287,Telephone Visits,SNOMEDCT,2024-09,2.16.840.1.113883.6.96,Eligible Clinicians,Preventive Care and Screening: Tobacco Use: Screening and Cessation Intervention,CMS138v14,Not Applicable,14,e35791df-5b25-41bb-b260-673337bc44a8,Ambulatory,No
Encounter,2.16.840.1.113883.3.464.1003.101.12.1089,Virtual Encounter,20210224,eCQM Update 2025-05-08,Grouping,2.16.840.1.113883.3.464.1003.101.11.1281,Virtual Encounter,CPT,2025,2.16.840.1.113883.6.12,Eligible Clinicians,Preventive Care and Screening: Tobacco Use: Screening and Cessation Intervention,CMS138v14,Not Applicable,14,e35791df-5b25-41bb-b260-673337bc44a8,Ambulatory,No
Encounter,2.16.840.1.113883.3.464.1003.101.12.1089,Virtual Encounter,20210224,eCQM Update 2025-05-08,Grouping,2.16.840.1.113883.3.464.1003.101.11.1282,Virtual Encounter,HCPCS,"2025, 2024",2.16.840.1.113883.6.285,Eligible Clinicians,Preventive Care and Screening: Tobacco Use: Screening and Cessation Intervention,CMS138v14,Not Applicable,14,e35791df-5b25-41bb-b260-673337bc44a8,Ambulatory,No
Individual Characteristic,2.16.840.1.114222.4.11.837,Ethnicity,20121025,eCQM Update 2025-05-08,Extensional,,,CDCREC,1.2,2.16.840.1.113883.6.238,Eligible Clinicians,Preventive Care and Screening: Tobacco Use: Screening and Cessation Intervention,CMS138v14,Not Applicable,14,e35791df-5b25-41bb-b260-673337bc44a8,Ambulatory,Yes
Individual Characteristic,2.16.840.1.113762.1.4.1021.121,Federal Administrative Sex,20250228,eCQM Update 2025-05-08,Extensional,,,SNOMEDCT,2024-09,2.16.840.1.113883.6.96,Eligible Clinicians,Preventive Care and Screening: Tobacco Use: Screening and Cessation Intervention,CMS138v14,Not Applicable,14,e35791df-5b25-41bb-b260-673337bc44a8,Ambulatory,Yes
Individual Characteristic,2.16.840.1.114222.4.11.3591,Payer Type,20221118,eCQM Update 2025-05-08,Intensional,,,SOP,9.2,2.16.840.1.113883.3.221.5,Eligible Clinicians,Preventive Care and Screening: Tobacco Use: Screening and Cessation Intervention,CMS138v14,Not Applicable,14,e35791df-5b25-41bb-b260-673337bc44a8,Ambulatory,Yes
Individual Characteristic,2.16.840.1.114222.4.11.836,Race,20121025,eCQM Update 2025-05-08,Extensional,,,CDCREC,1.2,2.16.840.1.113883.6.238,Eligible Clinicians,Preventive Care and Screening: Tobacco Use: Screening and Cessation Intervention,CMS138v14,Not Applicable,14,e35791df-5b25-41bb-b260-673337bc44a8,Ambulatory,Yes
Intervention,2.16.840.1.113883.3.526.3.1584,Hospice Care Ambulatory,20210825,eCQM Update 2025-05-08,Grouping,2.16.840.1.113883.3.464.1003.1007,Hospice Care Ambulatory,CPT,2025,2.16.840.1.113883.6.12,Eligible Clinicians,Preventive Care and Screening: Tobacco Use: Screening and Cessation Intervention,CMS138v14,Not Applicable,14,e35791df-5b25-41bb-b260-673337bc44a8,Ambulatory,No
Intervention,2.16.840.1.113883.3.526.3.1584,Hospice Care Ambulatory,20210825,eCQM Update 2025-05-08,Grouping,2.16.840.1.113762.1.4.1108.15,Hospice Care Ambulatory,SNOMEDCT,2024-09,2.16.840.1.113883.6.96,Eligible Clinicians,Preventive Care and Screening: Tobacco Use: Screening and Cessation Intervention,CMS138v14,Not Applicable,14,e35791df-5b25-41bb-b260-673337bc44a8,Ambulatory,No
Intervention,2.16.840.1.113883.3.526.3.1584,Hospice Care Ambulatory,20210825,eCQM Update 2025-05-08,Grouping,2.16.840.1.113883.3.464.1003.1008,Hospice Care Ambulatory,HCPCS,2025,2.16.840.1.113883.6.285,Eligible Clinicians,Preventive Care and Screening: Tobacco Use: Screening and Cessation Intervention,CMS138v14,Not Applicable,14,e35791df-5b25-41bb-b260-673337bc44a8,Ambulatory,No
Intervention,2.16.840.1.113883.3.526.3.509,Tobacco Use Cessation Counseling,20170504,eCQM Update 2025-05-08,Grouping,2.16.840.1.113883.3.526.2.425,Tobacco Use Cessation Counseling,SNOMEDCT,2024-09,2.16.840.1.113883.6.96,Eligible Clinicians,Preventive Care and Screening: Tobacco Use: Screening and Cessation Intervention,CMS138v14,Not Applicable,14,e35791df-5b25-41bb-b260-673337bc44a8,Ambulatory,No
Intervention,2.16.840.1.113883.3.526.3.509,Tobacco Use Cessation Counseling,20170504,eCQM Update 2025-05-08,Grouping,2.16.840.1.113883.3.526.2.424,Tobacco Use Cessation Counseling,CPT,2025,2.16.840.1.113883.6.12,Eligible Clinicians,Preventive Care and Screening: Tobacco Use: Screening and Cessation Intervention,CMS138v14,Not Applicable,14,e35791df-5b25-41bb-b260-673337bc44a8,Ambulatory,No
Medication,2.16.840.1.113883.3.526.3.1190,Tobacco Use Cessation Pharmacotherapy,20170504,eCQM Update 2025-05-08,Grouping,2.16.840.1.113883.3.526.2.423,Tobacco Use Cessation Pharmacotherapy,RXNORM,2025-01,2.16.840.1.113883.6.88,Eligible Clinicians,Preventive Care and Screening: Tobacco Use: Screening and Cessation Intervention,CMS138v14,Not Applicable,14,e35791df-5b25-41bb-b260-673337bc44a8,Ambulatory,No
,2.16.840.1.113883.3.526.3.1189,Tobacco Non User,20170504,eCQM Update 2025-05-08,Grouping,2.16.840.1.113883.3.526.2.511,Tobacco Non User,SNOMEDCT,2024-09,2.16.840.1.113883.6.96,Eligible Clinicians,Preventive Care and Screening: Tobacco Use: Screening and Cessation Intervention,CMS138v14,Not Applicable,14,e35791df-5b25-41bb-b260-673337bc44a8,Ambulatory,No
,2.16.840.1.113883.3.526.3.1170,Tobacco User,20170504,eCQM Update 2025-05-08,Grouping,2.16.840.1.113883.3.526.2.422,Tobacco User,SNOMEDCT,2024-09,2.16.840.1.113883.6.96,Eligible Clinicians,Preventive Care and Screening: Tobacco Use: Screening and Cessation Intervention,CMS138v14,Not Applicable,14,e35791df-5b25-41bb-b260-673337bc44a8,Ambulatory,No
Assessment,2.16.840.1.113883.3.464.1003.118.12.1028,Falls Screening,20190315,eCQM Update 2025-05-08,Grouping,2.16.840.1.113883.3.464.1003.118.11.1077,Falls Screening,LOINC,2.78,2.16.840.1.113883.6.1,Eligible Clinicians,Falls: Screening for Future Fall Risk,CMS139v14,Not Applicable,14,bc5b4a57-b964-4399-9d40-667c896f31ea,Ambulatory,No
Condition/Diagnosis/Problem,2.16.840.1.113883.3.464.1003.1165,Hospice Diagnosis,20220818,eCQM Update 2025-05-08,Grouping,2.16.840.1.113883.3.464.1003.1166,Hospice Diagnosis,SNOMEDCT,2024-09,2.16.840.1.113883.6.96,Eligible Clinicians,Falls: Screening for Future Fall Risk,CMS139v14,Not Applicable,14,bc5b4a57-b964-4399-9d40-667c896f31ea,Ambulatory,No
Encounter,2.16.840.1.113883.3.526.3.1240,Annual Wellness Visit,20190315,eCQM Update 2025-05-08,Grouping,2.16.840.1.113883.3.526.2.1772,Annual Wellness Visit,SNOMEDCT,2024-09,2.16.840.1.113883.6.96,Eligible Clinicians,Falls: Screening for Future Fall Risk,CMS139v14,Not Applicable,14,bc5b4a57-b964-4399-9d40-667c896f31ea,Ambulatory,No
Encounter,2.16.840.1.113883.3.526.3.1240,Annual Wellness Visit,20190315,eCQM Update 2025-05-08,Grouping,2.16.840.1.113883.3.526.2.1363,Annual Wellness Visit,HCPCS,2025,2.16.840.1.113883.6.285,Eligible Clinicians,Falls: Screening for Future Fall Risk,CMS139v14,Not Applicable,14,bc5b4a57-b964-4399-9d40-667c896f31ea,Ambulatory,No
Encounter,2.16.840.1.113883.3.464.1003.101.12.1066,Audiology Visit,20170504,eCQM Update 2025-05-08,Grouping,2.16.840.1.113883.3.464.1003.101.11.1232,Audiology Visit,CPT,2025,2.16.840.1.113883.6.12,Eligible Clinicians,Falls: Screening for Future Fall Risk,CMS139v14,Not Applicable,14,bc5b4a57-b964-4399-9d40-667c896f31ea,Ambulatory,No
Encounter,2.16.840.1.113883.3.464.1003.101.12.1014,Care Services in Long Term Residential Facility,20240203,eCQM Update 2025-05-08,Grouping,2.16.840.1.113883.3.464.1003.101.11.1262,Care Services in Long Term Residential Facility,SNOMEDCT,2024-09,2.16.840.1.113883.6.96,Eligible Clinicians,Falls: Screening for Future Fall Risk,CMS139v14,Not Applicable,14,bc5b4a57-b964-4399-9d40-667c896f31ea,Ambulatory,No
Encounter,2.16.840.1.113883.3.464.1003.101.12.1013,Discharge Services Nursing Facility,20170504,eCQM Update 2025-05-08,Grouping,2.16.840.1.113883.3.464.1003.101.11.1065,Discharge Services Nursing Facility,CPT,2025,2.16.840.1.113883.6.12,Eligible Clinicians,Falls: Screening for Future Fall Risk,CMS139v14,Not Applicable,14,bc5b4a57-b964-4399-9d40-667c896f31ea,Ambulatory,No
Encounter,2.16.840.1.113883.3.666.5.307,Encounter Inpatient,20200307,eCQM Update 2025-05-08,Extensional,,,SNOMEDCT,2024-09,2.16.840.1.113883.6.96,Eligible Clinicians,Falls: Screening for Future Fall Risk,CMS139v14,Not Applicable,14,bc5b4a57-b964-4399-9d40-667c896f31ea,Ambulatory,No
Encounter,2.16.840.1.113883.3.464.1003.101.12.1016,Home Healthcare Services,20240110,eCQM Update 2025-05-08,Grouping,2.16.840.1.113883.3.464.1003.101.11.1080,Home Healthcare Services,CPT,2025,2.16.840.1.113883.6.12,Eligible Clinicians,Falls: Screening for Future Fall Risk,CMS139v14,Not Applicable,14,bc5b4a57-b964-4399-9d40-667c896f31ea,Ambulatory,No
Encounter,2.16.840.1.113883.3.464.1003.101.12.1016,Home Healthcare Services,20240110,eCQM Update 2025-05-08,Grouping,2.16.840.1.113883.3.464.1003.101.11.1265,Home Healthcare Services,SNOMEDCT,2024-09,2.16.840.1.113883.6.96,Eligible Clinicians,Falls: Screening for Future Fall Risk,CMS139v14,Not Applicable,14,bc5b4a57-b964-4399-9d40-667c896f31ea,Ambulatory,No
Encounter,2.16.840.1.113883.3.464.1003.1003,Hospice Encounter,20210820,eCQM Update 2025-05-08,Grouping,2.16.840.1.113883.3.464.1003.1002,Hospice Encounter,SNOMEDCT,2024-09,2.16.840.1.113883.6.96,Eligible Clinicians,Falls: Screening for Future Fall Risk,CMS139v14,Not Applicable,14,bc5b4a57-b964-4399-9d40-667c896f31ea,Ambulatory,No
Encounter,2.16.840.1.113883.3.464.1003.1003,Hospice Encounter,20210820,eCQM Update 2025-05-08,Grouping,2.16.840.1.113883.3.464.1003.1001,Hospice Encounter,HCPCS,2025,2.16.840.1.113883.6.285,Eligible Clinicians,Falls: Screening for Future Fall Risk,CMS139v14,Not Applicable,14,bc5b4a57-b964-4399-9d40-667c896f31ea,Ambulatory,No
Encounter,2.16.840.1.113883.3.464.1003.101.12.1012,Nursing Facility Visit,20240110,eCQM Update 2025-05-08,Grouping,2.16.840.1.113883.3.464.1003.101.11.1060,Nursing Facility Visit,CPT,2025,2.16.840.1.113883.6.12,Eligible Clinicians,Falls: Screening for Future Fall Risk,CMS139v14,Not Applicable,14,bc5b4a57-b964-4399-9d40-667c896f31ea,Ambulatory,No
Encounter,2.16.840.1.113883.3.464.1003.101.12.1012,Nursing Facility Visit,20240110,eCQM Update 2025-05-08,Grouping,2.16.840.1.113883.3.464.1003.101.11.1261,Nursing Facility Visit,SNOMEDCT,2024-09,2.16.840.1.113883.6.96,Eligible Clinicians,Falls: Screening for Future Fall Risk,CMS139v14,Not Applicable,14,bc5b4a57-b964-4399-9d40-667c896f31ea,Ambulatory,No
Encounter,2.16.840.1.113883.3.526.3.1011,Occupational Therapy Evaluation,20190315,eCQM Update 2025-05-08,Grouping,2.16.840.1.113883.3.526.2.1774,Occupational Therapy Evaluation,SNOMEDCT,2024-09,2.16.840.1.113883.6.96,Eligible Clinicians,Falls: Screening for Future Fall Risk,CMS139v14,Not Applicable,14,bc5b4a57-b964-4399-9d40-667c896f31ea,Ambulatory,No
Encounter,2.16.840.1.113883.3.526.3.1011,Occupational Therapy Evaluation,20190315,eCQM Update 2025-05-08,Grouping,2.16.840.1.113883.3.526.2.1063,Occupational Therapy Evaluation,CPT,2025,2.16.840.1.113883.6.12,Eligible Clinicians,Falls: Screening for Future Fall Risk,CMS139v14,Not Applicable,14,bc5b4a57-b964-4399-9d40-667c896f31ea,Ambulatory,No
Encounter,2.16.840.1.113883.3.464.1003.101.12.1001,Office Visit,20180310,eCQM Update 2025-05-08,Grouping,2.16.840.1.113883.3.464.1003.101.11.1264,Office Visit,SNOMEDCT,2024-09,2.16.840.1.113883.6.96,Eligible Clinicians,Falls: Screening for Future Fall Risk,CMS139v14,Not Applicable,14,bc5b4a57-b964-4399-9d40-667c896f31ea,Ambulatory,No
Encounter,2.16.840.1.113883.3.464.1003.101.12.1001,Office Visit,20180310,eCQM Update 2025-05-08,Grouping,2.16.840.1.113883.3.464.1003.101.11.1005,Office Visit,CPT,2025,2.16.840.1.113883.6.12,Eligible Clinicians,Falls: Screening for Future Fall Risk,CMS139v14,Not Applicable,14,bc5b4a57-b964-4399-9d40-667c896f31ea,Ambulatory,No
Encounter,2.16.840.1.113883.3.526.3.1285,Ophthalmological Services,20210209,eCQM Update 2025-05-08,Grouping,2.16.840.1.113883.3.526.2.1771,Ophthalmological Services,SNOMEDCT,2024-09,2.16.840.1.113883.6.96,Eligible Clinicians,Falls: Screening for Future Fall Risk,CMS139v14,Not Applicable,14,bc5b4a57-b964-4399-9d40-667c896f31ea,Ambulatory,No
Encounter,2.16.840.1.113883.3.526.3.1285,Ophthalmological Services,20210209,eCQM Update 2025-05-08,Grouping,2.16.840.1.113883.3.526.2.111,Ophthalmological Services,CPT,2025,2.16.840.1.113883.6.12,Eligible Clinicians,Falls: Screening for Future Fall Risk,CMS139v14,Not Applicable,14,bc5b4a57-b964-4399-9d40-667c896f31ea,Ambulatory,No
Encounter,2.16.840.1.113883.3.526.3.1022,Physical Therapy Evaluation,20200306,eCQM Update 2025-05-08,Grouping,2.16.840.1.113883.3.526.2.1062,Physical Therapy Evaluation,CPT,2025,2.16.840.1.113883.6.12,Eligible Clinicians,Falls: Screening for Future Fall Risk,CMS139v14,Not Applicable,14,bc5b4a57-b964-4399-9d40-667c896f31ea,Ambulatory,No
Encounter,2.16.840.1.113883.3.526.3.1022,Physical Therapy Evaluation,20200306,eCQM Update 2025-05-08,Grouping,2.16.840.1.113883.3.526.2.1782,Physical Therapy Evaluation,SNOMEDCT,2024-09,2.16.840.1.113883.6.96,Eligible Clinicians,Falls: Screening for Future Fall Risk,CMS139v14,Not Applicable,14,bc5b4a57-b964-4399-9d40-667c896f31ea,Ambulatory,No
Encounter,2.16.840.1.113883.3.464.1003.101.12.1025,"Preventive Care Services Established Office Visit, 18 and Up",20170504,eCQM Update 2025-05-08,Grouping,2.16.840.1.113883.3.464.1003.101.11.1125,"Preventive Care Services Established Office Visit, 18 and Up",CPT,2025,2.16.840.1.113883.6.12,Eligible Clinicians,Falls: Screening for Future Fall Risk,CMS139v14,Not Applicable,14,bc5b4a57-b964-4399-9d40-667c896f31ea,Ambulatory,No
Encounter,2.16.840.1.113883.3.464.1003.101.12.1026,Preventive Care Services Individual Counseling,20170504,eCQM Update 2025-05-08,Grouping,2.16.840.1.113883.3.464.1003.101.11.1130,Preventive Care Services Individual Counseling,CPT,2025,2.16.840.1.113883.6.12,Eligible Clinicians,Falls: Screening for Future Fall Risk,CMS139v14,Not Applicable,14,bc5b4a57-b964-4399-9d40-667c896f31ea,Ambulatory,No
Encounter,2.16.840.1.113883.3.464.1003.101.12.1023,"Preventive Care Services Initial Office Visit, 18 and Up",20170504,eCQM Update 2025-05-08,Grouping,2.16.840.1.113883.3.464.1003.101.11.1115,"Preventive Care Services Initial Office Visit, 18 and Up",CPT,2025,2.16.840.1.113883.6.12,Eligible Clinicians,Falls: Screening for Future Fall Risk,CMS139v14,Not Applicable,14,bc5b4a57-b964-4399-9d40-667c896f31ea,Ambulatory,No
Encounter,2.16.840.1.113883.3.464.1003.101.12.1080,Telephone Visits,20250205,eCQM Update 2025-05-08,Grouping,2.16.840.1.113883.3.464.1003.101.11.1260,Telephone Visits,CPT,"2025, 2024",2.16.840.1.113883.6.12,Eligible Clinicians,Falls: Screening for Future Fall Risk,CMS139v14,Not Applicable,14,bc5b4a57-b964-4399-9d40-667c896f31ea,Ambulatory,No
Encounter,2.16.840.1.113883.3.464.1003.101.12.1080,Telephone Visits,20250205,eCQM Update 2025-05-08,Grouping,2.16.840.1.113883.3.464.1003.101.11.1287,Telephone Visits,SNOMEDCT,2024-09,2.16.840.1.113883.6.96,Eligible Clinicians,Falls: Screening for Future Fall Risk,CMS139v14,Not Applicable,14,bc5b4a57-b964-4399-9d40-667c896f31ea,Ambulatory,No
Encounter,2.16.840.1.113883.3.464.1003.101.12.1089,Virtual Encounter,20210224,eCQM Update 2025-05-08,Grouping,2.16.840.1.113883.3.464.1003.101.11.1281,Virtual Encounter,CPT,2025,2.16.840.1.113883.6.12,Eligible Clinicians,Falls: Screening for Future Fall Risk,CMS139v14,Not Applicable,14,bc5b4a57-b964-4399-9d40-667c896f31ea,Ambulatory,No
Encounter,2.16.840.1.113883.3.464.1003.101.12.1089,Virtual Encounter,20210224,eCQM Update 2025-05-08,Grouping,2.16.840.1.113883.3.464.1003.101.11.1282,Virtual Encounter,HCPCS,"2025, 2024",2.16.840.1.113883.6.285,Eligible Clinicians,Falls: Screening for Future Fall Risk,CMS139v14,Not Applicable,14,bc5b4a57-b964-4399-9d40-667c896f31ea,Ambulatory,No
Individual Characteristic,2.16.840.1.114222.4.11.837,Ethnicity,20121025,eCQM Update 2025-05-08,Extensional,,,CDCREC,1.2,2.16.840.1.113883.6.238,Eligible Clinicians,Falls: Screening for Future Fall Risk,CMS139v14,Not Applicable,14,bc5b4a57-b964-4399-9d40-667c896f31ea,Ambulatory,Yes
Individual Characteristic,2.16.840.1.113762.1.4.1021.121,Federal Administrative Sex,20250228,eCQM Update 2025-05-08,Extensional,,,SNOMEDCT,2024-09,2.16.840.1.113883.6.96,Eligible Clinicians,Falls: Screening for Future Fall Risk,CMS139v14,Not Applicable,14,bc5b4a57-b964-4399-9d40-667c896f31ea,Ambulatory,Yes
Individual Characteristic,2.16.840.1.114222.4.11.3591,Payer Type,20221118,eCQM Update 2025-05-08,Intensional,,,SOP,9.2,2.16.840.1.113883.3.221.5,Eligible Clinicians,Falls: Screening for Future Fall Risk,CMS139v14,Not Applicable,14,bc5b4a57-b964-4399-9d40-667c896f31ea,Ambulatory,Yes
Individual Characteristic,2.16.840.1.114222.4.11.836,Race,20121025,eCQM Update 2025-05-08,Extensional,,,CDCREC,1.2,2.16.840.1.113883.6.238,Eligible Clinicians,Falls: Screening for Future Fall Risk,CMS139v14,Not Applicable,14,bc5b4a57-b964-4399-9d40-667c896f31ea,Ambulatory,Yes
Intervention,2.16.840.1.113883.3.526.3.1584,Hospice Care Ambulatory,20210825,eCQM Update 2025-05-08,Grouping,2.16.840.1.113883.3.464.1003.1007,Hospice Care Ambulatory,CPT,2025,2.16.840.1.113883.6.12,Eligible Clinicians,Falls: Screening for Future Fall Risk,CMS139v14,Not Applicable,14,bc5b4a57-b964-4399-9d40-667c896f31ea,Ambulatory,No
Intervention,2.16.840.1.113883.3.526.3.1584,Hospice Care Ambulatory,20210825,eCQM Update 2025-05-08,Grouping,2.16.840.1.113762.1.4.1108.15,Hospice Care Ambulatory,SNOMEDCT,2024-09,2.16.840.1.113883.6.96,Eligible Clinicians,Falls: Screening for Future Fall Risk,CMS139v14,Not Applicable,14,bc5b4a57-b964-4399-9d40-667c896f31ea,Ambulatory,No
Intervention,2.16.840.1.113883.3.526.3.1584,Hospice Care Ambulatory,20210825,eCQM Update 2025-05-08,Grouping,2.16.840.1.113883.3.464.1003.1008,Hospice Care Ambulatory,HCPCS,2025,2.16.840.1.113883.6.285,Eligible Clinicians,Falls: Screening for Future Fall Risk,CMS139v14,Not Applicable,14,bc5b4a57-b964-4399-9d40-667c896f31ea,Ambulatory,No
Communication,2.16.840.1.113883.3.526.3.1283,Level of Severity of Retinopathy Findings,20210209,eCQM Update 2025-05-08,Grouping,2.16.840.1.113883.3.526.2.1377,Level of Severity of Retinopathy Findings,SNOMEDCT,2024-09,2.16.840.1.113883.6.96,Eligible Clinicians,Diabetic Retinopathy: Communication with the Physician Managing Ongoing Diabetes Care,CMS142v14,Not Applicable,14,53d6d7c3-43fb-4d24-8099-17e74c022c05,Ambulatory,No
Communication,2.16.840.1.113883.3.526.3.1320,Macular Edema Findings Present,20210209,eCQM Update 2025-05-08,Grouping,2.16.840.1.113883.3.526.2.1381,Macular Edema Findings Present,SNOMEDCT,2024-09,2.16.840.1.113883.6.96,Eligible Clinicians,Diabetic Retinopathy: Communication with the Physician Managing Ongoing Diabetes Care,CMS142v14,Not Applicable,14,53d6d7c3-43fb-4d24-8099-17e74c022c05,Ambulatory,No
Condition/Diagnosis/Problem,2.16.840.1.113883.3.526.3.327,Diabetic Retinopathy,20210218,eCQM Update 2025-05-08,Grouping,2.16.840.1.113883.3.526.2.76,Diabetic Retinopathy,ICD10CM,2025,2.16.840.1.113883.6.90,Eligible Clinicians,Diabetic Retinopathy: Communication with the Physician Managing Ongoing Diabetes Care,CMS142v14,Not Applicable,14,53d6d7c3-43fb-4d24-8099-17e74c022c05,Ambulatory,No
Condition/Diagnosis/Problem,2.16.840.1.113883.3.526.3.327,Diabetic Retinopathy,20210218,eCQM Update 2025-05-08,Grouping,2.16.840.1.113883.3.526.2.80,Diabetic Retinopathy,SNOMEDCT,2024-09,2.16.840.1.113883.6.96,Eligible Clinicians,Diabetic Retinopathy: Communication with the Physician Managing Ongoing Diabetes Care,CMS142v14,Not Applicable,14,53d6d7c3-43fb-4d24-8099-17e74c022c05,Ambulatory,No
Diagnostic Study,2.16.840.1.113883.3.526.3.1251,Macular Exam,20210209,eCQM Update 2025-05-08,Grouping,2.16.840.1.113883.3.526.2.1364,Macular Exam,LOINC,2.78,2.16.840.1.113883.6.1,Eligible Clinicians,Diabetic Retinopathy: Communication with the Physician Managing Ongoing Diabetes Care,CMS142v14,Not Applicable,14,53d6d7c3-43fb-4d24-8099-17e74c022c05,Ambulatory,No
Encounter,2.16.840.1.113883.3.464.1003.101.12.1014,Care Services in Long Term Residential Facility,20240203,eCQM Update 2025-05-08,Grouping,2.16.840.1.113883.3.464.1003.101.11.1262,Care Services in Long Term Residential Facility,SNOMEDCT,2024-09,2.16.840.1.113883.6.96,Eligible Clinicians,Diabetic Retinopathy: Communication with the Physician Managing Ongoing Diabetes Care,CMS142v14,Not Applicable,14,53d6d7c3-43fb-4d24-8099-17e74c022c05,Ambulatory,No
Encounter,2.16.840.1.113883.3.464.1003.101.12.1012,Nursing Facility Visit,20240110,eCQM Update 2025-05-08,Grouping,2.16.840.1.113883.3.464.1003.101.11.1261,Nursing Facility Visit,SNOMEDCT,2024-09,2.16.840.1.113883.6.96,Eligible Clinicians,Diabetic Retinopathy: Communication with the Physician Managing Ongoing Diabetes Care,CMS142v14,Not Applicable,14,53d6d7c3-43fb-4d24-8099-17e74c022c05,Ambulatory,No
Encounter,2.16.840.1.113883.3.464.1003.101.12.1012,Nursing Facility Visit,20240110,eCQM Update 2025-05-08,Grouping,2.16.840.1.113883.3.464.1003.101.11.1060,Nursing Facility Visit,CPT,2025,2.16.840.1.113883.6.12,Eligible Clinicians,Diabetic Retinopathy: Communication with the Physician Managing Ongoing Diabetes Care,CMS142v14,Not Applicable,14,53d6d7c3-43fb-4d24-8099-17e74c022c05,Ambulatory,No
Encounter,2.16.840.1.113883.3.464.1003.101.12.1001,Office Visit,20180310,eCQM Update 2025-05-08,Grouping,2.16.840.1.113883.3.464.1003.101.11.1264,Office Visit,SNOMEDCT,2024-09,2.16.840.1.113883.6.96,Eligible Clinicians,Diabetic Retinopathy: Communication with the Physician Managing Ongoing Diabetes Care,CMS142v14,Not Applicable,14,53d6d7c3-43fb-4d24-8099-17e74c022c05,Ambulatory,No
Encounter,2.16.840.1.113883.3.464.1003.101.12.1001,Office Visit,20180310,eCQM Update 2025-05-08,Grouping,2.16.840.1.113883.3.464.1003.101.11.1005,Office Visit,CPT,2025,2.16.840.1.113883.6.12,Eligible Clinicians,Diabetic Retinopathy: Communication with the Physician Managing Ongoing Diabetes Care,CMS142v14,Not Applicable,14,53d6d7c3-43fb-4d24-8099-17e74c022c05,Ambulatory,No
Encounter,2.16.840.1.113883.3.526.3.1285,Ophthalmological Services,20210209,eCQM Update 2025-05-08,Grouping,2.16.840.1.113883.3.526.2.111,Ophthalmological Services,CPT,2025,2.16.840.1.113883.6.12,Eligible Clinicians,Diabetic Retinopathy: Communication with the Physician Managing Ongoing Diabetes Care,CMS142v14,Not Applicable,14,53d6d7c3-43fb-4d24-8099-17e74c022c05,Ambulatory,No
Encounter,2.16.840.1.113883.3.526.3.1285,Ophthalmological Services,20210209,eCQM Update 2025-05-08,Grouping,2.16.840.1.113883.3.526.2.1771,Ophthalmological Services,SNOMEDCT,2024-09,2.16.840.1.113883.6.96,Eligible Clinicians,Diabetic Retinopathy: Communication with the Physician Managing Ongoing Diabetes Care,CMS142v14,Not Applicable,14,53d6d7c3-43fb-4d24-8099-17e74c022c05,Ambulatory,No
Encounter,2.16.840.1.113883.3.464.1003.101.12.1008,Outpatient Consultation,20240110,eCQM Update 2025-05-08,Grouping,2.16.840.1.113883.3.464.1003.101.11.1266,Outpatient Consultation,SNOMEDCT,2024-09,2.16.840.1.113883.6.96,Eligible Clinicians,Diabetic Retinopathy: Communication with the Physician Managing Ongoing Diabetes Care,CMS142v14,Not Applicable,14,53d6d7c3-43fb-4d24-8099-17e74c022c05,Ambulatory,No
Encounter,2.16.840.1.113883.3.464.1003.101.12.1008,Outpatient Consultation,20240110,eCQM Update 2025-05-08,Grouping,2.16.840.1.113883.3.464.1003.101.11.1040,Outpatient Consultation,CPT,2025,2.16.840.1.113883.6.12,Eligible Clinicians,Diabetic Retinopathy: Communication with the Physician Managing Ongoing Diabetes Care,CMS142v14,Not Applicable,14,53d6d7c3-43fb-4d24-8099-17e74c022c05,Ambulatory,No
Individual Characteristic,2.16.840.1.114222.4.11.837,Ethnicity,20121025,eCQM Update 2025-05-08,Extensional,,,CDCREC,1.2,2.16.840.1.113883.6.238,Eligible Clinicians,Diabetic Retinopathy: Communication with the Physician Managing Ongoing Diabetes Care,CMS142v14,Not Applicable,14,53d6d7c3-43fb-4d24-8099-17e74c022c05,Ambulatory,Yes
Individual Characteristic,2.16.840.1.113762.1.4.1021.121,Federal Administrative Sex,20250228,eCQM Update 2025-05-08,Extensional,,,SNOMEDCT,2024-09,2.16.840.1.113883.6.96,Eligible Clinicians,Diabetic Retinopathy: Communication with the Physician Managing Ongoing Diabetes Care,CMS142v14,Not Applicable,14,53d6d7c3-43fb-4d24-8099-17e74c022c05,Ambulatory,Yes
Individual Characteristic,2.16.840.1.114222.4.11.3591,Payer Type,20221118,eCQM Update 2025-05-08,Intensional,,,SOP,9.2,2.16.840.1.113883.3.221.5,Eligible Clinicians,Diabetic Retinopathy: Communication with the Physician Managing Ongoing Diabetes Care,CMS142v14,Not Applicable,14,53d6d7c3-43fb-4d24-8099-17e74c022c05,Ambulatory,Yes
Individual Characteristic,2.16.840.1.114222.4.11.836,Race,20121025,eCQM Update 2025-05-08,Extensional,,,CDCREC,1.2,2.16.840.1.113883.6.238,Eligible Clinicians,Diabetic Retinopathy: Communication with the Physician Managing Ongoing Diabetes Care,CMS142v14,Not Applicable,14,53d6d7c3-43fb-4d24-8099-17e74c022c05,Ambulatory,Yes
,2.16.840.1.113883.3.526.3.1007,Medical Reason,20170504,eCQM Update 2025-05-08,Grouping,2.16.840.1.113883.3.526.2.313,Medical Reason,SNOMEDCT,2024-09,2.16.840.1.113883.6.96,Eligible Clinicians,Diabetic Retinopathy: Communication with the Physician Managing Ongoing Diabetes Care,CMS142v14,Not Applicable,14,53d6d7c3-43fb-4d24-8099-17e74c022c05,Ambulatory,No
,2.16.840.1.113883.3.526.3.1008,Patient Reason,20170504,eCQM Update 2025-05-08,Grouping,2.16.840.1.113883.3.526.2.311,Patient Reason,SNOMEDCT,2024-09,2.16.840.1.113883.6.96,Eligible Clinicians,Diabetic Retinopathy: Communication with the Physician Managing Ongoing Diabetes Care,CMS142v14,Not Applicable,14,53d6d7c3-43fb-4d24-8099-17e74c022c05,Ambulatory,No
Condition/Diagnosis/Problem,2.16.840.1.113883.3.526.3.326,Primary Open Angle Glaucoma,20210209,eCQM Update 2025-05-08,Grouping,2.16.840.1.113883.3.526.2.73,Primary Open Angle Glaucoma,ICD10CM,2025,2.16.840.1.113883.6.90,Eligible Clinicians,Primary Open-Angle Glaucoma (POAG): Optic Nerve Evaluation,CMS143v14,0086e,14,db9d9f09-6b6a-4749-a8b2-8c1fdb018823,Ambulatory,No
Condition/Diagnosis/Problem,2.16.840.1.113883.3.526.3.326,Primary Open Angle Glaucoma,20210209,eCQM Update 2025-05-08,Grouping,2.16.840.1.113883.3.526.2.74,Primary Open Angle Glaucoma,SNOMEDCT,2024-09,2.16.840.1.113883.6.96,Eligible Clinicians,Primary Open-Angle Glaucoma (POAG): Optic Nerve Evaluation,CMS143v14,0086e,14,db9d9f09-6b6a-4749-a8b2-8c1fdb018823,Ambulatory,No
Diagnostic Study,2.16.840.1.113883.3.526.3.1333,Cup to Disc Ratio,20210209,eCQM Update 2025-05-08,Grouping,2.16.840.1.113883.3.526.2.1402,Cup to Disc Ratio,LOINC,2.78,2.16.840.1.113883.6.1,Eligible Clinicians,Primary Open-Angle Glaucoma (POAG): Optic Nerve Evaluation,CMS143v14,0086e,14,db9d9f09-6b6a-4749-a8b2-8c1fdb018823,Ambulatory,No
Diagnostic Study,2.16.840.1.113883.3.526.3.1334,Optic Disc Exam for Structural Abnormalities,20210209,eCQM Update 2025-05-08,Grouping,2.16.840.1.113883.3.526.2.1403,Optic Disc Exam for Structural Abnormalities,LOINC,2.78,2.16.840.1.113883.6.1,Eligible Clinicians,Primary Open-Angle Glaucoma (POAG): Optic Nerve Evaluation,CMS143v14,0086e,14,db9d9f09-6b6a-4749-a8b2-8c1fdb018823,Ambulatory,No
Encounter,2.16.840.1.113883.3.464.1003.101.12.1014,Care Services in Long Term Residential Facility,20240203,eCQM Update 2025-05-08,Grouping,2.16.840.1.113883.3.464.1003.101.11.1262,Care Services in Long Term Residential Facility,SNOMEDCT,2024-09,2.16.840.1.113883.6.96,Eligible Clinicians,Primary Open-Angle Glaucoma (POAG): Optic Nerve Evaluation,CMS143v14,0086e,14,db9d9f09-6b6a-4749-a8b2-8c1fdb018823,Ambulatory,No
Encounter,2.16.840.1.113883.3.464.1003.101.12.1012,Nursing Facility Visit,20240110,eCQM Update 2025-05-08,Grouping,2.16.840.1.113883.3.464.1003.101.11.1261,Nursing Facility Visit,SNOMEDCT,2024-09,2.16.840.1.113883.6.96,Eligible Clinicians,Primary Open-Angle Glaucoma (POAG): Optic Nerve Evaluation,CMS143v14,0086e,14,db9d9f09-6b6a-4749-a8b2-8c1fdb018823,Ambulatory,No
Encounter,2.16.840.1.113883.3.464.1003.101.12.1012,Nursing Facility Visit,20240110,eCQM Update 2025-05-08,Grouping,2.16.840.1.113883.3.464.1003.101.11.1060,Nursing Facility Visit,CPT,2025,2.16.840.1.113883.6.12,Eligible Clinicians,Primary Open-Angle Glaucoma (POAG): Optic Nerve Evaluation,CMS143v14,0086e,14,db9d9f09-6b6a-4749-a8b2-8c1fdb018823,Ambulatory,No
Encounter,2.16.840.1.113883.3.464.1003.101.12.1001,Office Visit,20180310,eCQM Update 2025-05-08,Grouping,2.16.840.1.113883.3.464.1003.101.11.1005,Office Visit,CPT,2025,2.16.840.1.113883.6.12,Eligible Clinicians,Primary Open-Angle Glaucoma (POAG): Optic Nerve Evaluation,CMS143v14,0086e,14,db9d9f09-6b6a-4749-a8b2-8c1fdb018823,Ambulatory,No
Encounter,2.16.840.1.113883.3.464.1003.101.12.1001,Office Visit,20180310,eCQM Update 2025-05-08,Grouping,2.16.840.1.113883.3.464.1003.101.11.1264,Office Visit,SNOMEDCT,2024-09,2.16.840.1.113883.6.96,Eligible Clinicians,Primary Open-Angle Glaucoma (POAG): Optic Nerve Evaluation,CMS143v14,0086e,14,db9d9f09-6b6a-4749-a8b2-8c1fdb018823,Ambulatory,No
Encounter,2.16.840.1.113883.3.526.3.1285,Ophthalmological Services,20210209,eCQM Update 2025-05-08,Grouping,2.16.840.1.113883.3.526.2.1771,Ophthalmological Services,SNOMEDCT,2024-09,2.16.840.1.113883.6.96,Eligible Clinicians,Primary Open-Angle Glaucoma (POAG): Optic Nerve Evaluation,CMS143v14,0086e,14,db9d9f09-6b6a-4749-a8b2-8c1fdb018823,Ambulatory,No
Encounter,2.16.840.1.113883.3.526.3.1285,Ophthalmological Services,20210209,eCQM Update 2025-05-08,Grouping,2.16.840.1.113883.3.526.2.111,Ophthalmological Services,CPT,2025,2.16.840.1.113883.6.12,Eligible Clinicians,Primary Open-Angle Glaucoma (POAG): Optic Nerve Evaluation,CMS143v14,0086e,14,db9d9f09-6b6a-4749-a8b2-8c1fdb018823,Ambulatory,No
Encounter,2.16.840.1.113883.3.464.1003.101.12.1008,Outpatient Consultation,20240110,eCQM Update 2025-05-08,Grouping,2.16.840.1.113883.3.464.1003.101.11.1040,Outpatient Consultation,CPT,2025,2.16.840.1.113883.6.12,Eligible Clinicians,Primary Open-Angle Glaucoma (POAG): Optic Nerve Evaluation,CMS143v14,0086e,14,db9d9f09-6b6a-4749-a8b2-8c1fdb018823,Ambulatory,No
Encounter,2.16.840.1.113883.3.464.1003.101.12.1008,Outpatient Consultation,20240110,eCQM Update 2025-05-08,Grouping,2.16.840.1.113883.3.464.1003.101.11.1266,Outpatient Consultation,SNOMEDCT,2024-09,2.16.840.1.113883.6.96,Eligible Clinicians,Primary Open-Angle Glaucoma (POAG): Optic Nerve Evaluation,CMS143v14,0086e,14,db9d9f09-6b6a-4749-a8b2-8c1fdb018823,Ambulatory,No
Individual Characteristic,2.16.840.1.114222.4.11.837,Ethnicity,20121025,eCQM Update 2025-05-08,Extensional,,,CDCREC,1.2,2.16.840.1.113883.6.238,Eligible Clinicians,Primary Open-Angle Glaucoma (POAG): Optic Nerve Evaluation,CMS143v14,0086e,14,db9d9f09-6b6a-4749-a8b2-8c1fdb018823,Ambulatory,Yes
Individual Characteristic,2.16.840.1.113762.1.4.1021.121,Federal Administrative Sex,20250228,eCQM Update 2025-05-08,Extensional,,,SNOMEDCT,2024-09,2.16.840.1.113883.6.96,Eligible Clinicians,Primary Open-Angle Glaucoma (POAG): Optic Nerve Evaluation,CMS143v14,0086e,14,db9d9f09-6b6a-4749-a8b2-8c1fdb018823,Ambulatory,Yes
Individual Characteristic,2.16.840.1.114222.4.11.3591,Payer Type,20221118,eCQM Update 2025-05-08,Intensional,,,SOP,9.2,2.16.840.1.113883.3.221.5,Eligible Clinicians,Primary Open-Angle Glaucoma (POAG): Optic Nerve Evaluation,CMS143v14,0086e,14,db9d9f09-6b6a-4749-a8b2-8c1fdb018823,Ambulatory,Yes
Individual Characteristic,2.16.840.1.114222.4.11.836,Race,20121025,eCQM Update 2025-05-08,Extensional,,,CDCREC,1.2,2.16.840.1.113883.6.238,Eligible Clinicians,Primary Open-Angle Glaucoma (POAG): Optic Nerve Evaluation,CMS143v14,0086e,14,db9d9f09-6b6a-4749-a8b2-8c1fdb018823,Ambulatory,Yes
,2.16.840.1.113883.3.526.3.1007,Medical Reason,20170504,eCQM Update 2025-05-08,Grouping,2.16.840.1.113883.3.526.2.313,Medical Reason,SNOMEDCT,2024-09,2.16.840.1.113883.6.96,Eligible Clinicians,Primary Open-Angle Glaucoma (POAG): Optic Nerve Evaluation,CMS143v14,0086e,14,db9d9f09-6b6a-4749-a8b2-8c1fdb018823,Ambulatory,No
Allergy/Intolerance,2.16.840.1.113883.3.526.3.1493,Beta Blocker Therapy Ingredient,20170504,eCQM Update 2025-05-08,Grouping,2.16.840.1.113883.3.526.2.1921,Beta Blocker Therapy Ingredient,RXNORM,2025-01,2.16.840.1.113883.6.88,Eligible Clinicians,Heart Failure (HF): Beta-Blocker Therapy for Left Ventricular Systolic Dysfunction (LVSD),CMS144v14,0083e,14,8439f671-2932-4d4c-88ca-ea5faeacc89a,Ambulatory,No
Condition/Diagnosis/Problem,2.16.840.1.113883.3.526.3.1177,Allergy to Beta Blocker Therapy,20170504,eCQM Update 2025-05-08,Grouping,2.16.840.1.113883.3.526.2.1333,Allergy to Beta Blocker Therapy,SNOMEDCT,2024-09,2.16.840.1.113883.6.96,Eligible Clinicians,Heart Failure (HF): Beta-Blocker Therapy for Left Ventricular Systolic Dysfunction (LVSD),CMS144v14,0083e,14,8439f671-2932-4d4c-88ca-ea5faeacc89a,Ambulatory,No
Condition/Diagnosis/Problem,2.16.840.1.113883.3.526.3.366,Arrhythmia,20200306,eCQM Update 2025-05-08,Grouping,2.16.840.1.113883.3.526.2.181,Arrhythmia,ICD10CM,2025,2.16.840.1.113883.6.90,Eligible Clinicians,Heart Failure (HF): Beta-Blocker Therapy for Left Ventricular Systolic Dysfunction (LVSD),CMS144v14,0083e,14,8439f671-2932-4d4c-88ca-ea5faeacc89a,Ambulatory,No
Condition/Diagnosis/Problem,2.16.840.1.113883.3.526.3.366,Arrhythmia,20200306,eCQM Update 2025-05-08,Grouping,2.16.840.1.113883.3.526.2.186,Arrhythmia,SNOMEDCT,2024-09,2.16.840.1.113883.6.96,Eligible Clinicians,Heart Failure (HF): Beta-Blocker Therapy for Left Ventricular Systolic Dysfunction (LVSD),CMS144v14,0083e,14,8439f671-2932-4d4c-88ca-ea5faeacc89a,Ambulatory,No
Condition/Diagnosis/Problem,2.16.840.1.113883.3.526.3.362,Asthma,20200306,eCQM Update 2025-05-08,Grouping,2.16.840.1.113883.3.526.2.61,Asthma,SNOMEDCT,2024-09,2.16.840.1.113883.6.96,Eligible Clinicians,Heart Failure (HF): Beta-Blocker Therapy for Left Ventricular Systolic Dysfunction (LVSD),CMS144v14,0083e,14,8439f671-2932-4d4c-88ca-ea5faeacc89a,Ambulatory,No
Condition/Diagnosis/Problem,2.16.840.1.113883.3.526.3.362,Asthma,20200306,eCQM Update 2025-05-08,Grouping,2.16.840.1.113883.3.526.2.60,Asthma,ICD10CM,2025,2.16.840.1.113883.6.90,Eligible Clinicians,Heart Failure (HF): Beta-Blocker Therapy for Left Ventricular Systolic Dysfunction (LVSD),CMS144v14,0083e,14,8439f671-2932-4d4c-88ca-ea5faeacc89a,Ambulatory,No
Condition/Diagnosis/Problem,2.16.840.1.113883.3.526.3.367,Atrioventricular Block,20210218,eCQM Update 2025-05-08,Grouping,2.16.840.1.113883.3.526.2.187,Atrioventricular Block,SNOMEDCT,2024-09,2.16.840.1.113883.6.96,Eligible Clinicians,Heart Failure (HF): Beta-Blocker Therapy for Left Ventricular Systolic Dysfunction (LVSD),CMS144v14,0083e,14,8439f671-2932-4d4c-88ca-ea5faeacc89a,Ambulatory,No
Condition/Diagnosis/Problem,2.16.840.1.113883.3.526.3.367,Atrioventricular Block,20210218,eCQM Update 2025-05-08,Grouping,2.16.840.1.113883.3.526.2.264,Atrioventricular Block,ICD10CM,2025,2.16.840.1.113883.6.90,Eligible Clinicians,Heart Failure (HF): Beta-Blocker Therapy for Left Ventricular Systolic Dysfunction (LVSD),CMS144v14,0083e,14,8439f671-2932-4d4c-88ca-ea5faeacc89a,Ambulatory,No
Condition/Diagnosis/Problem,2.16.840.1.113883.3.526.3.412,Bradycardia,20200306,eCQM Update 2025-05-08,Grouping,2.16.840.1.113883.3.526.2.411,Bradycardia,ICD10CM,2025,2.16.840.1.113883.6.90,Eligible Clinicians,Heart Failure (HF): Beta-Blocker Therapy for Left Ventricular Systolic Dysfunction (LVSD),CMS144v14,0083e,14,8439f671-2932-4d4c-88ca-ea5faeacc89a,Ambulatory,No
Condition/Diagnosis/Problem,2.16.840.1.113883.3.526.3.412,Bradycardia,20200306,eCQM Update 2025-05-08,Grouping,2.16.840.1.113883.3.526.2.408,Bradycardia,SNOMEDCT,2024-09,2.16.840.1.113883.6.96,Eligible Clinicians,Heart Failure (HF): Beta-Blocker Therapy for Left Ventricular Systolic Dysfunction (LVSD),CMS144v14,0083e,14,8439f671-2932-4d4c-88ca-ea5faeacc89a,Ambulatory,No
Condition/Diagnosis/Problem,2.16.840.1.113883.3.526.3.368,Cardiac Pacer in Situ,20210218,eCQM Update 2025-05-08,Grouping,2.16.840.1.113883.3.526.2.1924,Cardiac Pacer in Situ,SNOMEDCT,2024-09,2.16.840.1.113883.6.96,Eligible Clinicians,Heart Failure (HF): Beta-Blocker Therapy for Left Ventricular Systolic Dysfunction (LVSD),CMS144v14,0083e,14,8439f671-2932-4d4c-88ca-ea5faeacc89a,Ambulatory,No
Condition/Diagnosis/Problem,2.16.840.1.113883.3.526.3.368,Cardiac Pacer in Situ,20210218,eCQM Update 2025-05-08,Grouping,2.16.840.1.113883.3.526.2.183,Cardiac Pacer in Situ,ICD10CM,2025,2.16.840.1.113883.6.90,Eligible Clinicians,Heart Failure (HF): Beta-Blocker Therapy for Left Ventricular Systolic Dysfunction (LVSD),CMS144v14,0083e,14,8439f671-2932-4d4c-88ca-ea5faeacc89a,Ambulatory,No
Condition/Diagnosis/Problem,2.16.840.1.113883.3.526.3.376,Heart Failure,20210218,eCQM Update 2025-05-08,Grouping,2.16.840.1.113883.3.526.2.24,Heart Failure,ICD10CM,2025,2.16.840.1.113883.6.90,Eligible Clinicians,Heart Failure (HF): Beta-Blocker Therapy for Left Ventricular Systolic Dysfunction (LVSD),CMS144v14,0083e,14,8439f671-2932-4d4c-88ca-ea5faeacc89a,Ambulatory,No
Condition/Diagnosis/Problem,2.16.840.1.113883.3.526.3.376,Heart Failure,20210218,eCQM Update 2025-05-08,Grouping,2.16.840.1.113883.3.526.2.25,Heart Failure,SNOMEDCT,2024-09,2.16.840.1.113883.6.96,Eligible Clinicians,Heart Failure (HF): Beta-Blocker Therapy for Left Ventricular Systolic Dysfunction (LVSD),CMS144v14,0083e,14,8439f671-2932-4d4c-88ca-ea5faeacc89a,Ambulatory,No
Condition/Diagnosis/Problem,2.16.840.1.113762.1.4.1178.56,Heart Transplant Complications,20220218,eCQM Update 2025-05-08,Grouping,2.16.840.1.113762.1.4.1178.54,Heart Transplant Complications,ICD10CM,2025,2.16.840.1.113883.6.90,Eligible Clinicians,Heart Failure (HF): Beta-Blocker Therapy for Left Ventricular Systolic Dysfunction (LVSD),CMS144v14,0083e,14,8439f671-2932-4d4c-88ca-ea5faeacc89a,Ambulatory,No
Condition/Diagnosis/Problem,2.16.840.1.113762.1.4.1178.56,Heart Transplant Complications,20220218,eCQM Update 2025-05-08,Grouping,2.16.840.1.113762.1.4.1178.55,Heart Transplant Complications,SNOMEDCT,2024-09,2.16.840.1.113883.6.96,Eligible Clinicians,Heart Failure (HF): Beta-Blocker Therapy for Left Ventricular Systolic Dysfunction (LVSD),CMS144v14,0083e,14,8439f671-2932-4d4c-88ca-ea5faeacc89a,Ambulatory,No
Condition/Diagnosis/Problem,2.16.840.1.113883.3.526.3.370,Hypotension,20200306,eCQM Update 2025-05-08,Grouping,2.16.840.1.113883.3.526.2.180,Hypotension,ICD10CM,2025,2.16.840.1.113883.6.90,Eligible Clinicians,Heart Failure (HF): Beta-Blocker Therapy for Left Ventricular Systolic Dysfunction (LVSD),CMS144v14,0083e,14,8439f671-2932-4d4c-88ca-ea5faeacc89a,Ambulatory,No
Condition/Diagnosis/Problem,2.16.840.1.113883.3.526.3.370,Hypotension,20200306,eCQM Update 2025-05-08,Grouping,2.16.840.1.113883.3.526.2.185,Hypotension,SNOMEDCT,2024-09,2.16.840.1.113883.6.96,Eligible Clinicians,Heart Failure (HF): Beta-Blocker Therapy for Left Ventricular Systolic Dysfunction (LVSD),CMS144v14,0083e,14,8439f671-2932-4d4c-88ca-ea5faeacc89a,Ambulatory,No
Condition/Diagnosis/Problem,2.16.840.1.113883.3.526.3.1178,Intolerance to Beta Blocker Therapy,20170504,eCQM Update 2025-05-08,Grouping,2.16.840.1.113883.3.526.2.1334,Intolerance to Beta Blocker Therapy,SNOMEDCT,2024-09,2.16.840.1.113883.6.96,Eligible Clinicians,Heart Failure (HF): Beta-Blocker Therapy for Left Ventricular Systolic Dysfunction (LVSD),CMS144v14,0083e,14,8439f671-2932-4d4c-88ca-ea5faeacc89a,Ambulatory,No
Condition/Diagnosis/Problem,2.16.840.1.113762.1.4.1178.58,Left Ventricular Assist Device Complications,20220218,eCQM Update 2025-05-08,Grouping,2.16.840.1.113762.1.4.1178.57,Left Ventricular Assist Device Complications,SNOMEDCT,2024-09,2.16.840.1.113883.6.96,Eligible Clinicians,Heart Failure (HF): Beta-Blocker Therapy for Left Ventricular Systolic Dysfunction (LVSD),CMS144v14,0083e,14,8439f671-2932-4d4c-88ca-ea5faeacc89a,Ambulatory,No
Condition/Diagnosis/Problem,2.16.840.1.113883.3.526.3.1090,Moderate or Severe LVSD,20170504,eCQM Update 2025-05-08,Grouping,2.16.840.1.113883.3.526.2.861,Moderate or Severe LVSD,SNOMEDCT,2024-09,2.16.840.1.113883.6.96,Eligible Clinicians,Heart Failure (HF): Beta-Blocker Therapy for Left Ventricular Systolic Dysfunction (LVSD),CMS144v14,0083e,14,8439f671-2932-4d4c-88ca-ea5faeacc89a,Ambulatory,No
Diagnostic Study,2.16.840.1.113883.3.526.3.1134,Ejection Fraction,20170504,eCQM Update 2025-05-08,Grouping,2.16.840.1.113883.3.526.2.1238,Ejection Fraction,LOINC,2.78,2.16.840.1.113883.6.1,Eligible Clinicians,Heart Failure (HF): Beta-Blocker Therapy for Left Ventricular Systolic Dysfunction (LVSD),CMS144v14,0083e,14,8439f671-2932-4d4c-88ca-ea5faeacc89a,Ambulatory,No
Encounter,2.16.840.1.113883.3.464.1003.101.12.1014,Care Services in Long Term Residential Facility,20240203,eCQM Update 2025-05-08,Grouping,2.16.840.1.113883.3.464.1003.101.11.1262,Care Services in Long Term Residential Facility,SNOMEDCT,2024-09,2.16.840.1.113883.6.96,Eligible Clinicians,Heart Failure (HF): Beta-Blocker Therapy for Left Ventricular Systolic Dysfunction (LVSD),CMS144v14,0083e,14,8439f671-2932-4d4c-88ca-ea5faeacc89a,Ambulatory,No
Encounter,2.16.840.1.113883.3.464.1003.101.12.1016,Home Healthcare Services,20240110,eCQM Update 2025-05-08,Grouping,2.16.840.1.113883.3.464.1003.101.11.1265,Home Healthcare Services,SNOMEDCT,2024-09,2.16.840.1.113883.6.96,Eligible Clinicians,Heart Failure (HF): Beta-Blocker Therapy for Left Ventricular Systolic Dysfunction (LVSD),CMS144v14,0083e,14,8439f671-2932-4d4c-88ca-ea5faeacc89a,Ambulatory,No
Encounter,2.16.840.1.113883.3.464.1003.101.12.1016,Home Healthcare Services,20240110,eCQM Update 2025-05-08,Grouping,2.16.840.1.113883.3.464.1003.101.11.1080,Home Healthcare Services,CPT,2025,2.16.840.1.113883.6.12,Eligible Clinicians,Heart Failure (HF): Beta-Blocker Therapy for Left Ventricular Systolic Dysfunction (LVSD),CMS144v14,0083e,14,8439f671-2932-4d4c-88ca-ea5faeacc89a,Ambulatory,No
Encounter,2.16.840.1.113883.3.464.1003.101.12.1012,Nursing Facility Visit,20240110,eCQM Update 2025-05-08,Grouping,2.16.840.1.113883.3.464.1003.101.11.1060,Nursing Facility Visit,CPT,2025,2.16.840.1.113883.6.12,Eligible Clinicians,Heart Failure (HF): Beta-Blocker Therapy for Left Ventricular Systolic Dysfunction (LVSD),CMS144v14,0083e,14,8439f671-2932-4d4c-88ca-ea5faeacc89a,Ambulatory,No
Encounter,2.16.840.1.113883.3.464.1003.101.12.1012,Nursing Facility Visit,20240110,eCQM Update 2025-05-08,Grouping,2.16.840.1.113883.3.464.1003.101.11.1261,Nursing Facility Visit,SNOMEDCT,2024-09,2.16.840.1.113883.6.96,Eligible Clinicians,Heart Failure (HF): Beta-Blocker Therapy for Left Ventricular Systolic Dysfunction (LVSD),CMS144v14,0083e,14,8439f671-2932-4d4c-88ca-ea5faeacc89a,Ambulatory,No
Encounter,2.16.840.1.113883.3.464.1003.101.12.1001,Office Visit,20180310,eCQM Update 2025-05-08,Grouping,2.16.840.1.113883.3.464.1003.101.11.1264,Office Visit,SNOMEDCT,2024-09,2.16.840.1.113883.6.96,Eligible Clinicians,Heart Failure (HF): Beta-Blocker Therapy for Left Ventricular Systolic Dysfunction (LVSD),CMS144v14,0083e,14,8439f671-2932-4d4c-88ca-ea5faeacc89a,Ambulatory,No
Encounter,2.16.840.1.113883.3.464.1003.101.12.1001,Office Visit,20180310,eCQM Update 2025-05-08,Grouping,2.16.840.1.113883.3.464.1003.101.11.1005,Office Visit,CPT,2025,2.16.840.1.113883.6.12,Eligible Clinicians,Heart Failure (HF): Beta-Blocker Therapy for Left Ventricular Systolic Dysfunction (LVSD),CMS144v14,0083e,14,8439f671-2932-4d4c-88ca-ea5faeacc89a,Ambulatory,No
Encounter,2.16.840.1.113883.3.464.1003.101.12.1008,Outpatient Consultation,20240110,eCQM Update 2025-05-08,Grouping,2.16.840.1.113883.3.464.1003.101.11.1266,Outpatient Consultation,SNOMEDCT,2024-09,2.16.840.1.113883.6.96,Eligible Clinicians,Heart Failure (HF): Beta-Blocker Therapy for Left Ventricular Systolic Dysfunction (LVSD),CMS144v14,0083e,14,8439f671-2932-4d4c-88ca-ea5faeacc89a,Ambulatory,No
Encounter,2.16.840.1.113883.3.464.1003.101.12.1008,Outpatient Consultation,20240110,eCQM Update 2025-05-08,Grouping,2.16.840.1.113883.3.464.1003.101.11.1040,Outpatient Consultation,CPT,2025,2.16.840.1.113883.6.12,Eligible Clinicians,Heart Failure (HF): Beta-Blocker Therapy for Left Ventricular Systolic Dysfunction (LVSD),CMS144v14,0083e,14,8439f671-2932-4d4c-88ca-ea5faeacc89a,Ambulatory,No
Encounter,2.16.840.1.113883.3.526.3.1012,Patient Provider Interaction,20170504,eCQM Update 2025-05-08,Grouping,2.16.840.1.113883.3.526.2.1049,Patient Provider Interaction,SNOMEDCT,2024-09,2.16.840.1.113883.6.96,Eligible Clinicians,Heart Failure (HF): Beta-Blocker Therapy for Left Ventricular Systolic Dysfunction (LVSD),CMS144v14,0083e,14,8439f671-2932-4d4c-88ca-ea5faeacc89a,Ambulatory,No
Individual Characteristic,2.16.840.1.114222.4.11.837,Ethnicity,20121025,eCQM Update 2025-05-08,Extensional,,,CDCREC,1.2,2.16.840.1.113883.6.238,Eligible Clinicians,Heart Failure (HF): Beta-Blocker Therapy for Left Ventricular Systolic Dysfunction (LVSD),CMS144v14,0083e,14,8439f671-2932-4d4c-88ca-ea5faeacc89a,Ambulatory,Yes
Individual Characteristic,2.16.840.1.113762.1.4.1021.121,Federal Administrative Sex,20250228,eCQM Update 2025-05-08,Extensional,,,SNOMEDCT,2024-09,2.16.840.1.113883.6.96,Eligible Clinicians,Heart Failure (HF): Beta-Blocker Therapy for Left Ventricular Systolic Dysfunction (LVSD),CMS144v14,0083e,14,8439f671-2932-4d4c-88ca-ea5faeacc89a,Ambulatory,Yes
Individual Characteristic,2.16.840.1.114222.4.11.3591,Payer Type,20221118,eCQM Update 2025-05-08,Intensional,,,SOP,9.2,2.16.840.1.113883.3.221.5,Eligible Clinicians,Heart Failure (HF): Beta-Blocker Therapy for Left Ventricular Systolic Dysfunction (LVSD),CMS144v14,0083e,14,8439f671-2932-4d4c-88ca-ea5faeacc89a,Ambulatory,Yes
Individual Characteristic,2.16.840.1.114222.4.11.836,Race,20121025,eCQM Update 2025-05-08,Extensional,,,CDCREC,1.2,2.16.840.1.113883.6.238,Eligible Clinicians,Heart Failure (HF): Beta-Blocker Therapy for Left Ventricular Systolic Dysfunction (LVSD),CMS144v14,0083e,14,8439f671-2932-4d4c-88ca-ea5faeacc89a,Ambulatory,Yes
Medication,2.16.840.1.113883.3.526.3.1184,Beta Blocker Therapy for LVSD,20170504,eCQM Update 2025-05-08,Grouping,2.16.840.1.113883.3.526.2.1342,Beta Blocker Therapy for LVSD,RXNORM,2025-01,2.16.840.1.113883.6.88,Eligible Clinicians,Heart Failure (HF): Beta-Blocker Therapy for Left Ventricular Systolic Dysfunction (LVSD),CMS144v14,0083e,14,8439f671-2932-4d4c-88ca-ea5faeacc89a,Ambulatory,No
Physical Exam,2.16.840.1.113883.3.526.3.1176,Heart Rate,20170504,eCQM Update 2025-05-08,Grouping,2.16.840.1.113883.3.526.2.1341,Heart Rate,LOINC,2.78,2.16.840.1.113883.6.1,Eligible Clinicians,Heart Failure (HF): Beta-Blocker Therapy for Left Ventricular Systolic Dysfunction (LVSD),CMS144v14,0083e,14,8439f671-2932-4d4c-88ca-ea5faeacc89a,Ambulatory,No
Procedure,2.16.840.1.113762.1.4.1178.53,Cardiac Pacer,20220218,eCQM Update 2025-05-08,Grouping,2.16.840.1.113762.1.4.1178.52,Cardiac Pacer,SNOMEDCT,2024-09,2.16.840.1.113883.6.96,Eligible Clinicians,Heart Failure (HF): Beta-Blocker Therapy for Left Ventricular Systolic Dysfunction (LVSD),CMS144v14,0083e,14,8439f671-2932-4d4c-88ca-ea5faeacc89a,Ambulatory,No
Procedure,2.16.840.1.113762.1.4.1178.53,Cardiac Pacer,20220218,eCQM Update 2025-05-08,Grouping,2.16.840.1.113762.1.4.1178.65,Cardiac Pacer,CPT,2025,2.16.840.1.113883.6.12,Eligible Clinicians,Heart Failure (HF): Beta-Blocker Therapy for Left Ventricular Systolic Dysfunction (LVSD),CMS144v14,0083e,14,8439f671-2932-4d4c-88ca-ea5faeacc89a,Ambulatory,No
Procedure,2.16.840.1.113762.1.4.1178.33,Heart Transplant,20220218,eCQM Update 2025-05-08,Grouping,2.16.840.1.113762.1.4.1178.32,Heart Transplant,SNOMEDCT,2024-09,2.16.840.1.113883.6.96,Eligible Clinicians,Heart Failure (HF): Beta-Blocker Therapy for Left Ventricular Systolic Dysfunction (LVSD),CMS144v14,0083e,14,8439f671-2932-4d4c-88ca-ea5faeacc89a,Ambulatory,No
Procedure,2.16.840.1.113762.1.4.1178.33,Heart Transplant,20220218,eCQM Update 2025-05-08,Grouping,2.16.840.1.113762.1.4.1178.31,Heart Transplant,CPT,2025,2.16.840.1.113883.6.12,Eligible Clinicians,Heart Failure (HF): Beta-Blocker Therapy for Left Ventricular Systolic Dysfunction (LVSD),CMS144v14,0083e,14,8439f671-2932-4d4c-88ca-ea5faeacc89a,Ambulatory,No
Procedure,2.16.840.1.113762.1.4.1178.61,Left Ventricular Assist Device Placement,20220218,eCQM Update 2025-05-08,Grouping,2.16.840.1.113762.1.4.1178.60,Left Ventricular Assist Device Placement,SNOMEDCT,2024-09,2.16.840.1.113883.6.96,Eligible Clinicians,Heart Failure (HF): Beta-Blocker Therapy for Left Ventricular Systolic Dysfunction (LVSD),CMS144v14,0083e,14,8439f671-2932-4d4c-88ca-ea5faeacc89a,Ambulatory,No
Procedure,2.16.840.1.113762.1.4.1178.61,Left Ventricular Assist Device Placement,20220218,eCQM Update 2025-05-08,Grouping,2.16.840.1.113762.1.4.1178.62,Left Ventricular Assist Device Placement,CPT,2025,2.16.840.1.113883.6.12,Eligible Clinicians,Heart Failure (HF): Beta-Blocker Therapy for Left Ventricular Systolic Dysfunction (LVSD),CMS144v14,0083e,14,8439f671-2932-4d4c-88ca-ea5faeacc89a,Ambulatory,No
,2.16.840.1.113883.3.526.3.1007,Medical Reason,20170504,eCQM Update 2025-05-08,Grouping,2.16.840.1.113883.3.526.2.313,Medical Reason,SNOMEDCT,2024-09,2.16.840.1.113883.6.96,Eligible Clinicians,Heart Failure (HF): Beta-Blocker Therapy for Left Ventricular Systolic Dysfunction (LVSD),CMS144v14,0083e,14,8439f671-2932-4d4c-88ca-ea5faeacc89a,Ambulatory,No
,2.16.840.1.113883.3.526.3.1092,Moderate or Severe,20170504,eCQM Update 2025-05-08,Grouping,2.16.840.1.113883.3.526.2.860,Moderate or Severe,SNOMEDCT,2024-09,2.16.840.1.113883.6.96,Eligible Clinicians,Heart Failure (HF): Beta-Blocker Therapy for Left Ventricular Systolic Dysfunction (LVSD),CMS144v14,0083e,14,8439f671-2932-4d4c-88ca-ea5faeacc89a,Ambulatory,No
,2.16.840.1.113883.3.526.3.1008,Patient Reason,20170504,eCQM Update 2025-05-08,Grouping,2.16.840.1.113883.3.526.2.311,Patient Reason,SNOMEDCT,2024-09,2.16.840.1.113883.6.96,Eligible Clinicians,Heart Failure (HF): Beta-Blocker Therapy for Left Ventricular Systolic Dysfunction (LVSD),CMS144v14,0083e,14,8439f671-2932-4d4c-88ca-ea5faeacc89a,Ambulatory,No
Allergy/Intolerance,2.16.840.1.113883.3.526.3.1493,Beta Blocker Therapy Ingredient,20170504,eCQM Update 2025-05-08,Grouping,2.16.840.1.113883.3.526.2.1921,Beta Blocker Therapy Ingredient,RXNORM,2025-01,2.16.840.1.113883.6.88,Eligible Clinicians,Coronary Artery Disease (CAD): Beta-Blocker Therapy-Prior Myocardial Infarction (MI) or Left Ventricular Systolic Dysfunction (LVEF less than or equal to 40%),CMS145v14,0070e,14,80744ae2-de81-4b16-a71d-69522eb865c5,Ambulatory,No
Condition/Diagnosis/Problem,2.16.840.1.113883.3.526.3.1177,Allergy to Beta Blocker Therapy,20170504,eCQM Update 2025-05-08,Grouping,2.16.840.1.113883.3.526.2.1333,Allergy to Beta Blocker Therapy,SNOMEDCT,2024-09,2.16.840.1.113883.6.96,Eligible Clinicians,Coronary Artery Disease (CAD): Beta-Blocker Therapy-Prior Myocardial Infarction (MI) or Left Ventricular Systolic Dysfunction (LVEF less than or equal to 40%),CMS145v14,0070e,14,80744ae2-de81-4b16-a71d-69522eb865c5,Ambulatory,No
Condition/Diagnosis/Problem,2.16.840.1.113883.3.526.3.366,Arrhythmia,20200306,eCQM Update 2025-05-08,Grouping,2.16.840.1.113883.3.526.2.181,Arrhythmia,ICD10CM,2025,2.16.840.1.113883.6.90,Eligible Clinicians,Coronary Artery Disease (CAD): Beta-Blocker Therapy-Prior Myocardial Infarction (MI) or Left Ventricular Systolic Dysfunction (LVEF less than or equal to 40%),CMS145v14,0070e,14,80744ae2-de81-4b16-a71d-69522eb865c5,Ambulatory,No
Condition/Diagnosis/Problem,2.16.840.1.113883.3.526.3.366,Arrhythmia,20200306,eCQM Update 2025-05-08,Grouping,2.16.840.1.113883.3.526.2.186,Arrhythmia,SNOMEDCT,2024-09,2.16.840.1.113883.6.96,Eligible Clinicians,Coronary Artery Disease (CAD): Beta-Blocker Therapy-Prior Myocardial Infarction (MI) or Left Ventricular Systolic Dysfunction (LVEF less than or equal to 40%),CMS145v14,0070e,14,80744ae2-de81-4b16-a71d-69522eb865c5,Ambulatory,No
Condition/Diagnosis/Problem,2.16.840.1.113883.3.526.3.362,Asthma,20200306,eCQM Update 2025-05-08,Grouping,2.16.840.1.113883.3.526.2.61,Asthma,SNOMEDCT,2024-09,2.16.840.1.113883.6.96,Eligible Clinicians,Coronary Artery Disease (CAD): Beta-Blocker Therapy-Prior Myocardial Infarction (MI) or Left Ventricular Systolic Dysfunction (LVEF less than or equal to 40%),CMS145v14,0070e,14,80744ae2-de81-4b16-a71d-69522eb865c5,Ambulatory,No
Condition/Diagnosis/Problem,2.16.840.1.113883.3.526.3.362,Asthma,20200306,eCQM Update 2025-05-08,Grouping,2.16.840.1.113883.3.526.2.60,Asthma,ICD10CM,2025,2.16.840.1.113883.6.90,Eligible Clinicians,Coronary Artery Disease (CAD): Beta-Blocker Therapy-Prior Myocardial Infarction (MI) or Left Ventricular Systolic Dysfunction (LVEF less than or equal to 40%),CMS145v14,0070e,14,80744ae2-de81-4b16-a71d-69522eb865c5,Ambulatory,No
Condition/Diagnosis/Problem,2.16.840.1.113883.3.526.3.367,Atrioventricular Block,20210218,eCQM Update 2025-05-08,Grouping,2.16.840.1.113883.3.526.2.264,Atrioventricular Block,ICD10CM,2025,2.16.840.1.113883.6.90,Eligible Clinicians,Coronary Artery Disease (CAD): Beta-Blocker Therapy-Prior Myocardial Infarction (MI) or Left Ventricular Systolic Dysfunction (LVEF less than or equal to 40%),CMS145v14,0070e,14,80744ae2-de81-4b16-a71d-69522eb865c5,Ambulatory,No
Condition/Diagnosis/Problem,2.16.840.1.113883.3.526.3.367,Atrioventricular Block,20210218,eCQM Update 2025-05-08,Grouping,2.16.840.1.113883.3.526.2.187,Atrioventricular Block,SNOMEDCT,2024-09,2.16.840.1.113883.6.96,Eligible Clinicians,Coronary Artery Disease (CAD): Beta-Blocker Therapy-Prior Myocardial Infarction (MI) or Left Ventricular Systolic Dysfunction (LVEF less than or equal to 40%),CMS145v14,0070e,14,80744ae2-de81-4b16-a71d-69522eb865c5,Ambulatory,No
Condition/Diagnosis/Problem,2.16.840.1.113883.3.526.3.412,Bradycardia,20200306,eCQM Update 2025-05-08,Grouping,2.16.840.1.113883.3.526.2.408,Bradycardia,SNOMEDCT,2024-09,2.16.840.1.113883.6.96,Eligible Clinicians,Coronary Artery Disease (CAD): Beta-Blocker Therapy-Prior Myocardial Infarction (MI) or Left Ventricular Systolic Dysfunction (LVEF less than or equal to 40%),CMS145v14,0070e,14,80744ae2-de81-4b16-a71d-69522eb865c5,Ambulatory,No
Condition/Diagnosis/Problem,2.16.840.1.113883.3.526.3.412,Bradycardia,20200306,eCQM Update 2025-05-08,Grouping,2.16.840.1.113883.3.526.2.411,Bradycardia,ICD10CM,2025,2.16.840.1.113883.6.90,Eligible Clinicians,Coronary Artery Disease (CAD): Beta-Blocker Therapy-Prior Myocardial Infarction (MI) or Left Ventricular Systolic Dysfunction (LVEF less than or equal to 40%),CMS145v14,0070e,14,80744ae2-de81-4b16-a71d-69522eb865c5,Ambulatory,No
Condition/Diagnosis/Problem,2.16.840.1.113883.3.526.3.368,Cardiac Pacer in Situ,20210218,eCQM Update 2025-05-08,Grouping,2.16.840.1.113883.3.526.2.183,Cardiac Pacer in Situ,ICD10CM,2025,2.16.840.1.113883.6.90,Eligible Clinicians,Coronary Artery Disease (CAD): Beta-Blocker Therapy-Prior Myocardial Infarction (MI) or Left Ventricular Systolic Dysfunction (LVEF less than or equal to 40%),CMS145v14,0070e,14,80744ae2-de81-4b16-a71d-69522eb865c5,Ambulatory,No
Condition/Diagnosis/Problem,2.16.840.1.113883.3.526.3.368,Cardiac Pacer in Situ,20210218,eCQM Update 2025-05-08,Grouping,2.16.840.1.113883.3.526.2.1924,Cardiac Pacer in Situ,SNOMEDCT,2024-09,2.16.840.1.113883.6.96,Eligible Clinicians,Coronary Artery Disease (CAD): Beta-Blocker Therapy-Prior Myocardial Infarction (MI) or Left Ventricular Systolic Dysfunction (LVEF less than or equal to 40%),CMS145v14,0070e,14,80744ae2-de81-4b16-a71d-69522eb865c5,Ambulatory,No
Condition/Diagnosis/Problem,2.16.840.1.113883.3.526.3.369,Coronary Artery Disease No MI,20200306,eCQM Update 2025-05-08,Grouping,2.16.840.1.113883.3.526.2.120,Coronary Artery Disease No MI,SNOMEDCT,2024-09,2.16.840.1.113883.6.96,Eligible Clinicians,Coronary Artery Disease (CAD): Beta-Blocker Therapy-Prior Myocardial Infarction (MI) or Left Ventricular Systolic Dysfunction (LVEF less than or equal to 40%),CMS145v14,0070e,14,80744ae2-de81-4b16-a71d-69522eb865c5,Ambulatory,No
Condition/Diagnosis/Problem,2.16.840.1.113883.3.526.3.369,Coronary Artery Disease No MI,20200306,eCQM Update 2025-05-08,Grouping,2.16.840.1.113883.3.526.2.57,Coronary Artery Disease No MI,ICD10CM,2025,2.16.840.1.113883.6.90,Eligible Clinicians,Coronary Artery Disease (CAD): Beta-Blocker Therapy-Prior Myocardial Infarction (MI) or Left Ventricular Systolic Dysfunction (LVEF less than or equal to 40%),CMS145v14,0070e,14,80744ae2-de81-4b16-a71d-69522eb865c5,Ambulatory,No
Condition/Diagnosis/Problem,2.16.840.1.113883.3.526.3.370,Hypotension,20200306,eCQM Update 2025-05-08,Grouping,2.16.840.1.113883.3.526.2.185,Hypotension,SNOMEDCT,2024-09,2.16.840.1.113883.6.96,Eligible Clinicians,Coronary Artery Disease (CAD): Beta-Blocker Therapy-Prior Myocardial Infarction (MI) or Left Ventricular Systolic Dysfunction (LVEF less than or equal to 40%),CMS145v14,0070e,14,80744ae2-de81-4b16-a71d-69522eb865c5,Ambulatory,No
Condition/Diagnosis/Problem,2.16.840.1.113883.3.526.3.370,Hypotension,20200306,eCQM Update 2025-05-08,Grouping,2.16.840.1.113883.3.526.2.180,Hypotension,ICD10CM,2025,2.16.840.1.113883.6.90,Eligible Clinicians,Coronary Artery Disease (CAD): Beta-Blocker Therapy-Prior Myocardial Infarction (MI) or Left Ventricular Systolic Dysfunction (LVEF less than or equal to 40%),CMS145v14,0070e,14,80744ae2-de81-4b16-a71d-69522eb865c5,Ambulatory,No
Condition/Diagnosis/Problem,2.16.840.1.113883.3.526.3.403,Initial Myocardial Infarction,20240125,eCQM Update 2025-05-08,Grouping,2.16.840.1.113883.3.526.2.119,Initial Myocardial Infarction,ICD10CM,2025,2.16.840.1.113883.6.90,Eligible Clinicians,Coronary Artery Disease (CAD): Beta-Blocker Therapy-Prior Myocardial Infarction (MI) or Left Ventricular Systolic Dysfunction (LVEF less than or equal to 40%),CMS145v14,0070e,14,80744ae2-de81-4b16-a71d-69522eb865c5,Ambulatory,No
Condition/Diagnosis/Problem,2.16.840.1.113883.3.526.3.403,Initial Myocardial Infarction,20240125,eCQM Update 2025-05-08,Grouping,2.16.840.1.113883.3.526.2.58,Initial Myocardial Infarction,SNOMEDCT,2024-09,2.16.840.1.113883.6.96,Eligible Clinicians,Coronary Artery Disease (CAD): Beta-Blocker Therapy-Prior Myocardial Infarction (MI) or Left Ventricular Systolic Dysfunction (LVEF less than or equal to 40%),CMS145v14,0070e,14,80744ae2-de81-4b16-a71d-69522eb865c5,Ambulatory,No
Condition/Diagnosis/Problem,2.16.840.1.113883.3.526.3.1178,Intolerance to Beta Blocker Therapy,20170504,eCQM Update 2025-05-08,Grouping,2.16.840.1.113883.3.526.2.1334,Intolerance to Beta Blocker Therapy,SNOMEDCT,2024-09,2.16.840.1.113883.6.96,Eligible Clinicians,Coronary Artery Disease (CAD): Beta-Blocker Therapy-Prior Myocardial Infarction (MI) or Left Ventricular Systolic Dysfunction (LVEF less than or equal to 40%),CMS145v14,0070e,14,80744ae2-de81-4b16-a71d-69522eb865c5,Ambulatory,No
Condition/Diagnosis/Problem,2.16.840.1.113883.3.526.3.1090,Moderate or Severe LVSD,20170504,eCQM Update 2025-05-08,Grouping,2.16.840.1.113883.3.526.2.861,Moderate or Severe LVSD,SNOMEDCT,2024-09,2.16.840.1.113883.6.96,Eligible Clinicians,Coronary Artery Disease (CAD): Beta-Blocker Therapy-Prior Myocardial Infarction (MI) or Left Ventricular Systolic Dysfunction (LVEF less than or equal to 40%),CMS145v14,0070e,14,80744ae2-de81-4b16-a71d-69522eb865c5,Ambulatory,No
Diagnostic Study,2.16.840.1.113883.3.526.3.1134,Ejection Fraction,20170504,eCQM Update 2025-05-08,Grouping,2.16.840.1.113883.3.526.2.1238,Ejection Fraction,LOINC,2.78,2.16.840.1.113883.6.1,Eligible Clinicians,Coronary Artery Disease (CAD): Beta-Blocker Therapy-Prior Myocardial Infarction (MI) or Left Ventricular Systolic Dysfunction (LVEF less than or equal to 40%),CMS145v14,0070e,14,80744ae2-de81-4b16-a71d-69522eb865c5,Ambulatory,No
Encounter,2.16.840.1.113883.3.464.1003.101.12.1014,Care Services in Long Term Residential Facility,20240203,eCQM Update 2025-05-08,Grouping,2.16.840.1.113883.3.464.1003.101.11.1262,Care Services in Long Term Residential Facility,SNOMEDCT,2024-09,2.16.840.1.113883.6.96,Eligible Clinicians,Coronary Artery Disease (CAD): Beta-Blocker Therapy-Prior Myocardial Infarction (MI) or Left Ventricular Systolic Dysfunction (LVEF less than or equal to 40%),CMS145v14,0070e,14,80744ae2-de81-4b16-a71d-69522eb865c5,Ambulatory,No
Encounter,2.16.840.1.113883.3.464.1003.101.12.1016,Home Healthcare Services,20240110,eCQM Update 2025-05-08,Grouping,2.16.840.1.113883.3.464.1003.101.11.1080,Home Healthcare Services,CPT,2025,2.16.840.1.113883.6.12,Eligible Clinicians,Coronary Artery Disease (CAD): Beta-Blocker Therapy-Prior Myocardial Infarction (MI) or Left Ventricular Systolic Dysfunction (LVEF less than or equal to 40%),CMS145v14,0070e,14,80744ae2-de81-4b16-a71d-69522eb865c5,Ambulatory,No
Encounter,2.16.840.1.113883.3.464.1003.101.12.1016,Home Healthcare Services,20240110,eCQM Update 2025-05-08,Grouping,2.16.840.1.113883.3.464.1003.101.11.1265,Home Healthcare Services,SNOMEDCT,2024-09,2.16.840.1.113883.6.96,Eligible Clinicians,Coronary Artery Disease (CAD): Beta-Blocker Therapy-Prior Myocardial Infarction (MI) or Left Ventricular Systolic Dysfunction (LVEF less than or equal to 40%),CMS145v14,0070e,14,80744ae2-de81-4b16-a71d-69522eb865c5,Ambulatory,No
Encounter,2.16.840.1.113883.3.464.1003.101.12.1012,Nursing Facility Visit,20240110,eCQM Update 2025-05-08,Grouping,2.16.840.1.113883.3.464.1003.101.11.1261,Nursing Facility Visit,SNOMEDCT,2024-09,2.16.840.1.113883.6.96,Eligible Clinicians,Coronary Artery Disease (CAD): Beta-Blocker Therapy-Prior Myocardial Infarction (MI) or Left Ventricular Systolic Dysfunction (LVEF less than or equal to 40%),CMS145v14,0070e,14,80744ae2-de81-4b16-a71d-69522eb865c5,Ambulatory,No
Encounter,2.16.840.1.113883.3.464.1003.101.12.1012,Nursing Facility Visit,20240110,eCQM Update 2025-05-08,Grouping,2.16.840.1.113883.3.464.1003.101.11.1060,Nursing Facility Visit,CPT,2025,2.16.840.1.113883.6.12,Eligible Clinicians,Coronary Artery Disease (CAD): Beta-Blocker Therapy-Prior Myocardial Infarction (MI) or Left Ventricular Systolic Dysfunction (LVEF less than or equal to 40%),CMS145v14,0070e,14,80744ae2-de81-4b16-a71d-69522eb865c5,Ambulatory,No
Encounter,2.16.840.1.113883.3.464.1003.101.12.1001,Office Visit,20180310,eCQM Update 2025-05-08,Grouping,2.16.840.1.113883.3.464.1003.101.11.1264,Office Visit,SNOMEDCT,2024-09,2.16.840.1.113883.6.96,Eligible Clinicians,Coronary Artery Disease (CAD): Beta-Blocker Therapy-Prior Myocardial Infarction (MI) or Left Ventricular Systolic Dysfunction (LVEF less than or equal to 40%),CMS145v14,0070e,14,80744ae2-de81-4b16-a71d-69522eb865c5,Ambulatory,No
Encounter,2.16.840.1.113883.3.464.1003.101.12.1001,Office Visit,20180310,eCQM Update 2025-05-08,Grouping,2.16.840.1.113883.3.464.1003.101.11.1005,Office Visit,CPT,2025,2.16.840.1.113883.6.12,Eligible Clinicians,Coronary Artery Disease (CAD): Beta-Blocker Therapy-Prior Myocardial Infarction (MI) or Left Ventricular Systolic Dysfunction (LVEF less than or equal to 40%),CMS145v14,0070e,14,80744ae2-de81-4b16-a71d-69522eb865c5,Ambulatory,No
Encounter,2.16.840.1.113883.3.464.1003.101.12.1008,Outpatient Consultation,20240110,eCQM Update 2025-05-08,Grouping,2.16.840.1.113883.3.464.1003.101.11.1040,Outpatient Consultation,CPT,2025,2.16.840.1.113883.6.12,Eligible Clinicians,Coronary Artery Disease (CAD): Beta-Blocker Therapy-Prior Myocardial Infarction (MI) or Left Ventricular Systolic Dysfunction (LVEF less than or equal to 40%),CMS145v14,0070e,14,80744ae2-de81-4b16-a71d-69522eb865c5,Ambulatory,No
Encounter,2.16.840.1.113883.3.464.1003.101.12.1008,Outpatient Consultation,20240110,eCQM Update 2025-05-08,Grouping,2.16.840.1.113883.3.464.1003.101.11.1266,Outpatient Consultation,SNOMEDCT,2024-09,2.16.840.1.113883.6.96,Eligible Clinicians,Coronary Artery Disease (CAD): Beta-Blocker Therapy-Prior Myocardial Infarction (MI) or Left Ventricular Systolic Dysfunction (LVEF less than or equal to 40%),CMS145v14,0070e,14,80744ae2-de81-4b16-a71d-69522eb865c5,Ambulatory,No
Encounter,2.16.840.1.113883.3.526.3.1012,Patient Provider Interaction,20170504,eCQM Update 2025-05-08,Grouping,2.16.840.1.113883.3.526.2.1049,Patient Provider Interaction,SNOMEDCT,2024-09,2.16.840.1.113883.6.96,Eligible Clinicians,Coronary Artery Disease (CAD): Beta-Blocker Therapy-Prior Myocardial Infarction (MI) or Left Ventricular Systolic Dysfunction (LVEF less than or equal to 40%),CMS145v14,0070e,14,80744ae2-de81-4b16-a71d-69522eb865c5,Ambulatory,No
Individual Characteristic,2.16.840.1.114222.4.11.837,Ethnicity,20121025,eCQM Update 2025-05-08,Extensional,,,CDCREC,1.2,2.16.840.1.113883.6.238,Eligible Clinicians,Coronary Artery Disease (CAD): Beta-Blocker Therapy-Prior Myocardial Infarction (MI) or Left Ventricular Systolic Dysfunction (LVEF less than or equal to 40%),CMS145v14,0070e,14,80744ae2-de81-4b16-a71d-69522eb865c5,Ambulatory,Yes
Individual Characteristic,2.16.840.1.113762.1.4.1021.121,Federal Administrative Sex,20250228,eCQM Update 2025-05-08,Extensional,,,SNOMEDCT,2024-09,2.16.840.1.113883.6.96,Eligible Clinicians,Coronary Artery Disease (CAD): Beta-Blocker Therapy-Prior Myocardial Infarction (MI) or Left Ventricular Systolic Dysfunction (LVEF less than or equal to 40%),CMS145v14,0070e,14,80744ae2-de81-4b16-a71d-69522eb865c5,Ambulatory,Yes
Individual Characteristic,2.16.840.1.114222.4.11.3591,Payer Type,20221118,eCQM Update 2025-05-08,Intensional,,,SOP,9.2,2.16.840.1.113883.3.221.5,Eligible Clinicians,Coronary Artery Disease (CAD): Beta-Blocker Therapy-Prior Myocardial Infarction (MI) or Left Ventricular Systolic Dysfunction (LVEF less than or equal to 40%),CMS145v14,0070e,14,80744ae2-de81-4b16-a71d-69522eb865c5,Ambulatory,Yes
Individual Characteristic,2.16.840.1.114222.4.11.836,Race,20121025,eCQM Update 2025-05-08,Extensional,,,CDCREC,1.2,2.16.840.1.113883.6.238,Eligible Clinicians,Coronary Artery Disease (CAD): Beta-Blocker Therapy-Prior Myocardial Infarction (MI) or Left Ventricular Systolic Dysfunction (LVEF less than or equal to 40%),CMS145v14,0070e,14,80744ae2-de81-4b16-a71d-69522eb865c5,Ambulatory,Yes
Medication,2.16.840.1.113883.3.526.3.1174,Beta Blocker Therapy,20210303,eCQM Update 2025-05-08,Grouping,2.16.840.1.113883.3.526.2.133,Beta Blocker Therapy,RXNORM,2025-01,2.16.840.1.113883.6.88,Eligible Clinicians,Coronary Artery Disease (CAD): Beta-Blocker Therapy-Prior Myocardial Infarction (MI) or Left Ventricular Systolic Dysfunction (LVEF less than or equal to 40%),CMS145v14,0070e,14,80744ae2-de81-4b16-a71d-69522eb865c5,Ambulatory,No
Medication,2.16.840.1.113883.3.526.3.1184,Beta Blocker Therapy for LVSD,20170504,eCQM Update 2025-05-08,Grouping,2.16.840.1.113883.3.526.2.1342,Beta Blocker Therapy for LVSD,RXNORM,2025-01,2.16.840.1.113883.6.88,Eligible Clinicians,Coronary Artery Disease (CAD): Beta-Blocker Therapy-Prior Myocardial Infarction (MI) or Left Ventricular Systolic Dysfunction (LVEF less than or equal to 40%),CMS145v14,0070e,14,80744ae2-de81-4b16-a71d-69522eb865c5,Ambulatory,No
Physical Exam,2.16.840.1.113883.3.526.3.1176,Heart Rate,20170504,eCQM Update 2025-05-08,Grouping,2.16.840.1.113883.3.526.2.1341,Heart Rate,LOINC,2.78,2.16.840.1.113883.6.1,Eligible Clinicians,Coronary Artery Disease (CAD): Beta-Blocker Therapy-Prior Myocardial Infarction (MI) or Left Ventricular Systolic Dysfunction (LVEF less than or equal to 40%),CMS145v14,0070e,14,80744ae2-de81-4b16-a71d-69522eb865c5,Ambulatory,No
Procedure,2.16.840.1.113762.1.4.1178.53,Cardiac Pacer,20220218,eCQM Update 2025-05-08,Grouping,2.16.840.1.113762.1.4.1178.52,Cardiac Pacer,SNOMEDCT,2024-09,2.16.840.1.113883.6.96,Eligible Clinicians,Coronary Artery Disease (CAD): Beta-Blocker Therapy-Prior Myocardial Infarction (MI) or Left Ventricular Systolic Dysfunction (LVEF less than or equal to 40%),CMS145v14,0070e,14,80744ae2-de81-4b16-a71d-69522eb865c5,Ambulatory,No
Procedure,2.16.840.1.113762.1.4.1178.53,Cardiac Pacer,20220218,eCQM Update 2025-05-08,Grouping,2.16.840.1.113762.1.4.1178.65,Cardiac Pacer,CPT,2025,2.16.840.1.113883.6.12,Eligible Clinicians,Coronary Artery Disease (CAD): Beta-Blocker Therapy-Prior Myocardial Infarction (MI) or Left Ventricular Systolic Dysfunction (LVEF less than or equal to 40%),CMS145v14,0070e,14,80744ae2-de81-4b16-a71d-69522eb865c5,Ambulatory,No
Procedure,2.16.840.1.113883.3.526.3.371,Cardiac Surgery,20210218,eCQM Update 2025-05-08,Grouping,2.16.840.1.113883.3.526.2.169,Cardiac Surgery,CPT,2025,2.16.840.1.113883.6.12,Eligible Clinicians,Coronary Artery Disease (CAD): Beta-Blocker Therapy-Prior Myocardial Infarction (MI) or Left Ventricular Systolic Dysfunction (LVEF less than or equal to 40%),CMS145v14,0070e,14,80744ae2-de81-4b16-a71d-69522eb865c5,Ambulatory,No
Procedure,2.16.840.1.113883.3.526.3.371,Cardiac Surgery,20210218,eCQM Update 2025-05-08,Grouping,2.16.840.1.113883.3.526.2.168,Cardiac Surgery,SNOMEDCT,2024-09,2.16.840.1.113883.6.96,Eligible Clinicians,Coronary Artery Disease (CAD): Beta-Blocker Therapy-Prior Myocardial Infarction (MI) or Left Ventricular Systolic Dysfunction (LVEF less than or equal to 40%),CMS145v14,0070e,14,80744ae2-de81-4b16-a71d-69522eb865c5,Ambulatory,No
,2.16.840.1.113883.3.526.3.1007,Medical Reason,20170504,eCQM Update 2025-05-08,Grouping,2.16.840.1.113883.3.526.2.313,Medical Reason,SNOMEDCT,2024-09,2.16.840.1.113883.6.96,Eligible Clinicians,Coronary Artery Disease (CAD): Beta-Blocker Therapy-Prior Myocardial Infarction (MI) or Left Ventricular Systolic Dysfunction (LVEF less than or equal to 40%),CMS145v14,0070e,14,80744ae2-de81-4b16-a71d-69522eb865c5,Ambulatory,No
,2.16.840.1.113883.3.526.3.1092,Moderate or Severe,20170504,eCQM Update 2025-05-08,Grouping,2.16.840.1.113883.3.526.2.860,Moderate or Severe,SNOMEDCT,2024-09,2.16.840.1.113883.6.96,Eligible Clinicians,Coronary Artery Disease (CAD): Beta-Blocker Therapy-Prior Myocardial Infarction (MI) or Left Ventricular Systolic Dysfunction (LVEF less than or equal to 40%),CMS145v14,0070e,14,80744ae2-de81-4b16-a71d-69522eb865c5,Ambulatory,No
,2.16.840.1.113883.3.526.3.1008,Patient Reason,20170504,eCQM Update 2025-05-08,Grouping,2.16.840.1.113883.3.526.2.311,Patient Reason,SNOMEDCT,2024-09,2.16.840.1.113883.6.96,Eligible Clinicians,Coronary Artery Disease (CAD): Beta-Blocker Therapy-Prior Myocardial Infarction (MI) or Left Ventricular Systolic Dysfunction (LVEF less than or equal to 40%),CMS145v14,0070e,14,80744ae2-de81-4b16-a71d-69522eb865c5,Ambulatory,No
Condition/Diagnosis/Problem,2.16.840.1.113883.3.464.1003.102.12.1011,Acute Pharyngitis,20170504,eCQM Update 2025-05-08,Grouping,2.16.840.1.113883.3.464.1003.102.11.1033,Acute Pharyngitis,ICD10CM,2025,2.16.840.1.113883.6.90,Eligible Clinicians,Appropriate Testing for Pharyngitis,CMS146v14,Not Applicable,14,beb1c33c-2549-4e7f-9567-05ed38448464,Ambulatory,No
Condition/Diagnosis/Problem,2.16.840.1.113883.3.464.1003.102.12.1011,Acute Pharyngitis,20170504,eCQM Update 2025-05-08,Grouping,2.16.840.1.113883.3.464.1003.102.11.1031,Acute Pharyngitis,SNOMEDCT,2024-09,2.16.840.1.113883.6.96,Eligible Clinicians,Appropriate Testing for Pharyngitis,CMS146v14,Not Applicable,14,beb1c33c-2549-4e7f-9567-05ed38448464,Ambulatory,No
Condition/Diagnosis/Problem,2.16.840.1.113883.3.464.1003.102.12.1012,Acute Tonsillitis,20170504,eCQM Update 2025-05-08,Grouping,2.16.840.1.113883.3.464.1003.102.11.1034,Acute Tonsillitis,SNOMEDCT,2024-09,2.16.840.1.113883.6.96,Eligible Clinicians,Appropriate Testing for Pharyngitis,CMS146v14,Not Applicable,14,beb1c33c-2549-4e7f-9567-05ed38448464,Ambulatory,No
Condition/Diagnosis/Problem,2.16.840.1.113883.3.464.1003.102.12.1012,Acute Tonsillitis,20170504,eCQM Update 2025-05-08,Grouping,2.16.840.1.113883.3.464.1003.102.11.1036,Acute Tonsillitis,ICD10CM,2025,2.16.840.1.113883.6.90,Eligible Clinicians,Appropriate Testing for Pharyngitis,CMS146v14,Not Applicable,14,beb1c33c-2549-4e7f-9567-05ed38448464,Ambulatory,No
Condition/Diagnosis/Problem,2.16.840.1.113883.3.464.1003.102.12.1025,Comorbid Conditions for Respiratory Conditions,20220928,eCQM Update 2025-05-08,Grouping,2.16.840.1.113883.3.464.1003.102.11.1067,Comorbid Conditions for Respiratory Conditions,ICD10CM,2025,2.16.840.1.113883.6.90,Eligible Clinicians,Appropriate Testing for Pharyngitis,CMS146v14,Not Applicable,14,beb1c33c-2549-4e7f-9567-05ed38448464,Ambulatory,No
Condition/Diagnosis/Problem,2.16.840.1.113883.3.464.1003.102.12.1025,Comorbid Conditions for Respiratory Conditions,20220928,eCQM Update 2025-05-08,Grouping,2.16.840.1.113883.3.464.1003.1193,Malignant Neoplasms,ICD10CM,2025,2.16.840.1.113883.6.90,Eligible Clinicians,Appropriate Testing for Pharyngitis,CMS146v14,Not Applicable,14,beb1c33c-2549-4e7f-9567-05ed38448464,Ambulatory,No
Condition/Diagnosis/Problem,2.16.840.1.113883.3.464.1003.102.12.1025,Comorbid Conditions for Respiratory Conditions,20220928,eCQM Update 2025-05-08,Grouping,2.16.840.1.113883.3.464.1003.102.11.1066,Comorbid Conditions for Respiratory Conditions,SNOMEDCT,"2024-09, 2024-03, 2023-03, 2022-09, 2021-09",2.16.840.1.113883.6.96,Eligible Clinicians,Appropriate Testing for Pharyngitis,CMS146v14,Not Applicable,14,beb1c33c-2549-4e7f-9567-05ed38448464,Ambulatory,No
Condition/Diagnosis/Problem,2.16.840.1.113883.3.464.1003.102.12.1025,Comorbid Conditions for Respiratory Conditions,20220928,eCQM Update 2025-05-08,Grouping,2.16.840.1.113883.3.464.1003.1194,Malignant Neoplasms,SNOMEDCT,"2024-09, 2024-03, 2023-09, 2023-03, 2022-09, 2022-03",2.16.840.1.113883.6.96,Eligible Clinicians,Appropriate Testing for Pharyngitis,CMS146v14,Not Applicable,14,beb1c33c-2549-4e7f-9567-05ed38448464,Ambulatory,No
Condition/Diagnosis/Problem,2.16.840.1.113883.3.464.1003.102.12.1017,Competing Conditions for Respiratory Conditions,20210220,eCQM Update 2025-05-08,Grouping,2.16.840.1.113883.3.464.1003.110.11.1158,Competing Conditions for Respiratory Conditions,ICD10CM,2025,2.16.840.1.113883.6.90,Eligible Clinicians,Appropriate Testing for Pharyngitis,CMS146v14,Not Applicable,14,beb1c33c-2549-4e7f-9567-05ed38448464,Ambulatory,No
Condition/Diagnosis/Problem,2.16.840.1.113883.3.464.1003.102.12.1017,Competing Conditions for Respiratory Conditions,20210220,eCQM Update 2025-05-08,Grouping,2.16.840.1.113883.3.464.1003.110.11.1159,Competing Conditions for Respiratory Conditions,SNOMEDCT,"2024-09, 2024-03, 2023-09, 2023-03, 2022-09, 2021-09",2.16.840.1.113883.6.96,Eligible Clinicians,Appropriate Testing for Pharyngitis,CMS146v14,Not Applicable,14,beb1c33c-2549-4e7f-9567-05ed38448464,Ambulatory,No
Condition/Diagnosis/Problem,2.16.840.1.113883.3.464.1003.1165,Hospice Diagnosis,20220818,eCQM Update 2025-05-08,Grouping,2.16.840.1.113883.3.464.1003.1166,Hospice Diagnosis,SNOMEDCT,2024-09,2.16.840.1.113883.6.96,Eligible Clinicians,Appropriate Testing for Pharyngitis,CMS146v14,Not Applicable,14,beb1c33c-2549-4e7f-9567-05ed38448464,Ambulatory,No
Encounter,2.16.840.1.113883.3.464.1003.101.12.1010,Emergency Department Evaluation and Management Visit,20210928,eCQM Update 2025-05-08,Grouping,2.16.840.1.113883.3.464.1003.101.11.1050,Emergency Department Evaluation and Management Visit,CPT,2025,2.16.840.1.113883.6.12,Eligible Clinicians,Appropriate Testing for Pharyngitis,CMS146v14,Not Applicable,14,beb1c33c-2549-4e7f-9567-05ed38448464,Ambulatory,No
Encounter,2.16.840.1.113883.3.464.1003.101.12.1010,Emergency Department Evaluation and Management Visit,20210928,eCQM Update 2025-05-08,Grouping,2.16.840.1.113883.3.117.1.7.1.292,Emergency Department Visit,SNOMEDCT,2024-09,2.16.840.1.113883.6.96,Eligible Clinicians,Appropriate Testing for Pharyngitis,CMS146v14,Not Applicable,14,beb1c33c-2549-4e7f-9567-05ed38448464,Ambulatory,No
Encounter,2.16.840.1.113883.3.666.5.307,Encounter Inpatient,20200307,eCQM Update 2025-05-08,Extensional,,,SNOMEDCT,2024-09,2.16.840.1.113883.6.96,Eligible Clinicians,Appropriate Testing for Pharyngitis,CMS146v14,Not Applicable,14,beb1c33c-2549-4e7f-9567-05ed38448464,Ambulatory,No
Encounter,2.16.840.1.113883.3.464.1003.101.12.1016,Home Healthcare Services,20240110,eCQM Update 2025-05-08,Grouping,2.16.840.1.113883.3.464.1003.101.11.1265,Home Healthcare Services,SNOMEDCT,2024-09,2.16.840.1.113883.6.96,Eligible Clinicians,Appropriate Testing for Pharyngitis,CMS146v14,Not Applicable,14,beb1c33c-2549-4e7f-9567-05ed38448464,Ambulatory,No
Encounter,2.16.840.1.113883.3.464.1003.101.12.1016,Home Healthcare Services,20240110,eCQM Update 2025-05-08,Grouping,2.16.840.1.113883.3.464.1003.101.11.1080,Home Healthcare Services,CPT,2025,2.16.840.1.113883.6.12,Eligible Clinicians,Appropriate Testing for Pharyngitis,CMS146v14,Not Applicable,14,beb1c33c-2549-4e7f-9567-05ed38448464,Ambulatory,No
Encounter,2.16.840.1.113883.3.464.1003.1003,Hospice Encounter,20210820,eCQM Update 2025-05-08,Grouping,2.16.840.1.113883.3.464.1003.1001,Hospice Encounter,HCPCS,2025,2.16.840.1.113883.6.285,Eligible Clinicians,Appropriate Testing for Pharyngitis,CMS146v14,Not Applicable,14,beb1c33c-2549-4e7f-9567-05ed38448464,Ambulatory,No
Encounter,2.16.840.1.113883.3.464.1003.1003,Hospice Encounter,20210820,eCQM Update 2025-05-08,Grouping,2.16.840.1.113883.3.464.1003.1002,Hospice Encounter,SNOMEDCT,2024-09,2.16.840.1.113883.6.96,Eligible Clinicians,Appropriate Testing for Pharyngitis,CMS146v14,Not Applicable,14,beb1c33c-2549-4e7f-9567-05ed38448464,Ambulatory,No
Encounter,2.16.840.1.113883.3.464.1003.101.12.1073,Medical Disability Exam,20210306,eCQM Update 2025-05-08,Grouping,2.16.840.1.113883.3.464.1003.101.11.1233,Medical Disability Exam,CPT,2025,2.16.840.1.113883.6.12,Eligible Clinicians,Appropriate Testing for Pharyngitis,CMS146v14,Not Applicable,14,beb1c33c-2549-4e7f-9567-05ed38448464,Ambulatory,No
Encounter,2.16.840.1.113883.3.464.1003.101.12.1001,Office Visit,20180310,eCQM Update 2025-05-08,Grouping,2.16.840.1.113883.3.464.1003.101.11.1005,Office Visit,CPT,2025,2.16.840.1.113883.6.12,Eligible Clinicians,Appropriate Testing for Pharyngitis,CMS146v14,Not Applicable,14,beb1c33c-2549-4e7f-9567-05ed38448464,Ambulatory,No
Encounter,2.16.840.1.113883.3.464.1003.101.12.1001,Office Visit,20180310,eCQM Update 2025-05-08,Grouping,2.16.840.1.113883.3.464.1003.101.11.1264,Office Visit,SNOMEDCT,2024-09,2.16.840.1.113883.6.96,Eligible Clinicians,Appropriate Testing for Pharyngitis,CMS146v14,Not Applicable,14,beb1c33c-2549-4e7f-9567-05ed38448464,Ambulatory,No
Encounter,2.16.840.1.113883.3.464.1003.101.12.1008,Outpatient Consultation,20240110,eCQM Update 2025-05-08,Grouping,2.16.840.1.113883.3.464.1003.101.11.1040,Outpatient Consultation,CPT,2025,2.16.840.1.113883.6.12,Eligible Clinicians,Appropriate Testing for Pharyngitis,CMS146v14,Not Applicable,14,beb1c33c-2549-4e7f-9567-05ed38448464,Ambulatory,No
Encounter,2.16.840.1.113883.3.464.1003.101.12.1008,Outpatient Consultation,20240110,eCQM Update 2025-05-08,Grouping,2.16.840.1.113883.3.464.1003.101.11.1266,Outpatient Consultation,SNOMEDCT,2024-09,2.16.840.1.113883.6.96,Eligible Clinicians,Appropriate Testing for Pharyngitis,CMS146v14,Not Applicable,14,beb1c33c-2549-4e7f-9567-05ed38448464,Ambulatory,No
Encounter,2.16.840.1.113883.3.464.1003.101.12.1025,"Preventive Care Services Established Office Visit, 18 and Up",20170504,eCQM Update 2025-05-08,Grouping,2.16.840.1.113883.3.464.1003.101.11.1125,"Preventive Care Services Established Office Visit, 18 and Up",CPT,2025,2.16.840.1.113883.6.12,Eligible Clinicians,Appropriate Testing for Pharyngitis,CMS146v14,Not Applicable,14,beb1c33c-2549-4e7f-9567-05ed38448464,Ambulatory,No
Encounter,2.16.840.1.113883.3.464.1003.101.12.1027,Preventive Care Services Group Counseling,20170504,eCQM Update 2025-05-08,Grouping,2.16.840.1.113883.3.464.1003.101.11.1135,Preventive Care Services Group Counseling,CPT,2025,2.16.840.1.113883.6.12,Eligible Clinicians,Appropriate Testing for Pharyngitis,CMS146v14,Not Applicable,14,beb1c33c-2549-4e7f-9567-05ed38448464,Ambulatory,No
Encounter,2.16.840.1.113883.3.464.1003.101.12.1026,Preventive Care Services Individual Counseling,20170504,eCQM Update 2025-05-08,Grouping,2.16.840.1.113883.3.464.1003.101.11.1130,Preventive Care Services Individual Counseling,CPT,2025,2.16.840.1.113883.6.12,Eligible Clinicians,Appropriate Testing for Pharyngitis,CMS146v14,Not Applicable,14,beb1c33c-2549-4e7f-9567-05ed38448464,Ambulatory,No
Encounter,2.16.840.1.113883.3.464.1003.101.12.1023,"Preventive Care Services Initial Office Visit, 18 and Up",20170504,eCQM Update 2025-05-08,Grouping,2.16.840.1.113883.3.464.1003.101.11.1115,"Preventive Care Services Initial Office Visit, 18 and Up",CPT,2025,2.16.840.1.113883.6.12,Eligible Clinicians,Appropriate Testing for Pharyngitis,CMS146v14,Not Applicable,14,beb1c33c-2549-4e7f-9567-05ed38448464,Ambulatory,No
Encounter,2.16.840.1.113883.3.464.1003.101.12.1022,"Preventive Care Services, Initial Office Visit, 0 to 17",20170504,eCQM Update 2025-05-08,Grouping,2.16.840.1.113883.3.464.1003.101.11.1110,"Preventive Care, Initial Office Visit, 0 to 17",CPT,2025,2.16.840.1.113883.6.12,Eligible Clinicians,Appropriate Testing for Pharyngitis,CMS146v14,Not Applicable,14,beb1c33c-2549-4e7f-9567-05ed38448464,Ambulatory,No
Encounter,2.16.840.1.113883.3.464.1003.101.12.1024,"Preventive Care, Established Office Visit, 0 to 17",20170504,eCQM Update 2025-05-08,Grouping,2.16.840.1.113883.3.464.1003.101.11.1120,"Preventive Care, Established Office Visit, 0 to 17",CPT,2025,2.16.840.1.113883.6.12,Eligible Clinicians,Appropriate Testing for Pharyngitis,CMS146v14,Not Applicable,14,beb1c33c-2549-4e7f-9567-05ed38448464,Ambulatory,No
Encounter,2.16.840.1.113883.3.464.1003.101.12.1080,Telephone Visits,20250205,eCQM Update 2025-05-08,Grouping,2.16.840.1.113883.3.464.1003.101.11.1287,Telephone Visits,SNOMEDCT,2024-09,2.16.840.1.113883.6.96,Eligible Clinicians,Appropriate Testing for Pharyngitis,CMS146v14,Not Applicable,14,beb1c33c-2549-4e7f-9567-05ed38448464,Ambulatory,No
Encounter,2.16.840.1.113883.3.464.1003.101.12.1080,Telephone Visits,20250205,eCQM Update 2025-05-08,Grouping,2.16.840.1.113883.3.464.1003.101.11.1260,Telephone Visits,CPT,"2025, 2024",2.16.840.1.113883.6.12,Eligible Clinicians,Appropriate Testing for Pharyngitis,CMS146v14,Not Applicable,14,beb1c33c-2549-4e7f-9567-05ed38448464,Ambulatory,No
Encounter,2.16.840.1.113883.3.464.1003.101.12.1089,Virtual Encounter,20210224,eCQM Update 2025-05-08,Grouping,2.16.840.1.113883.3.464.1003.101.11.1282,Virtual Encounter,HCPCS,"2025, 2024",2.16.840.1.113883.6.285,Eligible Clinicians,Appropriate Testing for Pharyngitis,CMS146v14,Not Applicable,14,beb1c33c-2549-4e7f-9567-05ed38448464,Ambulatory,No
Encounter,2.16.840.1.113883.3.464.1003.101.12.1089,Virtual Encounter,20210224,eCQM Update 2025-05-08,Grouping,2.16.840.1.113883.3.464.1003.101.11.1281,Virtual Encounter,CPT,2025,2.16.840.1.113883.6.12,Eligible Clinicians,Appropriate Testing for Pharyngitis,CMS146v14,Not Applicable,14,beb1c33c-2549-4e7f-9567-05ed38448464,Ambulatory,No
Individual Characteristic,2.16.840.1.114222.4.11.837,Ethnicity,20121025,eCQM Update 2025-05-08,Extensional,,,CDCREC,1.2,2.16.840.1.113883.6.238,Eligible Clinicians,Appropriate Testing for Pharyngitis,CMS146v14,Not Applicable,14,beb1c33c-2549-4e7f-9567-05ed38448464,Ambulatory,Yes
Individual Characteristic,2.16.840.1.113762.1.4.1021.121,Federal Administrative Sex,20250228,eCQM Update 2025-05-08,Extensional,,,SNOMEDCT,2024-09,2.16.840.1.113883.6.96,Eligible Clinicians,Appropriate Testing for Pharyngitis,CMS146v14,Not Applicable,14,beb1c33c-2549-4e7f-9567-05ed38448464,Ambulatory,Yes
Individual Characteristic,2.16.840.1.114222.4.11.3591,Payer Type,20221118,eCQM Update 2025-05-08,Intensional,,,SOP,9.2,2.16.840.1.113883.3.221.5,Eligible Clinicians,Appropriate Testing for Pharyngitis,CMS146v14,Not Applicable,14,beb1c33c-2549-4e7f-9567-05ed38448464,Ambulatory,Yes
Individual Characteristic,2.16.840.1.114222.4.11.836,Race,20121025,eCQM Update 2025-05-08,Extensional,,,CDCREC,1.2,2.16.840.1.113883.6.238,Eligible Clinicians,Appropriate Testing for Pharyngitis,CMS146v14,Not Applicable,14,beb1c33c-2549-4e7f-9567-05ed38448464,Ambulatory,Yes
Intervention,2.16.840.1.113883.3.526.3.1584,Hospice Care Ambulatory,20210825,eCQM Update 2025-05-08,Grouping,2.16.840.1.113883.3.464.1003.1007,Hospice Care Ambulatory,CPT,2025,2.16.840.1.113883.6.12,Eligible Clinicians,Appropriate Testing for Pharyngitis,CMS146v14,Not Applicable,14,beb1c33c-2549-4e7f-9567-05ed38448464,Ambulatory,No
Intervention,2.16.840.1.113883.3.526.3.1584,Hospice Care Ambulatory,20210825,eCQM Update 2025-05-08,Grouping,2.16.840.1.113762.1.4.1108.15,Hospice Care Ambulatory,SNOMEDCT,2024-09,2.16.840.1.113883.6.96,Eligible Clinicians,Appropriate Testing for Pharyngitis,CMS146v14,Not Applicable,14,beb1c33c-2549-4e7f-9567-05ed38448464,Ambulatory,No
Intervention,2.16.840.1.113883.3.526.3.1584,Hospice Care Ambulatory,20210825,eCQM Update 2025-05-08,Grouping,2.16.840.1.113883.3.464.1003.1008,Hospice Care Ambulatory,HCPCS,2025,2.16.840.1.113883.6.285,Eligible Clinicians,Appropriate Testing for Pharyngitis,CMS146v14,Not Applicable,14,beb1c33c-2549-4e7f-9567-05ed38448464,Ambulatory,No
Laboratory Test,2.16.840.1.113883.3.464.1003.198.12.1012,Group A Streptococcus Test,20170504,eCQM Update 2025-05-08,Grouping,2.16.840.1.113883.3.464.1003.198.11.1023,Group A Streptococcus Test,LOINC,2.78,2.16.840.1.113883.6.1,Eligible Clinicians,Appropriate Testing for Pharyngitis,CMS146v14,Not Applicable,14,beb1c33c-2549-4e7f-9567-05ed38448464,Ambulatory,No
Medication,2.16.840.1.113883.3.464.1003.196.12.1001,Antibiotic Medications for Pharyngitis,20170504,eCQM Update 2025-05-08,Grouping,2.16.840.1.113883.3.464.1003.196.11.1001,Antibiotic Medications for Pharyngitis,RXNORM,2025-01,2.16.840.1.113883.6.88,Eligible Clinicians,Appropriate Testing for Pharyngitis,CMS146v14,Not Applicable,14,beb1c33c-2549-4e7f-9567-05ed38448464,Ambulatory,No
Assessment,2.16.840.1.113883.3.526.3.1006,Standardized Tools Score for Assessment of Cognition,20170504,eCQM Update 2025-05-08,Grouping,2.16.840.1.113883.3.526.2.1069,Standardized Tools for Assessment of Cognition,LOINC,2.78,2.16.840.1.113883.6.1,Eligible Clinicians,Dementia: Cognitive Assessment,CMS149v14,2872e,14,7c443b9b-1ad1-4467-b527-defc445701ff,Ambulatory,No
Condition/Diagnosis/Problem,2.16.840.1.113883.3.526.3.1005,Dementia and Mental Degenerations,20200306,eCQM Update 2025-05-08,Grouping,2.16.840.1.113883.3.526.2.1067,Dementia and Mental Degenerations,ICD10CM,2025,2.16.840.1.113883.6.90,Eligible Clinicians,Dementia: Cognitive Assessment,CMS149v14,2872e,14,7c443b9b-1ad1-4467-b527-defc445701ff,Ambulatory,No
Condition/Diagnosis/Problem,2.16.840.1.113883.3.526.3.1005,Dementia and Mental Degenerations,20200306,eCQM Update 2025-05-08,Grouping,2.16.840.1.113883.3.526.2.1068,Dementia and Mental Degenerations,SNOMEDCT,2024-09,2.16.840.1.113883.6.96,Eligible Clinicians,Dementia: Cognitive Assessment,CMS149v14,2872e,14,7c443b9b-1ad1-4467-b527-defc445701ff,Ambulatory,No
Encounter,2.16.840.1.113883.3.526.3.1023,Behavioral or Neuropsych Assessment,20190315,eCQM Update 2025-05-08,Grouping,2.16.840.1.113883.3.526.2.1775,Behavioral Neuropsych Assessment,SNOMEDCT,2024-09,2.16.840.1.113883.6.96,Eligible Clinicians,Dementia: Cognitive Assessment,CMS149v14,2872e,14,7c443b9b-1ad1-4467-b527-defc445701ff,Ambulatory,No
Encounter,2.16.840.1.113883.3.526.3.1023,Behavioral or Neuropsych Assessment,20190315,eCQM Update 2025-05-08,Grouping,2.16.840.1.113883.3.526.2.1064,Neurobehavioral Status Exam (CPT),CPT,2025,2.16.840.1.113883.6.12,Eligible Clinicians,Dementia: Cognitive Assessment,CMS149v14,2872e,14,7c443b9b-1ad1-4467-b527-defc445701ff,Ambulatory,No
Encounter,2.16.840.1.113883.3.464.1003.101.12.1014,Care Services in Long Term Residential Facility,20240203,eCQM Update 2025-05-08,Grouping,2.16.840.1.113883.3.464.1003.101.11.1262,Care Services in Long Term Residential Facility,SNOMEDCT,2024-09,2.16.840.1.113883.6.96,Eligible Clinicians,Dementia: Cognitive Assessment,CMS149v14,2872e,14,7c443b9b-1ad1-4467-b527-defc445701ff,Ambulatory,No
Encounter,2.16.840.1.113883.3.464.1003.101.12.1016,Home Healthcare Services,20240110,eCQM Update 2025-05-08,Grouping,2.16.840.1.113883.3.464.1003.101.11.1080,Home Healthcare Services,CPT,2025,2.16.840.1.113883.6.12,Eligible Clinicians,Dementia: Cognitive Assessment,CMS149v14,2872e,14,7c443b9b-1ad1-4467-b527-defc445701ff,Ambulatory,No
Encounter,2.16.840.1.113883.3.464.1003.101.12.1016,Home Healthcare Services,20240110,eCQM Update 2025-05-08,Grouping,2.16.840.1.113883.3.464.1003.101.11.1265,Home Healthcare Services,SNOMEDCT,2024-09,2.16.840.1.113883.6.96,Eligible Clinicians,Dementia: Cognitive Assessment,CMS149v14,2872e,14,7c443b9b-1ad1-4467-b527-defc445701ff,Ambulatory,No
Encounter,2.16.840.1.113883.3.464.1003.101.12.1012,Nursing Facility Visit,20240110,eCQM Update 2025-05-08,Grouping,2.16.840.1.113883.3.464.1003.101.11.1060,Nursing Facility Visit,CPT,2025,2.16.840.1.113883.6.12,Eligible Clinicians,Dementia: Cognitive Assessment,CMS149v14,2872e,14,7c443b9b-1ad1-4467-b527-defc445701ff,Ambulatory,No
Encounter,2.16.840.1.113883.3.464.1003.101.12.1012,Nursing Facility Visit,20240110,eCQM Update 2025-05-08,Grouping,2.16.840.1.113883.3.464.1003.101.11.1261,Nursing Facility Visit,SNOMEDCT,2024-09,2.16.840.1.113883.6.96,Eligible Clinicians,Dementia: Cognitive Assessment,CMS149v14,2872e,14,7c443b9b-1ad1-4467-b527-defc445701ff,Ambulatory,No
Encounter,2.16.840.1.113883.3.526.3.1011,Occupational Therapy Evaluation,20190315,eCQM Update 2025-05-08,Grouping,2.16.840.1.113883.3.526.2.1774,Occupational Therapy Evaluation,SNOMEDCT,2024-09,2.16.840.1.113883.6.96,Eligible Clinicians,Dementia: Cognitive Assessment,CMS149v14,2872e,14,7c443b9b-1ad1-4467-b527-defc445701ff,Ambulatory,No
Encounter,2.16.840.1.113883.3.526.3.1011,Occupational Therapy Evaluation,20190315,eCQM Update 2025-05-08,Grouping,2.16.840.1.113883.3.526.2.1063,Occupational Therapy Evaluation,CPT,2025,2.16.840.1.113883.6.12,Eligible Clinicians,Dementia: Cognitive Assessment,CMS149v14,2872e,14,7c443b9b-1ad1-4467-b527-defc445701ff,Ambulatory,No
Encounter,2.16.840.1.113883.3.464.1003.101.12.1001,Office Visit,20180310,eCQM Update 2025-05-08,Grouping,2.16.840.1.113883.3.464.1003.101.11.1005,Office Visit,CPT,2025,2.16.840.1.113883.6.12,Eligible Clinicians,Dementia: Cognitive Assessment,CMS149v14,2872e,14,7c443b9b-1ad1-4467-b527-defc445701ff,Ambulatory,No
Encounter,2.16.840.1.113883.3.464.1003.101.12.1001,Office Visit,20180310,eCQM Update 2025-05-08,Grouping,2.16.840.1.113883.3.464.1003.101.11.1264,Office Visit,SNOMEDCT,2024-09,2.16.840.1.113883.6.96,Eligible Clinicians,Dementia: Cognitive Assessment,CMS149v14,2872e,14,7c443b9b-1ad1-4467-b527-defc445701ff,Ambulatory,No
Encounter,2.16.840.1.113883.3.464.1003.101.12.1008,Outpatient Consultation,20240110,eCQM Update 2025-05-08,Grouping,2.16.840.1.113883.3.464.1003.101.11.1040,Outpatient Consultation,CPT,2025,2.16.840.1.113883.6.12,Eligible Clinicians,Dementia: Cognitive Assessment,CMS149v14,2872e,14,7c443b9b-1ad1-4467-b527-defc445701ff,Ambulatory,No
Encounter,2.16.840.1.113883.3.464.1003.101.12.1008,Outpatient Consultation,20240110,eCQM Update 2025-05-08,Grouping,2.16.840.1.113883.3.464.1003.101.11.1266,Outpatient Consultation,SNOMEDCT,2024-09,2.16.840.1.113883.6.96,Eligible Clinicians,Dementia: Cognitive Assessment,CMS149v14,2872e,14,7c443b9b-1ad1-4467-b527-defc445701ff,Ambulatory,No
Encounter,2.16.840.1.113883.3.526.3.1012,Patient Provider Interaction,20170504,eCQM Update 2025-05-08,Grouping,2.16.840.1.113883.3.526.2.1049,Patient Provider Interaction,SNOMEDCT,2024-09,2.16.840.1.113883.6.96,Eligible Clinicians,Dementia: Cognitive Assessment,CMS149v14,2872e,14,7c443b9b-1ad1-4467-b527-defc445701ff,Ambulatory,No
Encounter,2.16.840.1.113883.3.526.3.1492,Psych Visit Diagnostic Evaluation,20190315,eCQM Update 2025-05-08,Grouping,2.16.840.1.113883.3.526.2.1776,Psych Visit Diagnostic Evaluation,SNOMEDCT,2024-09,2.16.840.1.113883.6.96,Eligible Clinicians,Dementia: Cognitive Assessment,CMS149v14,2872e,14,7c443b9b-1ad1-4467-b527-defc445701ff,Ambulatory,No
Encounter,2.16.840.1.113883.3.526.3.1492,Psych Visit Diagnostic Evaluation,20190315,eCQM Update 2025-05-08,Grouping,2.16.840.1.113883.3.526.2.1923,Psych Visit Diagnostic Evaluation,CPT,2025,2.16.840.1.113883.6.12,Eligible Clinicians,Dementia: Cognitive Assessment,CMS149v14,2872e,14,7c443b9b-1ad1-4467-b527-defc445701ff,Ambulatory,No
Encounter,2.16.840.1.113883.3.526.3.1496,Psych Visit Psychotherapy,20190315,eCQM Update 2025-05-08,Grouping,2.16.840.1.113883.3.526.2.1777,Psych Visit Psychotherapy,SNOMEDCT,2024-09,2.16.840.1.113883.6.96,Eligible Clinicians,Dementia: Cognitive Assessment,CMS149v14,2872e,14,7c443b9b-1ad1-4467-b527-defc445701ff,Ambulatory,No
Encounter,2.16.840.1.113883.3.526.3.1496,Psych Visit Psychotherapy,20190315,eCQM Update 2025-05-08,Grouping,2.16.840.1.113883.3.526.2.1927,Psych Visit Psychotherapy,CPT,2025,2.16.840.1.113883.6.12,Eligible Clinicians,Dementia: Cognitive Assessment,CMS149v14,2872e,14,7c443b9b-1ad1-4467-b527-defc445701ff,Ambulatory,No
Individual Characteristic,2.16.840.1.114222.4.11.837,Ethnicity,20121025,eCQM Update 2025-05-08,Extensional,,,CDCREC,1.2,2.16.840.1.113883.6.238,Eligible Clinicians,Dementia: Cognitive Assessment,CMS149v14,2872e,14,7c443b9b-1ad1-4467-b527-defc445701ff,Ambulatory,Yes
Individual Characteristic,2.16.840.1.113762.1.4.1021.121,Federal Administrative Sex,20250228,eCQM Update 2025-05-08,Extensional,,,SNOMEDCT,2024-09,2.16.840.1.113883.6.96,Eligible Clinicians,Dementia: Cognitive Assessment,CMS149v14,2872e,14,7c443b9b-1ad1-4467-b527-defc445701ff,Ambulatory,Yes
Individual Characteristic,2.16.840.1.114222.4.11.3591,Payer Type,20221118,eCQM Update 2025-05-08,Intensional,,,SOP,9.2,2.16.840.1.113883.3.221.5,Eligible Clinicians,Dementia: Cognitive Assessment,CMS149v14,2872e,14,7c443b9b-1ad1-4467-b527-defc445701ff,Ambulatory,Yes
Individual Characteristic,2.16.840.1.114222.4.11.836,Race,20121025,eCQM Update 2025-05-08,Extensional,,,CDCREC,1.2,2.16.840.1.113883.6.238,Eligible Clinicians,Dementia: Cognitive Assessment,CMS149v14,2872e,14,7c443b9b-1ad1-4467-b527-defc445701ff,Ambulatory,Yes
Intervention,2.16.840.1.113883.3.526.3.1332,Cognitive Assessment,20170504,eCQM Update 2025-05-08,Grouping,2.16.840.1.113883.3.526.2.1401,Cognitive Assessment,SNOMEDCT,2024-09,2.16.840.1.113883.6.96,Eligible Clinicians,Dementia: Cognitive Assessment,CMS149v14,2872e,14,7c443b9b-1ad1-4467-b527-defc445701ff,Ambulatory,No
,2.16.840.1.113883.3.526.3.1008,Patient Reason,20170504,eCQM Update 2025-05-08,Grouping,2.16.840.1.113883.3.526.2.311,Patient Reason,SNOMEDCT,2024-09,2.16.840.1.113883.6.96,Eligible Clinicians,Dementia: Cognitive Assessment,CMS149v14,2872e,14,7c443b9b-1ad1-4467-b527-defc445701ff,Ambulatory,No
Condition/Diagnosis/Problem,2.16.840.1.113883.3.464.1003.111.12.1012,"Complications of Pregnancy, Childbirth and the Puerperium",20200310,eCQM Update 2025-05-08,Grouping,2.16.840.1.113883.3.464.1003.111.11.1022,"Complications of Pregnancy, Childbirth and the Puerperium",ICD10CM,2025,2.16.840.1.113883.6.90,Eligible Clinicians,Chlamydia Screening in Women,CMS153v14,Not Applicable,14,c9930664-be3d-4ffe-ae4a-5cf4933ecb89,Ambulatory,No
Condition/Diagnosis/Problem,2.16.840.1.113883.3.464.1003.111.12.1012,"Complications of Pregnancy, Childbirth and the Puerperium",20200310,eCQM Update 2025-05-08,Grouping,2.16.840.1.113883.3.464.1003.111.11.1023,"Complications of Pregnancy, Childbirth and the Puerperium",SNOMEDCT,"2024-09, 2024-03, 2023-09, 2023-03, 2022-09, 2022-03, 2021-09, 2021-03, 2020-09",2.16.840.1.113883.6.96,Eligible Clinicians,Chlamydia Screening in Women,CMS153v14,Not Applicable,14,c9930664-be3d-4ffe-ae4a-5cf4933ecb89,Ambulatory,No
Condition/Diagnosis/Problem,2.16.840.1.113883.3.464.1003.111.12.1018,Diagnoses Used to Indicate Sexual Activity,20210224,eCQM Update 2025-05-08,Grouping,2.16.840.1.113883.3.464.1003.111.11.1032,Diagnosis for Sexual Activity,SNOMEDCT,2024-09,2.16.840.1.113883.6.96,Eligible Clinicians,Chlamydia Screening in Women,CMS153v14,Not Applicable,14,c9930664-be3d-4ffe-ae4a-5cf4933ecb89,Ambulatory,No
Condition/Diagnosis/Problem,2.16.840.1.113883.3.464.1003.111.12.1018,Diagnoses Used to Indicate Sexual Activity,20210224,eCQM Update 2025-05-08,Grouping,2.16.840.1.113883.3.464.1003.111.11.1031,Diagnosis for Sexual Activity,ICD10CM,2025,2.16.840.1.113883.6.90,Eligible Clinicians,Chlamydia Screening in Women,CMS153v14,Not Applicable,14,c9930664-be3d-4ffe-ae4a-5cf4933ecb89,Ambulatory,No
Condition/Diagnosis/Problem,2.16.840.1.113883.3.464.1003.120.12.1003,HIV,20240106,eCQM Update 2025-05-08,Grouping,2.16.840.1.113883.3.464.1003.120.11.1005,HIV 1,SNOMEDCT,"2024-09, 2021-09, 2020-09, 2018-09, 2018-03",2.16.840.1.113883.6.96,Eligible Clinicians,Chlamydia Screening in Women,CMS153v14,Not Applicable,14,c9930664-be3d-4ffe-ae4a-5cf4933ecb89,Ambulatory,No
Condition/Diagnosis/Problem,2.16.840.1.113883.3.464.1003.120.12.1003,HIV,20240106,eCQM Update 2025-05-08,Grouping,2.16.840.1.113883.3.464.1003.120.11.1010,HIV 2,ICD10CM,2025,2.16.840.1.113883.6.90,Eligible Clinicians,Chlamydia Screening in Women,CMS153v14,Not Applicable,14,c9930664-be3d-4ffe-ae4a-5cf4933ecb89,Ambulatory,No
Condition/Diagnosis/Problem,2.16.840.1.113883.3.464.1003.120.12.1003,HIV,20240106,eCQM Update 2025-05-08,Grouping,2.16.840.1.113883.3.464.1003.120.11.1007,HIV 1,ICD10CM,2025,2.16.840.1.113883.6.90,Eligible Clinicians,Chlamydia Screening in Women,CMS153v14,Not Applicable,14,c9930664-be3d-4ffe-ae4a-5cf4933ecb89,Ambulatory,No
Condition/Diagnosis/Problem,2.16.840.1.113883.3.464.1003.120.12.1003,HIV,20240106,eCQM Update 2025-05-08,Grouping,2.16.840.1.113883.3.464.1003.120.11.1008,HIV 2,SNOMEDCT,2024-09,2.16.840.1.113883.6.96,Eligible Clinicians,Chlamydia Screening in Women,CMS153v14,Not Applicable,14,c9930664-be3d-4ffe-ae4a-5cf4933ecb89,Ambulatory,No
Condition/Diagnosis/Problem,2.16.840.1.113883.3.464.1003.1165,Hospice Diagnosis,20220818,eCQM Update 2025-05-08,Grouping,2.16.840.1.113883.3.464.1003.1166,Hospice Diagnosis,SNOMEDCT,2024-09,2.16.840.1.113883.6.96,Eligible Clinicians,Chlamydia Screening in Women,CMS153v14,Not Applicable,14,c9930664-be3d-4ffe-ae4a-5cf4933ecb89,Ambulatory,No
Diagnostic Study,2.16.840.1.113883.3.464.1003.111.12.1008,Diagnostic Studies During Pregnancy,20170504,eCQM Update 2025-05-08,Grouping,2.16.840.1.113883.3.464.1003.111.11.1013,Diagnostic Studies During Pregnancy,LOINC,2.78,2.16.840.1.113883.6.1,Eligible Clinicians,Chlamydia Screening in Women,CMS153v14,Not Applicable,14,c9930664-be3d-4ffe-ae4a-5cf4933ecb89,Ambulatory,No
Diagnostic Study,2.16.840.1.113883.3.464.1003.198.12.1034,XRay Study,20170504,eCQM Update 2025-05-08,Grouping,2.16.840.1.113883.3.464.1003.198.11.1055,XRay Study,LOINC,2.78,2.16.840.1.113883.6.1,Eligible Clinicians,Chlamydia Screening in Women,CMS153v14,Not Applicable,14,c9930664-be3d-4ffe-ae4a-5cf4933ecb89,Ambulatory,No
Encounter,2.16.840.1.113883.3.666.5.307,Encounter Inpatient,20200307,eCQM Update 2025-05-08,Extensional,,,SNOMEDCT,2024-09,2.16.840.1.113883.6.96,Eligible Clinicians,Chlamydia Screening in Women,CMS153v14,Not Applicable,14,c9930664-be3d-4ffe-ae4a-5cf4933ecb89,Ambulatory,No
Encounter,2.16.840.1.113883.3.464.1003.101.12.1016,Home Healthcare Services,20240110,eCQM Update 2025-05-08,Grouping,2.16.840.1.113883.3.464.1003.101.11.1265,Home Healthcare Services,SNOMEDCT,2024-09,2.16.840.1.113883.6.96,Eligible Clinicians,Chlamydia Screening in Women,CMS153v14,Not Applicable,14,c9930664-be3d-4ffe-ae4a-5cf4933ecb89,Ambulatory,No
Encounter,2.16.840.1.113883.3.464.1003.101.12.1016,Home Healthcare Services,20240110,eCQM Update 2025-05-08,Grouping,2.16.840.1.113883.3.464.1003.101.11.1080,Home Healthcare Services,CPT,2025,2.16.840.1.113883.6.12,Eligible Clinicians,Chlamydia Screening in Women,CMS153v14,Not Applicable,14,c9930664-be3d-4ffe-ae4a-5cf4933ecb89,Ambulatory,No
Encounter,2.16.840.1.113883.3.464.1003.1003,Hospice Encounter,20210820,eCQM Update 2025-05-08,Grouping,2.16.840.1.113883.3.464.1003.1002,Hospice Encounter,SNOMEDCT,2024-09,2.16.840.1.113883.6.96,Eligible Clinicians,Chlamydia Screening in Women,CMS153v14,Not Applicable,14,c9930664-be3d-4ffe-ae4a-5cf4933ecb89,Ambulatory,No
Encounter,2.16.840.1.113883.3.464.1003.1003,Hospice Encounter,20210820,eCQM Update 2025-05-08,Grouping,2.16.840.1.113883.3.464.1003.1001,Hospice Encounter,HCPCS,2025,2.16.840.1.113883.6.285,Eligible Clinicians,Chlamydia Screening in Women,CMS153v14,Not Applicable,14,c9930664-be3d-4ffe-ae4a-5cf4933ecb89,Ambulatory,No
Encounter,2.16.840.1.113883.3.464.1003.101.12.1001,Office Visit,20180310,eCQM Update 2025-05-08,Grouping,2.16.840.1.113883.3.464.1003.101.11.1005,Office Visit,CPT,2025,2.16.840.1.113883.6.12,Eligible Clinicians,Chlamydia Screening in Women,CMS153v14,Not Applicable,14,c9930664-be3d-4ffe-ae4a-5cf4933ecb89,Ambulatory,No
Encounter,2.16.840.1.113883.3.464.1003.101.12.1001,Office Visit,20180310,eCQM Update 2025-05-08,Grouping,2.16.840.1.113883.3.464.1003.101.11.1264,Office Visit,SNOMEDCT,2024-09,2.16.840.1.113883.6.96,Eligible Clinicians,Chlamydia Screening in Women,CMS153v14,Not Applicable,14,c9930664-be3d-4ffe-ae4a-5cf4933ecb89,Ambulatory,No
Encounter,2.16.840.1.113883.3.464.1003.101.12.1025,"Preventive Care Services Established Office Visit, 18 and Up",20170504,eCQM Update 2025-05-08,Grouping,2.16.840.1.113883.3.464.1003.101.11.1125,"Preventive Care Services Established Office Visit, 18 and Up",CPT,2025,2.16.840.1.113883.6.12,Eligible Clinicians,Chlamydia Screening in Women,CMS153v14,Not Applicable,14,c9930664-be3d-4ffe-ae4a-5cf4933ecb89,Ambulatory,No
Encounter,2.16.840.1.113883.3.464.1003.101.12.1023,"Preventive Care Services Initial Office Visit, 18 and Up",20170504,eCQM Update 2025-05-08,Grouping,2.16.840.1.113883.3.464.1003.101.11.1115,"Preventive Care Services Initial Office Visit, 18 and Up",CPT,2025,2.16.840.1.113883.6.12,Eligible Clinicians,Chlamydia Screening in Women,CMS153v14,Not Applicable,14,c9930664-be3d-4ffe-ae4a-5cf4933ecb89,Ambulatory,No
Encounter,2.16.840.1.113883.3.464.1003.101.12.1022,"Preventive Care Services, Initial Office Visit, 0 to 17",20170504,eCQM Update 2025-05-08,Grouping,2.16.840.1.113883.3.464.1003.101.11.1110,"Preventive Care, Initial Office Visit, 0 to 17",CPT,2025,2.16.840.1.113883.6.12,Eligible Clinicians,Chlamydia Screening in Women,CMS153v14,Not Applicable,14,c9930664-be3d-4ffe-ae4a-5cf4933ecb89,Ambulatory,No
Encounter,2.16.840.1.113883.3.464.1003.101.12.1024,"Preventive Care, Established Office Visit, 0 to 17",20170504,eCQM Update 2025-05-08,Grouping,2.16.840.1.113883.3.464.1003.101.11.1120,"Preventive Care, Established Office Visit, 0 to 17",CPT,2025,2.16.840.1.113883.6.12,Eligible Clinicians,Chlamydia Screening in Women,CMS153v14,Not Applicable,14,c9930664-be3d-4ffe-ae4a-5cf4933ecb89,Ambulatory,No
Encounter,2.16.840.1.113883.3.464.1003.101.12.1080,Telephone Visits,20250205,eCQM Update 2025-05-08,Grouping,2.16.840.1.113883.3.464.1003.101.11.1287,Telephone Visits,SNOMEDCT,2024-09,2.16.840.1.113883.6.96,Eligible Clinicians,Chlamydia Screening in Women,CMS153v14,Not Applicable,14,c9930664-be3d-4ffe-ae4a-5cf4933ecb89,Ambulatory,No
Encounter,2.16.840.1.113883.3.464.1003.101.12.1080,Telephone Visits,20250205,eCQM Update 2025-05-08,Grouping,2.16.840.1.113883.3.464.1003.101.11.1260,Telephone Visits,CPT,"2025, 2024",2.16.840.1.113883.6.12,Eligible Clinicians,Chlamydia Screening in Women,CMS153v14,Not Applicable,14,c9930664-be3d-4ffe-ae4a-5cf4933ecb89,Ambulatory,No
Encounter,2.16.840.1.113883.3.464.1003.101.12.1089,Virtual Encounter,20210224,eCQM Update 2025-05-08,Grouping,2.16.840.1.113883.3.464.1003.101.11.1282,Virtual Encounter,HCPCS,"2025, 2024",2.16.840.1.113883.6.285,Eligible Clinicians,Chlamydia Screening in Women,CMS153v14,Not Applicable,14,c9930664-be3d-4ffe-ae4a-5cf4933ecb89,Ambulatory,No
Encounter,2.16.840.1.113883.3.464.1003.101.12.1089,Virtual Encounter,20210224,eCQM Update 2025-05-08,Grouping,2.16.840.1.113883.3.464.1003.101.11.1281,Virtual Encounter,CPT,2025,2.16.840.1.113883.6.12,Eligible Clinicians,Chlamydia Screening in Women,CMS153v14,Not Applicable,14,c9930664-be3d-4ffe-ae4a-5cf4933ecb89,Ambulatory,No
Individual Characteristic,2.16.840.1.114222.4.11.837,Ethnicity,20121025,eCQM Update 2025-05-08,Extensional,,,CDCREC,1.2,2.16.840.1.113883.6.238,Eligible Clinicians,Chlamydia Screening in Women,CMS153v14,Not Applicable,14,c9930664-be3d-4ffe-ae4a-5cf4933ecb89,Ambulatory,Yes
Individual Characteristic,2.16.840.1.113762.1.4.1021.121,Federal Administrative Sex,20250228,eCQM Update 2025-05-08,Extensional,,,SNOMEDCT,2024-09,2.16.840.1.113883.6.96,Eligible Clinicians,Chlamydia Screening in Women,CMS153v14,Not Applicable,14,c9930664-be3d-4ffe-ae4a-5cf4933ecb89,Ambulatory,Yes
Individual Characteristic,2.16.840.1.114222.4.11.3591,Payer Type,20221118,eCQM Update 2025-05-08,Intensional,,,SOP,9.2,2.16.840.1.113883.3.221.5,Eligible Clinicians,Chlamydia Screening in Women,CMS153v14,Not Applicable,14,c9930664-be3d-4ffe-ae4a-5cf4933ecb89,Ambulatory,Yes
Individual Characteristic,2.16.840.1.114222.4.11.836,Race,20121025,eCQM Update 2025-05-08,Extensional,,,CDCREC,1.2,2.16.840.1.113883.6.238,Eligible Clinicians,Chlamydia Screening in Women,CMS153v14,Not Applicable,14,c9930664-be3d-4ffe-ae4a-5cf4933ecb89,Ambulatory,Yes
Intervention,2.16.840.1.113883.3.526.3.1584,Hospice Care Ambulatory,20210825,eCQM Update 2025-05-08,Grouping,2.16.840.1.113762.1.4.1108.15,Hospice Care Ambulatory,SNOMEDCT,2024-09,2.16.840.1.113883.6.96,Eligible Clinicians,Chlamydia Screening in Women,CMS153v14,Not Applicable,14,c9930664-be3d-4ffe-ae4a-5cf4933ecb89,Ambulatory,No
Intervention,2.16.840.1.113883.3.526.3.1584,Hospice Care Ambulatory,20210825,eCQM Update 2025-05-08,Grouping,2.16.840.1.113883.3.464.1003.1008,Hospice Care Ambulatory,HCPCS,2025,2.16.840.1.113883.6.285,Eligible Clinicians,Chlamydia Screening in Women,CMS153v14,Not Applicable,14,c9930664-be3d-4ffe-ae4a-5cf4933ecb89,Ambulatory,No
Intervention,2.16.840.1.113883.3.526.3.1584,Hospice Care Ambulatory,20210825,eCQM Update 2025-05-08,Grouping,2.16.840.1.113883.3.464.1003.1007,Hospice Care Ambulatory,CPT,2025,2.16.840.1.113883.6.12,Eligible Clinicians,Chlamydia Screening in Women,CMS153v14,Not Applicable,14,c9930664-be3d-4ffe-ae4a-5cf4933ecb89,Ambulatory,No
Laboratory Test,2.16.840.1.113883.3.464.1003.110.12.1052,Chlamydia Screening,20170504,eCQM Update 2025-05-08,Grouping,2.16.840.1.113883.3.464.1003.110.11.1129,Chlamydia Screening,LOINC,2.78,2.16.840.1.113883.6.1,Eligible Clinicians,Chlamydia Screening in Women,CMS153v14,Not Applicable,14,c9930664-be3d-4ffe-ae4a-5cf4933ecb89,Ambulatory,No
Laboratory Test,2.16.840.1.113883.3.464.1003.111.12.1007,Lab Tests During Pregnancy,20170504,eCQM Update 2025-05-08,Grouping,2.16.840.1.113883.3.464.1003.111.11.1012,Lab Tests During Pregnancy,LOINC,2.78,2.16.840.1.113883.6.1,Eligible Clinicians,Chlamydia Screening in Women,CMS153v14,Not Applicable,14,c9930664-be3d-4ffe-ae4a-5cf4933ecb89,Ambulatory,No
Laboratory Test,2.16.840.1.113883.3.464.1003.110.12.1051,Lab Tests for Sexually Transmitted Infections,20170504,eCQM Update 2025-05-08,Grouping,2.16.840.1.113883.3.464.1003.110.11.1128,Lab Tests for Sexually Transmitted Infections,LOINC,2.78,2.16.840.1.113883.6.1,Eligible Clinicians,Chlamydia Screening in Women,CMS153v14,Not Applicable,14,c9930664-be3d-4ffe-ae4a-5cf4933ecb89,Ambulatory,No
Laboratory Test,2.16.840.1.113883.3.464.1003.108.12.1017,Pap Test,20170504,eCQM Update 2025-05-08,Grouping,2.16.840.1.113883.3.464.1003.108.11.1044,Pap Test,LOINC,2.78,2.16.840.1.113883.6.1,Eligible Clinicians,Chlamydia Screening in Women,CMS153v14,Not Applicable,14,c9930664-be3d-4ffe-ae4a-5cf4933ecb89,Ambulatory,No
Laboratory Test,2.16.840.1.113883.3.464.1003.111.12.1011,Pregnancy Test,20170504,eCQM Update 2025-05-08,Grouping,2.16.840.1.113883.3.464.1003.111.11.1019,Pregnancy Test,LOINC,2.78,2.16.840.1.113883.6.1,Eligible Clinicians,Chlamydia Screening in Women,CMS153v14,Not Applicable,14,c9930664-be3d-4ffe-ae4a-5cf4933ecb89,Ambulatory,No
Medication,2.16.840.1.113883.3.464.1003.196.12.1080,Contraceptive Medications,20170504,eCQM Update 2025-05-08,Grouping,2.16.840.1.113883.3.464.1003.196.11.1080,Contraceptive Medications,RXNORM,2025-01,2.16.840.1.113883.6.88,Eligible Clinicians,Chlamydia Screening in Women,CMS153v14,Not Applicable,14,c9930664-be3d-4ffe-ae4a-5cf4933ecb89,Ambulatory,No
Medication,2.16.840.1.113883.3.464.1003.196.12.1143,Isotretinoin,20170504,eCQM Update 2025-05-08,Grouping,2.16.840.1.113883.3.464.1003.196.11.1143,Isotretinoin,RXNORM,2025-01,2.16.840.1.113883.6.88,Eligible Clinicians,Chlamydia Screening in Women,CMS153v14,Not Applicable,14,c9930664-be3d-4ffe-ae4a-5cf4933ecb89,Ambulatory,No
Procedure,2.16.840.1.113883.3.464.1003.111.12.1017,Procedures Used to Indicate Sexual Activity,20210220,eCQM Update 2025-05-08,Grouping,2.16.840.1.113883.3.464.1003.111.11.1030,Procedures for Sexual Activity,SNOMEDCT,"2024-09, 2024-03, 2023-09",2.16.840.1.113883.6.96,Eligible Clinicians,Chlamydia Screening in Women,CMS153v14,Not Applicable,14,c9930664-be3d-4ffe-ae4a-5cf4933ecb89,Ambulatory,No
Procedure,2.16.840.1.113883.3.464.1003.111.12.1017,Procedures Used to Indicate Sexual Activity,20210220,eCQM Update 2025-05-08,Grouping,2.16.840.1.113883.3.464.1003.111.11.1028,Procedures for Sexual Activity,CPT,2025,2.16.840.1.113883.6.12,Eligible Clinicians,Chlamydia Screening in Women,CMS153v14,Not Applicable,14,c9930664-be3d-4ffe-ae4a-5cf4933ecb89,Ambulatory,No
Procedure,2.16.840.1.113883.3.464.1003.111.12.1017,Procedures Used to Indicate Sexual Activity,20210220,eCQM Update 2025-05-08,Grouping,2.16.840.1.113883.3.464.1003.111.11.1033,Procedures for Sexual Activity,HCPCS,2025,2.16.840.1.113883.6.285,Eligible Clinicians,Chlamydia Screening in Women,CMS153v14,Not Applicable,14,c9930664-be3d-4ffe-ae4a-5cf4933ecb89,Ambulatory,No
Condition/Diagnosis/Problem,2.16.840.1.113883.3.464.1003.102.12.1011,Acute Pharyngitis,20170504,eCQM Update 2025-05-08,Grouping,2.16.840.1.113883.3.464.1003.102.11.1033,Acute Pharyngitis,ICD10CM,2025,2.16.840.1.113883.6.90,Eligible Clinicians,Appropriate Treatment for Upper Respiratory Infection (URI),CMS154v14,Not Applicable,14,e455fac0-f2cb-4074-a351-1e68a90fb7cf,Ambulatory,No
Condition/Diagnosis/Problem,2.16.840.1.113883.3.464.1003.102.12.1011,Acute Pharyngitis,20170504,eCQM Update 2025-05-08,Grouping,2.16.840.1.113883.3.464.1003.102.11.1031,Acute Pharyngitis,SNOMEDCT,2024-09,2.16.840.1.113883.6.96,Eligible Clinicians,Appropriate Treatment for Upper Respiratory Infection (URI),CMS154v14,Not Applicable,14,e455fac0-f2cb-4074-a351-1e68a90fb7cf,Ambulatory,No
Condition/Diagnosis/Problem,2.16.840.1.113883.3.464.1003.102.12.1012,Acute Tonsillitis,20170504,eCQM Update 2025-05-08,Grouping,2.16.840.1.113883.3.464.1003.102.11.1036,Acute Tonsillitis,ICD10CM,2025,2.16.840.1.113883.6.90,Eligible Clinicians,Appropriate Treatment for Upper Respiratory Infection (URI),CMS154v14,Not Applicable,14,e455fac0-f2cb-4074-a351-1e68a90fb7cf,Ambulatory,No
Condition/Diagnosis/Problem,2.16.840.1.113883.3.464.1003.102.12.1012,Acute Tonsillitis,20170504,eCQM Update 2025-05-08,Grouping,2.16.840.1.113883.3.464.1003.102.11.1034,Acute Tonsillitis,SNOMEDCT,2024-09,2.16.840.1.113883.6.96,Eligible Clinicians,Appropriate Treatment for Upper Respiratory Infection (URI),CMS154v14,Not Applicable,14,e455fac0-f2cb-4074-a351-1e68a90fb7cf,Ambulatory,No
Condition/Diagnosis/Problem,2.16.840.1.113883.3.464.1003.102.12.1025,Comorbid Conditions for Respiratory Conditions,20220928,eCQM Update 2025-05-08,Grouping,2.16.840.1.113883.3.464.1003.102.11.1067,Comorbid Conditions for Respiratory Conditions,ICD10CM,2025,2.16.840.1.113883.6.90,Eligible Clinicians,Appropriate Treatment for Upper Respiratory Infection (URI),CMS154v14,Not Applicable,14,e455fac0-f2cb-4074-a351-1e68a90fb7cf,Ambulatory,No
Condition/Diagnosis/Problem,2.16.840.1.113883.3.464.1003.102.12.1025,Comorbid Conditions for Respiratory Conditions,20220928,eCQM Update 2025-05-08,Grouping,2.16.840.1.113883.3.464.1003.1193,Malignant Neoplasms,ICD10CM,2025,2.16.840.1.113883.6.90,Eligible Clinicians,Appropriate Treatment for Upper Respiratory Infection (URI),CMS154v14,Not Applicable,14,e455fac0-f2cb-4074-a351-1e68a90fb7cf,Ambulatory,No
Condition/Diagnosis/Problem,2.16.840.1.113883.3.464.1003.102.12.1025,Comorbid Conditions for Respiratory Conditions,20220928,eCQM Update 2025-05-08,Grouping,2.16.840.1.113883.3.464.1003.1194,Malignant Neoplasms,SNOMEDCT,"2024-09, 2024-03, 2023-09, 2023-03, 2022-09, 2022-03",2.16.840.1.113883.6.96,Eligible Clinicians,Appropriate Treatment for Upper Respiratory Infection (URI),CMS154v14,Not Applicable,14,e455fac0-f2cb-4074-a351-1e68a90fb7cf,Ambulatory,No
Condition/Diagnosis/Problem,2.16.840.1.113883.3.464.1003.102.12.1025,Comorbid Conditions for Respiratory Conditions,20220928,eCQM Update 2025-05-08,Grouping,2.16.840.1.113883.3.464.1003.102.11.1066,Comorbid Conditions for Respiratory Conditions,SNOMEDCT,"2024-09, 2024-03, 2023-03, 2022-09, 2021-09",2.16.840.1.113883.6.96,Eligible Clinicians,Appropriate Treatment for Upper Respiratory Infection (URI),CMS154v14,Not Applicable,14,e455fac0-f2cb-4074-a351-1e68a90fb7cf,Ambulatory,No
Condition/Diagnosis/Problem,2.16.840.1.113883.3.464.1003.102.12.1017,Competing Conditions for Respiratory Conditions,20210220,eCQM Update 2025-05-08,Grouping,2.16.840.1.113883.3.464.1003.110.11.1159,Competing Conditions for Respiratory Conditions,SNOMEDCT,"2024-09, 2024-03, 2023-09, 2023-03, 2022-09, 2021-09",2.16.840.1.113883.6.96,Eligible Clinicians,Appropriate Treatment for Upper Respiratory Infection (URI),CMS154v14,Not Applicable,14,e455fac0-f2cb-4074-a351-1e68a90fb7cf,Ambulatory,No
Condition/Diagnosis/Problem,2.16.840.1.113883.3.464.1003.102.12.1017,Competing Conditions for Respiratory Conditions,20210220,eCQM Update 2025-05-08,Grouping,2.16.840.1.113883.3.464.1003.110.11.1158,Competing Conditions for Respiratory Conditions,ICD10CM,2025,2.16.840.1.113883.6.90,Eligible Clinicians,Appropriate Treatment for Upper Respiratory Infection (URI),CMS154v14,Not Applicable,14,e455fac0-f2cb-4074-a351-1e68a90fb7cf,Ambulatory,No
Condition/Diagnosis/Problem,2.16.840.1.113883.3.464.1003.1165,Hospice Diagnosis,20220818,eCQM Update 2025-05-08,Grouping,2.16.840.1.113883.3.464.1003.1166,Hospice Diagnosis,SNOMEDCT,2024-09,2.16.840.1.113883.6.96,Eligible Clinicians,Appropriate Treatment for Upper Respiratory Infection (URI),CMS154v14,Not Applicable,14,e455fac0-f2cb-4074-a351-1e68a90fb7cf,Ambulatory,No
Condition/Diagnosis/Problem,2.16.840.1.113883.3.464.1003.102.12.1022,Upper Respiratory Infection,20170504,eCQM Update 2025-05-08,Grouping,2.16.840.1.113883.3.464.1003.102.11.1059,Upper Respiratory Infection,SNOMEDCT,2024-09,2.16.840.1.113883.6.96,Eligible Clinicians,Appropriate Treatment for Upper Respiratory Infection (URI),CMS154v14,Not Applicable,14,e455fac0-f2cb-4074-a351-1e68a90fb7cf,Ambulatory,No
Condition/Diagnosis/Problem,2.16.840.1.113883.3.464.1003.102.12.1022,Upper Respiratory Infection,20170504,eCQM Update 2025-05-08,Grouping,2.16.840.1.113883.3.464.1003.102.11.1058,Upper Respiratory Infection,ICD10CM,2025,2.16.840.1.113883.6.90,Eligible Clinicians,Appropriate Treatment for Upper Respiratory Infection (URI),CMS154v14,Not Applicable,14,e455fac0-f2cb-4074-a351-1e68a90fb7cf,Ambulatory,No
Encounter,2.16.840.1.113883.3.464.1003.101.12.1010,Emergency Department Evaluation and Management Visit,20210928,eCQM Update 2025-05-08,Grouping,2.16.840.1.113883.3.464.1003.101.11.1050,Emergency Department Evaluation and Management Visit,CPT,2025,2.16.840.1.113883.6.12,Eligible Clinicians,Appropriate Treatment for Upper Respiratory Infection (URI),CMS154v14,Not Applicable,14,e455fac0-f2cb-4074-a351-1e68a90fb7cf,Ambulatory,No
Encounter,2.16.840.1.113883.3.464.1003.101.12.1010,Emergency Department Evaluation and Management Visit,20210928,eCQM Update 2025-05-08,Grouping,2.16.840.1.113883.3.117.1.7.1.292,Emergency Department Visit,SNOMEDCT,2024-09,2.16.840.1.113883.6.96,Eligible Clinicians,Appropriate Treatment for Upper Respiratory Infection (URI),CMS154v14,Not Applicable,14,e455fac0-f2cb-4074-a351-1e68a90fb7cf,Ambulatory,No
Encounter,2.16.840.1.113883.3.666.5.307,Encounter Inpatient,20200307,eCQM Update 2025-05-08,Extensional,,,SNOMEDCT,2024-09,2.16.840.1.113883.6.96,Eligible Clinicians,Appropriate Treatment for Upper Respiratory Infection (URI),CMS154v14,Not Applicable,14,e455fac0-f2cb-4074-a351-1e68a90fb7cf,Ambulatory,No
Encounter,2.16.840.1.113883.3.464.1003.101.12.1016,Home Healthcare Services,20240110,eCQM Update 2025-05-08,Grouping,2.16.840.1.113883.3.464.1003.101.11.1265,Home Healthcare Services,SNOMEDCT,2024-09,2.16.840.1.113883.6.96,Eligible Clinicians,Appropriate Treatment for Upper Respiratory Infection (URI),CMS154v14,Not Applicable,14,e455fac0-f2cb-4074-a351-1e68a90fb7cf,Ambulatory,No
Encounter,2.16.840.1.113883.3.464.1003.101.12.1016,Home Healthcare Services,20240110,eCQM Update 2025-05-08,Grouping,2.16.840.1.113883.3.464.1003.101.11.1080,Home Healthcare Services,CPT,2025,2.16.840.1.113883.6.12,Eligible Clinicians,Appropriate Treatment for Upper Respiratory Infection (URI),CMS154v14,Not Applicable,14,e455fac0-f2cb-4074-a351-1e68a90fb7cf,Ambulatory,No
Encounter,2.16.840.1.113883.3.464.1003.1003,Hospice Encounter,20210820,eCQM Update 2025-05-08,Grouping,2.16.840.1.113883.3.464.1003.1002,Hospice Encounter,SNOMEDCT,2024-09,2.16.840.1.113883.6.96,Eligible Clinicians,Appropriate Treatment for Upper Respiratory Infection (URI),CMS154v14,Not Applicable,14,e455fac0-f2cb-4074-a351-1e68a90fb7cf,Ambulatory,No
Encounter,2.16.840.1.113883.3.464.1003.1003,Hospice Encounter,20210820,eCQM Update 2025-05-08,Grouping,2.16.840.1.113883.3.464.1003.1001,Hospice Encounter,HCPCS,2025,2.16.840.1.113883.6.285,Eligible Clinicians,Appropriate Treatment for Upper Respiratory Infection (URI),CMS154v14,Not Applicable,14,e455fac0-f2cb-4074-a351-1e68a90fb7cf,Ambulatory,No
Encounter,2.16.840.1.113883.3.464.1003.101.12.1073,Medical Disability Exam,20210306,eCQM Update 2025-05-08,Grouping,2.16.840.1.113883.3.464.1003.101.11.1233,Medical Disability Exam,CPT,2025,2.16.840.1.113883.6.12,Eligible Clinicians,Appropriate Treatment for Upper Respiratory Infection (URI),CMS154v14,Not Applicable,14,e455fac0-f2cb-4074-a351-1e68a90fb7cf,Ambulatory,No
Encounter,2.16.840.1.113883.3.464.1003.101.12.1001,Office Visit,20180310,eCQM Update 2025-05-08,Grouping,2.16.840.1.113883.3.464.1003.101.11.1005,Office Visit,CPT,2025,2.16.840.1.113883.6.12,Eligible Clinicians,Appropriate Treatment for Upper Respiratory Infection (URI),CMS154v14,Not Applicable,14,e455fac0-f2cb-4074-a351-1e68a90fb7cf,Ambulatory,No
Encounter,2.16.840.1.113883.3.464.1003.101.12.1001,Office Visit,20180310,eCQM Update 2025-05-08,Grouping,2.16.840.1.113883.3.464.1003.101.11.1264,Office Visit,SNOMEDCT,2024-09,2.16.840.1.113883.6.96,Eligible Clinicians,Appropriate Treatment for Upper Respiratory Infection (URI),CMS154v14,Not Applicable,14,e455fac0-f2cb-4074-a351-1e68a90fb7cf,Ambulatory,No
Encounter,2.16.840.1.113883.3.464.1003.101.12.1008,Outpatient Consultation,20240110,eCQM Update 2025-05-08,Grouping,2.16.840.1.113883.3.464.1003.101.11.1040,Outpatient Consultation,CPT,2025,2.16.840.1.113883.6.12,Eligible Clinicians,Appropriate Treatment for Upper Respiratory Infection (URI),CMS154v14,Not Applicable,14,e455fac0-f2cb-4074-a351-1e68a90fb7cf,Ambulatory,No
Encounter,2.16.840.1.113883.3.464.1003.101.12.1008,Outpatient Consultation,20240110,eCQM Update 2025-05-08,Grouping,2.16.840.1.113883.3.464.1003.101.11.1266,Outpatient Consultation,SNOMEDCT,2024-09,2.16.840.1.113883.6.96,Eligible Clinicians,Appropriate Treatment for Upper Respiratory Infection (URI),CMS154v14,Not Applicable,14,e455fac0-f2cb-4074-a351-1e68a90fb7cf,Ambulatory,No
Encounter,2.16.840.1.113883.3.464.1003.101.12.1025,"Preventive Care Services Established Office Visit, 18 and Up",20170504,eCQM Update 2025-05-08,Grouping,2.16.840.1.113883.3.464.1003.101.11.1125,"Preventive Care Services Established Office Visit, 18 and Up",CPT,2025,2.16.840.1.113883.6.12,Eligible Clinicians,Appropriate Treatment for Upper Respiratory Infection (URI),CMS154v14,Not Applicable,14,e455fac0-f2cb-4074-a351-1e68a90fb7cf,Ambulatory,No
Encounter,2.16.840.1.113883.3.464.1003.101.12.1027,Preventive Care Services Group Counseling,20170504,eCQM Update 2025-05-08,Grouping,2.16.840.1.113883.3.464.1003.101.11.1135,Preventive Care Services Group Counseling,CPT,2025,2.16.840.1.113883.6.12,Eligible Clinicians,Appropriate Treatment for Upper Respiratory Infection (URI),CMS154v14,Not Applicable,14,e455fac0-f2cb-4074-a351-1e68a90fb7cf,Ambulatory,No
Encounter,2.16.840.1.113883.3.464.1003.101.12.1026,Preventive Care Services Individual Counseling,20170504,eCQM Update 2025-05-08,Grouping,2.16.840.1.113883.3.464.1003.101.11.1130,Preventive Care Services Individual Counseling,CPT,2025,2.16.840.1.113883.6.12,Eligible Clinicians,Appropriate Treatment for Upper Respiratory Infection (URI),CMS154v14,Not Applicable,14,e455fac0-f2cb-4074-a351-1e68a90fb7cf,Ambulatory,No
Encounter,2.16.840.1.113883.3.464.1003.101.12.1023,"Preventive Care Services Initial Office Visit, 18 and Up",20170504,eCQM Update 2025-05-08,Grouping,2.16.840.1.113883.3.464.1003.101.11.1115,"Preventive Care Services Initial Office Visit, 18 and Up",CPT,2025,2.16.840.1.113883.6.12,Eligible Clinicians,Appropriate Treatment for Upper Respiratory Infection (URI),CMS154v14,Not Applicable,14,e455fac0-f2cb-4074-a351-1e68a90fb7cf,Ambulatory,No
Encounter,2.16.840.1.113883.3.464.1003.101.12.1022,"Preventive Care Services, Initial Office Visit, 0 to 17",20170504,eCQM Update 2025-05-08,Grouping,2.16.840.1.113883.3.464.1003.101.11.1110,"Preventive Care, Initial Office Visit, 0 to 17",CPT,2025,2.16.840.1.113883.6.12,Eligible Clinicians,Appropriate Treatment for Upper Respiratory Infection (URI),CMS154v14,Not Applicable,14,e455fac0-f2cb-4074-a351-1e68a90fb7cf,Ambulatory,No
Encounter,2.16.840.1.113883.3.464.1003.101.12.1024,"Preventive Care, Established Office Visit, 0 to 17",20170504,eCQM Update 2025-05-08,Grouping,2.16.840.1.113883.3.464.1003.101.11.1120,"Preventive Care, Established Office Visit, 0 to 17",CPT,2025,2.16.840.1.113883.6.12,Eligible Clinicians,Appropriate Treatment for Upper Respiratory Infection (URI),CMS154v14,Not Applicable,14,e455fac0-f2cb-4074-a351-1e68a90fb7cf,Ambulatory,No
Encounter,2.16.840.1.113883.3.464.1003.101.12.1080,Telephone Visits,20250205,eCQM Update 2025-05-08,Grouping,2.16.840.1.113883.3.464.1003.101.11.1287,Telephone Visits,SNOMEDCT,2024-09,2.16.840.1.113883.6.96,Eligible Clinicians,Appropriate Treatment for Upper Respiratory Infection (URI),CMS154v14,Not Applicable,14,e455fac0-f2cb-4074-a351-1e68a90fb7cf,Ambulatory,No
Encounter,2.16.840.1.113883.3.464.1003.101.12.1080,Telephone Visits,20250205,eCQM Update 2025-05-08,Grouping,2.16.840.1.113883.3.464.1003.101.11.1260,Telephone Visits,CPT,"2025, 2024",2.16.840.1.113883.6.12,Eligible Clinicians,Appropriate Treatment for Upper Respiratory Infection (URI),CMS154v14,Not Applicable,14,e455fac0-f2cb-4074-a351-1e68a90fb7cf,Ambulatory,No
Encounter,2.16.840.1.113883.3.464.1003.101.12.1089,Virtual Encounter,20210224,eCQM Update 2025-05-08,Grouping,2.16.840.1.113883.3.464.1003.101.11.1281,Virtual Encounter,CPT,2025,2.16.840.1.113883.6.12,Eligible Clinicians,Appropriate Treatment for Upper Respiratory Infection (URI),CMS154v14,Not Applicable,14,e455fac0-f2cb-4074-a351-1e68a90fb7cf,Ambulatory,No
Encounter,2.16.840.1.113883.3.464.1003.101.12.1089,Virtual Encounter,20210224,eCQM Update 2025-05-08,Grouping,2.16.840.1.113883.3.464.1003.101.11.1282,Virtual Encounter,HCPCS,"2025, 2024",2.16.840.1.113883.6.285,Eligible Clinicians,Appropriate Treatment for Upper Respiratory Infection (URI),CMS154v14,Not Applicable,14,e455fac0-f2cb-4074-a351-1e68a90fb7cf,Ambulatory,No
Individual Characteristic,2.16.840.1.114222.4.11.837,Ethnicity,20121025,eCQM Update 2025-05-08,Extensional,,,CDCREC,1.2,2.16.840.1.113883.6.238,Eligible Clinicians,Appropriate Treatment for Upper Respiratory Infection (URI),CMS154v14,Not Applicable,14,e455fac0-f2cb-4074-a351-1e68a90fb7cf,Ambulatory,Yes
Individual Characteristic,2.16.840.1.113762.1.4.1021.121,Federal Administrative Sex,20250228,eCQM Update 2025-05-08,Extensional,,,SNOMEDCT,2024-09,2.16.840.1.113883.6.96,Eligible Clinicians,Appropriate Treatment for Upper Respiratory Infection (URI),CMS154v14,Not Applicable,14,e455fac0-f2cb-4074-a351-1e68a90fb7cf,Ambulatory,Yes
Individual Characteristic,2.16.840.1.114222.4.11.3591,Payer Type,20221118,eCQM Update 2025-05-08,Intensional,,,SOP,9.2,2.16.840.1.113883.3.221.5,Eligible Clinicians,Appropriate Treatment for Upper Respiratory Infection (URI),CMS154v14,Not Applicable,14,e455fac0-f2cb-4074-a351-1e68a90fb7cf,Ambulatory,Yes
Individual Characteristic,2.16.840.1.114222.4.11.836,Race,20121025,eCQM Update 2025-05-08,Extensional,,,CDCREC,1.2,2.16.840.1.113883.6.238,Eligible Clinicians,Appropriate Treatment for Upper Respiratory Infection (URI),CMS154v14,Not Applicable,14,e455fac0-f2cb-4074-a351-1e68a90fb7cf,Ambulatory,Yes
Intervention,2.16.840.1.113883.3.526.3.1584,Hospice Care Ambulatory,20210825,eCQM Update 2025-05-08,Grouping,2.16.840.1.113762.1.4.1108.15,Hospice Care Ambulatory,SNOMEDCT,2024-09,2.16.840.1.113883.6.96,Eligible Clinicians,Appropriate Treatment for Upper Respiratory Infection (URI),CMS154v14,Not Applicable,14,e455fac0-f2cb-4074-a351-1e68a90fb7cf,Ambulatory,No
Intervention,2.16.840.1.113883.3.526.3.1584,Hospice Care Ambulatory,20210825,eCQM Update 2025-05-08,Grouping,2.16.840.1.113883.3.464.1003.1008,Hospice Care Ambulatory,HCPCS,2025,2.16.840.1.113883.6.285,Eligible Clinicians,Appropriate Treatment for Upper Respiratory Infection (URI),CMS154v14,Not Applicable,14,e455fac0-f2cb-4074-a351-1e68a90fb7cf,Ambulatory,No
Intervention,2.16.840.1.113883.3.526.3.1584,Hospice Care Ambulatory,20210825,eCQM Update 2025-05-08,Grouping,2.16.840.1.113883.3.464.1003.1007,Hospice Care Ambulatory,CPT,2025,2.16.840.1.113883.6.12,Eligible Clinicians,Appropriate Treatment for Upper Respiratory Infection (URI),CMS154v14,Not Applicable,14,e455fac0-f2cb-4074-a351-1e68a90fb7cf,Ambulatory,No
Medication,2.16.840.1.113883.3.464.1003.1190,Antibiotic Medications for Upper Respiratory Infection,20250114,eCQM Update 2025-05-08,Extensional,,,RXNORM,2025-01,2.16.840.1.113883.6.88,Eligible Clinicians,Appropriate Treatment for Upper Respiratory Infection (URI),CMS154v14,Not Applicable,14,e455fac0-f2cb-4074-a351-1e68a90fb7cf,Ambulatory,No
Condition/Diagnosis/Problem,2.16.840.1.113883.3.464.1003.1165,Hospice Diagnosis,20220818,eCQM Update 2025-05-08,Grouping,2.16.840.1.113883.3.464.1003.1166,Hospice Diagnosis,SNOMEDCT,2024-09,2.16.840.1.113883.6.96,Eligible Clinicians,Weight Assessment and Counseling for Nutrition and Physical Activity for Children/Adolescents,CMS155v14,Not Applicable,14,0b63f730-25d6-4248-b11f-8c09c66a04eb,Ambulatory,No
Condition/Diagnosis/Problem,2.16.840.1.113883.3.526.3.378,Pregnancy,20210218,eCQM Update 2025-05-08,Grouping,2.16.840.1.113883.3.526.2.532,Pregnancy,SNOMEDCT,2024-09,2.16.840.1.113883.6.96,Eligible Clinicians,Weight Assessment and Counseling for Nutrition and Physical Activity for Children/Adolescents,CMS155v14,Not Applicable,14,0b63f730-25d6-4248-b11f-8c09c66a04eb,Ambulatory,No
Condition/Diagnosis/Problem,2.16.840.1.113883.3.526.3.378,Pregnancy,20210218,eCQM Update 2025-05-08,Grouping,2.16.840.1.113883.3.526.2.242,Pregnancy,ICD10CM,2025,2.16.840.1.113883.6.90,Eligible Clinicians,Weight Assessment and Counseling for Nutrition and Physical Activity for Children/Adolescents,CMS155v14,Not Applicable,14,0b63f730-25d6-4248-b11f-8c09c66a04eb,Ambulatory,No
Encounter,2.16.840.1.113883.3.666.5.307,Encounter Inpatient,20200307,eCQM Update 2025-05-08,Extensional,,,SNOMEDCT,2024-09,2.16.840.1.113883.6.96,Eligible Clinicians,Weight Assessment and Counseling for Nutrition and Physical Activity for Children/Adolescents,CMS155v14,Not Applicable,14,0b63f730-25d6-4248-b11f-8c09c66a04eb,Ambulatory,No
Encounter,2.16.840.1.113883.3.464.1003.101.12.1016,Home Healthcare Services,20240110,eCQM Update 2025-05-08,Grouping,2.16.840.1.113883.3.464.1003.101.11.1080,Home Healthcare Services,CPT,2025,2.16.840.1.113883.6.12,Eligible Clinicians,Weight Assessment and Counseling for Nutrition and Physical Activity for Children/Adolescents,CMS155v14,Not Applicable,14,0b63f730-25d6-4248-b11f-8c09c66a04eb,Ambulatory,No
Encounter,2.16.840.1.113883.3.464.1003.101.12.1016,Home Healthcare Services,20240110,eCQM Update 2025-05-08,Grouping,2.16.840.1.113883.3.464.1003.101.11.1265,Home Healthcare Services,SNOMEDCT,2024-09,2.16.840.1.113883.6.96,Eligible Clinicians,Weight Assessment and Counseling for Nutrition and Physical Activity for Children/Adolescents,CMS155v14,Not Applicable,14,0b63f730-25d6-4248-b11f-8c09c66a04eb,Ambulatory,No
Encounter,2.16.840.1.113883.3.464.1003.1003,Hospice Encounter,20210820,eCQM Update 2025-05-08,Grouping,2.16.840.1.113883.3.464.1003.1001,Hospice Encounter,HCPCS,2025,2.16.840.1.113883.6.285,Eligible Clinicians,Weight Assessment and Counseling for Nutrition and Physical Activity for Children/Adolescents,CMS155v14,Not Applicable,14,0b63f730-25d6-4248-b11f-8c09c66a04eb,Ambulatory,No
Encounter,2.16.840.1.113883.3.464.1003.1003,Hospice Encounter,20210820,eCQM Update 2025-05-08,Grouping,2.16.840.1.113883.3.464.1003.1002,Hospice Encounter,SNOMEDCT,2024-09,2.16.840.1.113883.6.96,Eligible Clinicians,Weight Assessment and Counseling for Nutrition and Physical Activity for Children/Adolescents,CMS155v14,Not Applicable,14,0b63f730-25d6-4248-b11f-8c09c66a04eb,Ambulatory,No
Encounter,2.16.840.1.113883.3.464.1003.101.12.1001,Office Visit,20180310,eCQM Update 2025-05-08,Grouping,2.16.840.1.113883.3.464.1003.101.11.1005,Office Visit,CPT,2025,2.16.840.1.113883.6.12,Eligible Clinicians,Weight Assessment and Counseling for Nutrition and Physical Activity for Children/Adolescents,CMS155v14,Not Applicable,14,0b63f730-25d6-4248-b11f-8c09c66a04eb,Ambulatory,No
Encounter,2.16.840.1.113883.3.464.1003.101.12.1001,Office Visit,20180310,eCQM Update 2025-05-08,Grouping,2.16.840.1.113883.3.464.1003.101.11.1264,Office Visit,SNOMEDCT,2024-09,2.16.840.1.113883.6.96,Eligible Clinicians,Weight Assessment and Counseling for Nutrition and Physical Activity for Children/Adolescents,CMS155v14,Not Applicable,14,0b63f730-25d6-4248-b11f-8c09c66a04eb,Ambulatory,No
Encounter,2.16.840.1.113883.3.464.1003.101.12.1027,Preventive Care Services Group Counseling,20170504,eCQM Update 2025-05-08,Grouping,2.16.840.1.113883.3.464.1003.101.11.1135,Preventive Care Services Group Counseling,CPT,2025,2.16.840.1.113883.6.12,Eligible Clinicians,Weight Assessment and Counseling for Nutrition and Physical Activity for Children/Adolescents,CMS155v14,Not Applicable,14,0b63f730-25d6-4248-b11f-8c09c66a04eb,Ambulatory,No
Encounter,2.16.840.1.113883.3.464.1003.101.12.1026,Preventive Care Services Individual Counseling,20170504,eCQM Update 2025-05-08,Grouping,2.16.840.1.113883.3.464.1003.101.11.1130,Preventive Care Services Individual Counseling,CPT,2025,2.16.840.1.113883.6.12,Eligible Clinicians,Weight Assessment and Counseling for Nutrition and Physical Activity for Children/Adolescents,CMS155v14,Not Applicable,14,0b63f730-25d6-4248-b11f-8c09c66a04eb,Ambulatory,No
Encounter,2.16.840.1.113883.3.464.1003.101.12.1022,"Preventive Care Services, Initial Office Visit, 0 to 17",20170504,eCQM Update 2025-05-08,Grouping,2.16.840.1.113883.3.464.1003.101.11.1110,"Preventive Care, Initial Office Visit, 0 to 17",CPT,2025,2.16.840.1.113883.6.12,Eligible Clinicians,Weight Assessment and Counseling for Nutrition and Physical Activity for Children/Adolescents,CMS155v14,Not Applicable,14,0b63f730-25d6-4248-b11f-8c09c66a04eb,Ambulatory,No
Encounter,2.16.840.1.113883.3.464.1003.101.12.1024,"Preventive Care, Established Office Visit, 0 to 17",20170504,eCQM Update 2025-05-08,Grouping,2.16.840.1.113883.3.464.1003.101.11.1120,"Preventive Care, Established Office Visit, 0 to 17",CPT,2025,2.16.840.1.113883.6.12,Eligible Clinicians,Weight Assessment and Counseling for Nutrition and Physical Activity for Children/Adolescents,CMS155v14,Not Applicable,14,0b63f730-25d6-4248-b11f-8c09c66a04eb,Ambulatory,No
Encounter,2.16.840.1.113883.3.464.1003.101.12.1080,Telephone Visits,20250205,eCQM Update 2025-05-08,Grouping,2.16.840.1.113883.3.464.1003.101.11.1287,Telephone Visits,SNOMEDCT,2024-09,2.16.840.1.113883.6.96,Eligible Clinicians,Weight Assessment and Counseling for Nutrition and Physical Activity for Children/Adolescents,CMS155v14,Not Applicable,14,0b63f730-25d6-4248-b11f-8c09c66a04eb,Ambulatory,No
Encounter,2.16.840.1.113883.3.464.1003.101.12.1080,Telephone Visits,20250205,eCQM Update 2025-05-08,Grouping,2.16.840.1.113883.3.464.1003.101.11.1260,Telephone Visits,CPT,"2025, 2024",2.16.840.1.113883.6.12,Eligible Clinicians,Weight Assessment and Counseling for Nutrition and Physical Activity for Children/Adolescents,CMS155v14,Not Applicable,14,0b63f730-25d6-4248-b11f-8c09c66a04eb,Ambulatory,No
Individual Characteristic,2.16.840.1.114222.4.11.837,Ethnicity,20121025,eCQM Update 2025-05-08,Extensional,,,CDCREC,1.2,2.16.840.1.113883.6.238,Eligible Clinicians,Weight Assessment and Counseling for Nutrition and Physical Activity for Children/Adolescents,CMS155v14,Not Applicable,14,0b63f730-25d6-4248-b11f-8c09c66a04eb,Ambulatory,Yes
Individual Characteristic,2.16.840.1.113762.1.4.1021.121,Federal Administrative Sex,20250228,eCQM Update 2025-05-08,Extensional,,,SNOMEDCT,2024-09,2.16.840.1.113883.6.96,Eligible Clinicians,Weight Assessment and Counseling for Nutrition and Physical Activity for Children/Adolescents,CMS155v14,Not Applicable,14,0b63f730-25d6-4248-b11f-8c09c66a04eb,Ambulatory,Yes
Individual Characteristic,2.16.840.1.114222.4.11.3591,Payer Type,20221118,eCQM Update 2025-05-08,Intensional,,,SOP,9.2,2.16.840.1.113883.3.221.5,Eligible Clinicians,Weight Assessment and Counseling for Nutrition and Physical Activity for Children/Adolescents,CMS155v14,Not Applicable,14,0b63f730-25d6-4248-b11f-8c09c66a04eb,Ambulatory,Yes
Individual Characteristic,2.16.840.1.114222.4.11.836,Race,20121025,eCQM Update 2025-05-08,Extensional,,,CDCREC,1.2,2.16.840.1.113883.6.238,Eligible Clinicians,Weight Assessment and Counseling for Nutrition and Physical Activity for Children/Adolescents,CMS155v14,Not Applicable,14,0b63f730-25d6-4248-b11f-8c09c66a04eb,Ambulatory,Yes
Intervention,2.16.840.1.113883.3.464.1003.195.12.1003,Counseling for Nutrition,20170504,eCQM Update 2025-05-08,Grouping,2.16.840.1.113883.3.464.1003.195.11.1003,Counseling for Nutrition,CPT,2025,2.16.840.1.113883.6.12,Eligible Clinicians,Weight Assessment and Counseling for Nutrition and Physical Activity for Children/Adolescents,CMS155v14,Not Applicable,14,0b63f730-25d6-4248-b11f-8c09c66a04eb,Ambulatory,No
Intervention,2.16.840.1.113883.3.464.1003.195.12.1003,Counseling for Nutrition,20170504,eCQM Update 2025-05-08,Grouping,2.16.840.1.113883.3.464.1003.195.11.1004,Counseling for Nutrition,SNOMEDCT,2024-09,2.16.840.1.113883.6.96,Eligible Clinicians,Weight Assessment and Counseling for Nutrition and Physical Activity for Children/Adolescents,CMS155v14,Not Applicable,14,0b63f730-25d6-4248-b11f-8c09c66a04eb,Ambulatory,No
Intervention,2.16.840.1.113883.3.464.1003.118.12.1035,Counseling for Physical Activity,20170504,eCQM Update 2025-05-08,Grouping,2.16.840.1.113883.3.464.1003.118.11.1042,Counseling for Physical Activity,SNOMEDCT,2024-09,2.16.840.1.113883.6.96,Eligible Clinicians,Weight Assessment and Counseling for Nutrition and Physical Activity for Children/Adolescents,CMS155v14,Not Applicable,14,0b63f730-25d6-4248-b11f-8c09c66a04eb,Ambulatory,No
Intervention,2.16.840.1.113883.3.526.3.1584,Hospice Care Ambulatory,20210825,eCQM Update 2025-05-08,Grouping,2.16.840.1.113883.3.464.1003.1008,Hospice Care Ambulatory,HCPCS,2025,2.16.840.1.113883.6.285,Eligible Clinicians,Weight Assessment and Counseling for Nutrition and Physical Activity for Children/Adolescents,CMS155v14,Not Applicable,14,0b63f730-25d6-4248-b11f-8c09c66a04eb,Ambulatory,No
Intervention,2.16.840.1.113883.3.526.3.1584,Hospice Care Ambulatory,20210825,eCQM Update 2025-05-08,Grouping,2.16.840.1.113762.1.4.1108.15,Hospice Care Ambulatory,SNOMEDCT,2024-09,2.16.840.1.113883.6.96,Eligible Clinicians,Weight Assessment and Counseling for Nutrition and Physical Activity for Children/Adolescents,CMS155v14,Not Applicable,14,0b63f730-25d6-4248-b11f-8c09c66a04eb,Ambulatory,No
Intervention,2.16.840.1.113883.3.526.3.1584,Hospice Care Ambulatory,20210825,eCQM Update 2025-05-08,Grouping,2.16.840.1.113883.3.464.1003.1007,Hospice Care Ambulatory,CPT,2025,2.16.840.1.113883.6.12,Eligible Clinicians,Weight Assessment and Counseling for Nutrition and Physical Activity for Children/Adolescents,CMS155v14,Not Applicable,14,0b63f730-25d6-4248-b11f-8c09c66a04eb,Ambulatory,No
Physical Exam,2.16.840.1.113883.3.464.1003.121.12.1012,BMI percentile,20170504,eCQM Update 2025-05-08,Grouping,2.16.840.1.113883.3.464.1003.121.11.1028,BMI percentile,LOINC,2.78,2.16.840.1.113883.6.1,Eligible Clinicians,Weight Assessment and Counseling for Nutrition and Physical Activity for Children/Adolescents,CMS155v14,Not Applicable,14,0b63f730-25d6-4248-b11f-8c09c66a04eb,Ambulatory,No
Physical Exam,2.16.840.1.113883.3.464.1003.121.12.1014,Height,20170504,eCQM Update 2025-05-08,Grouping,2.16.840.1.113883.3.464.1003.121.11.1030,Height,LOINC,2.78,2.16.840.1.113883.6.1,Eligible Clinicians,Weight Assessment and Counseling for Nutrition and Physical Activity for Children/Adolescents,CMS155v14,Not Applicable,14,0b63f730-25d6-4248-b11f-8c09c66a04eb,Ambulatory,No
Physical Exam,2.16.840.1.113883.3.464.1003.121.12.1015,Weight,20170504,eCQM Update 2025-05-08,Grouping,2.16.840.1.113883.3.464.1003.121.11.1031,Weight,LOINC,2.78,2.16.840.1.113883.6.1,Eligible Clinicians,Weight Assessment and Counseling for Nutrition and Physical Activity for Children/Adolescents,CMS155v14,Not Applicable,14,0b63f730-25d6-4248-b11f-8c09c66a04eb,Ambulatory,No
Condition/Diagnosis/Problem,2.16.840.1.113883.3.464.1003.105.12.1209,Alcohol Withdrawal,20210224,eCQM Update 2025-05-08,Grouping,2.16.840.1.113883.3.464.1003.105.11.1218,Alcohol Withdrawal,ICD10CM,2025,2.16.840.1.113883.6.90,Eligible Clinicians,Use of High-Risk Medications in Older Adults,CMS156v14,Not Applicable,14,a3837ff8-1abc-4ba9-800e-fd4e7953adbd,Ambulatory,No
Condition/Diagnosis/Problem,2.16.840.1.113883.3.464.1003.105.12.1209,Alcohol Withdrawal,20210224,eCQM Update 2025-05-08,Grouping,2.16.840.1.113883.3.464.1003.105.11.1219,Alcohol Withdrawal,SNOMEDCT,"2024-09, 2024-03",2.16.840.1.113883.6.96,Eligible Clinicians,Use of High-Risk Medications in Older Adults,CMS156v14,Not Applicable,14,a3837ff8-1abc-4ba9-800e-fd4e7953adbd,Ambulatory,No
Condition/Diagnosis/Problem,2.16.840.1.113883.3.464.1003.105.12.1208,Benzodiazepine Withdrawal,20210224,eCQM Update 2025-05-08,Grouping,2.16.840.1.113883.3.464.1003.105.11.1216,Benzodiazepine Withdrawal,ICD10CM,2025,2.16.840.1.113883.6.90,Eligible Clinicians,Use of High-Risk Medications in Older Adults,CMS156v14,Not Applicable,14,a3837ff8-1abc-4ba9-800e-fd4e7953adbd,Ambulatory,No
Condition/Diagnosis/Problem,2.16.840.1.113883.3.464.1003.105.12.1208,Benzodiazepine Withdrawal,20210224,eCQM Update 2025-05-08,Grouping,2.16.840.1.113883.3.464.1003.105.11.1217,Benzodiazepine Withdrawal,SNOMEDCT,"2024-09, 2024-03, 2021-09, 2020-03",2.16.840.1.113883.6.96,Eligible Clinicians,Use of High-Risk Medications in Older Adults,CMS156v14,Not Applicable,14,a3837ff8-1abc-4ba9-800e-fd4e7953adbd,Ambulatory,No
Condition/Diagnosis/Problem,2.16.840.1.113883.3.67.1.101.1.128,Bipolar Disorder,20240214,eCQM Update 2025-05-08,Grouping,2.16.840.1.113883.3.67.1.101.1.44,Bipolar Disorder,SNOMEDCT,2024-09,2.16.840.1.113883.6.96,Eligible Clinicians,Use of High-Risk Medications in Older Adults,CMS156v14,Not Applicable,14,a3837ff8-1abc-4ba9-800e-fd4e7953adbd,Ambulatory,No
Condition/Diagnosis/Problem,2.16.840.1.113883.3.67.1.101.1.128,Bipolar Disorder,20240214,eCQM Update 2025-05-08,Grouping,2.16.840.1.113883.3.67.1.101.1.45,Bipolar Disorder,ICD10CM,2025,2.16.840.1.113883.6.90,Eligible Clinicians,Use of High-Risk Medications in Older Adults,CMS156v14,Not Applicable,14,a3837ff8-1abc-4ba9-800e-fd4e7953adbd,Ambulatory,No
Condition/Diagnosis/Problem,2.16.840.1.113883.3.464.1003.105.12.1210,Generalized Anxiety Disorder,20210224,eCQM Update 2025-05-08,Grouping,2.16.840.1.113883.3.464.1003.105.11.1221,General Anxiety,SNOMEDCT,"2024-09, 2024-03, 2023-09",2.16.840.1.113883.6.96,Eligible Clinicians,Use of High-Risk Medications in Older Adults,CMS156v14,Not Applicable,14,a3837ff8-1abc-4ba9-800e-fd4e7953adbd,Ambulatory,No
Condition/Diagnosis/Problem,2.16.840.1.113883.3.464.1003.105.12.1210,Generalized Anxiety Disorder,20210224,eCQM Update 2025-05-08,Grouping,2.16.840.1.113883.3.464.1003.105.11.1220,General Anxiety,ICD10CM,2025,2.16.840.1.113883.6.90,Eligible Clinicians,Use of High-Risk Medications in Older Adults,CMS156v14,Not Applicable,14,a3837ff8-1abc-4ba9-800e-fd4e7953adbd,Ambulatory,No
Condition/Diagnosis/Problem,2.16.840.1.113883.3.464.1003.1165,Hospice Diagnosis,20220818,eCQM Update 2025-05-08,Grouping,2.16.840.1.113883.3.464.1003.1166,Hospice Diagnosis,SNOMEDCT,2024-09,2.16.840.1.113883.6.96,Eligible Clinicians,Use of High-Risk Medications in Older Adults,CMS156v14,Not Applicable,14,a3837ff8-1abc-4ba9-800e-fd4e7953adbd,Ambulatory,No
Condition/Diagnosis/Problem,2.16.840.1.113883.3.464.1003.1167,Palliative Care Diagnosis,20220820,eCQM Update 2025-05-08,Grouping,2.16.840.1.113883.3.464.1003.1168,Palliative Care Diagnosis,SNOMEDCT,2024-09,2.16.840.1.113883.6.96,Eligible Clinicians,Use of High-Risk Medications in Older Adults,CMS156v14,Not Applicable,14,a3837ff8-1abc-4ba9-800e-fd4e7953adbd,Ambulatory,No
Condition/Diagnosis/Problem,2.16.840.1.113883.3.464.1003.1167,Palliative Care Diagnosis,20220820,eCQM Update 2025-05-08,Grouping,2.16.840.1.113883.3.464.1003.1169,Palliative Care Diagnosis,ICD10CM,2025,2.16.840.1.113883.6.90,Eligible Clinicians,Use of High-Risk Medications in Older Adults,CMS156v14,Not Applicable,14,a3837ff8-1abc-4ba9-800e-fd4e7953adbd,Ambulatory,No
Condition/Diagnosis/Problem,2.16.840.1.113883.3.464.1003.105.12.1207,REM Sleep Behavior Disorder,20210224,eCQM Update 2025-05-08,Grouping,2.16.840.1.113883.3.464.1003.105.11.1215,REM,SNOMEDCT,2024-09,2.16.840.1.113883.6.96,Eligible Clinicians,Use of High-Risk Medications in Older Adults,CMS156v14,Not Applicable,14,a3837ff8-1abc-4ba9-800e-fd4e7953adbd,Ambulatory,No
Condition/Diagnosis/Problem,2.16.840.1.113883.3.464.1003.105.12.1207,REM Sleep Behavior Disorder,20210224,eCQM Update 2025-05-08,Grouping,2.16.840.1.113883.3.464.1003.105.11.1214,REM,ICD10CM,2025,2.16.840.1.113883.6.90,Eligible Clinicians,Use of High-Risk Medications in Older Adults,CMS156v14,Not Applicable,14,a3837ff8-1abc-4ba9-800e-fd4e7953adbd,Ambulatory,No
Condition/Diagnosis/Problem,2.16.840.1.113883.3.464.1003.105.12.1205,Schizophrenia,20210224,eCQM Update 2025-05-08,Grouping,2.16.840.1.113883.3.464.1003.105.11.1210,Schizophrenia,ICD10CM,2025,2.16.840.1.113883.6.90,Eligible Clinicians,Use of High-Risk Medications in Older Adults,CMS156v14,Not Applicable,14,a3837ff8-1abc-4ba9-800e-fd4e7953adbd,Ambulatory,No
Condition/Diagnosis/Problem,2.16.840.1.113883.3.464.1003.105.12.1205,Schizophrenia,20210224,eCQM Update 2025-05-08,Grouping,2.16.840.1.113883.3.464.1003.105.11.1211,Schizophrenia,SNOMEDCT,"2024-09, 2024-03",2.16.840.1.113883.6.96,Eligible Clinicians,Use of High-Risk Medications in Older Adults,CMS156v14,Not Applicable,14,a3837ff8-1abc-4ba9-800e-fd4e7953adbd,Ambulatory,No
Condition/Diagnosis/Problem,2.16.840.1.113883.3.464.1003.105.12.1206,Seizure Disorder,20210224,eCQM Update 2025-05-08,Grouping,2.16.840.1.113883.3.464.1003.105.11.1213,Seizure Disorder,SNOMEDCT,"2024-09, 2024-03, 2023-09",2.16.840.1.113883.6.96,Eligible Clinicians,Use of High-Risk Medications in Older Adults,CMS156v14,Not Applicable,14,a3837ff8-1abc-4ba9-800e-fd4e7953adbd,Ambulatory,No
Condition/Diagnosis/Problem,2.16.840.1.113883.3.464.1003.105.12.1206,Seizure Disorder,20210224,eCQM Update 2025-05-08,Grouping,2.16.840.1.113883.3.464.1003.105.11.1212,Seizure Disorder,ICD10CM,2025,2.16.840.1.113883.6.90,Eligible Clinicians,Use of High-Risk Medications in Older Adults,CMS156v14,Not Applicable,14,a3837ff8-1abc-4ba9-800e-fd4e7953adbd,Ambulatory,No
Encounter,2.16.840.1.113883.3.526.3.1240,Annual Wellness Visit,20190315,eCQM Update 2025-05-08,Grouping,2.16.840.1.113883.3.526.2.1363,Annual Wellness Visit,HCPCS,2025,2.16.840.1.113883.6.285,Eligible Clinicians,Use of High-Risk Medications in Older Adults,CMS156v14,Not Applicable,14,a3837ff8-1abc-4ba9-800e-fd4e7953adbd,Ambulatory,No
Encounter,2.16.840.1.113883.3.526.3.1240,Annual Wellness Visit,20190315,eCQM Update 2025-05-08,Grouping,2.16.840.1.113883.3.526.2.1772,Annual Wellness Visit,SNOMEDCT,2024-09,2.16.840.1.113883.6.96,Eligible Clinicians,Use of High-Risk Medications in Older Adults,CMS156v14,Not Applicable,14,a3837ff8-1abc-4ba9-800e-fd4e7953adbd,Ambulatory,No
Encounter,2.16.840.1.113883.3.464.1003.101.12.1014,Care Services in Long Term Residential Facility,20240203,eCQM Update 2025-05-08,Grouping,2.16.840.1.113883.3.464.1003.101.11.1262,Care Services in Long Term Residential Facility,SNOMEDCT,2024-09,2.16.840.1.113883.6.96,Eligible Clinicians,Use of High-Risk Medications in Older Adults,CMS156v14,Not Applicable,14,a3837ff8-1abc-4ba9-800e-fd4e7953adbd,Ambulatory,No
Encounter,2.16.840.1.113883.3.464.1003.101.12.1013,Discharge Services Nursing Facility,20170504,eCQM Update 2025-05-08,Grouping,2.16.840.1.113883.3.464.1003.101.11.1065,Discharge Services Nursing Facility,CPT,2025,2.16.840.1.113883.6.12,Eligible Clinicians,Use of High-Risk Medications in Older Adults,CMS156v14,Not Applicable,14,a3837ff8-1abc-4ba9-800e-fd4e7953adbd,Ambulatory,No
Encounter,2.16.840.1.113883.3.666.5.307,Encounter Inpatient,20200307,eCQM Update 2025-05-08,Extensional,,,SNOMEDCT,2024-09,2.16.840.1.113883.6.96,Eligible Clinicians,Use of High-Risk Medications in Older Adults,CMS156v14,Not Applicable,14,a3837ff8-1abc-4ba9-800e-fd4e7953adbd,Ambulatory,No
Encounter,2.16.840.1.113883.3.464.1003.101.12.1016,Home Healthcare Services,20240110,eCQM Update 2025-05-08,Grouping,2.16.840.1.113883.3.464.1003.101.11.1265,Home Healthcare Services,SNOMEDCT,2024-09,2.16.840.1.113883.6.96,Eligible Clinicians,Use of High-Risk Medications in Older Adults,CMS156v14,Not Applicable,14,a3837ff8-1abc-4ba9-800e-fd4e7953adbd,Ambulatory,No
Encounter,2.16.840.1.113883.3.464.1003.101.12.1016,Home Healthcare Services,20240110,eCQM Update 2025-05-08,Grouping,2.16.840.1.113883.3.464.1003.101.11.1080,Home Healthcare Services,CPT,2025,2.16.840.1.113883.6.12,Eligible Clinicians,Use of High-Risk Medications in Older Adults,CMS156v14,Not Applicable,14,a3837ff8-1abc-4ba9-800e-fd4e7953adbd,Ambulatory,No
Encounter,2.16.840.1.113883.3.464.1003.1003,Hospice Encounter,20210820,eCQM Update 2025-05-08,Grouping,2.16.840.1.113883.3.464.1003.1001,Hospice Encounter,HCPCS,2025,2.16.840.1.113883.6.285,Eligible Clinicians,Use of High-Risk Medications in Older Adults,CMS156v14,Not Applicable,14,a3837ff8-1abc-4ba9-800e-fd4e7953adbd,Ambulatory,No
Encounter,2.16.840.1.113883.3.464.1003.1003,Hospice Encounter,20210820,eCQM Update 2025-05-08,Grouping,2.16.840.1.113883.3.464.1003.1002,Hospice Encounter,SNOMEDCT,2024-09,2.16.840.1.113883.6.96,Eligible Clinicians,Use of High-Risk Medications in Older Adults,CMS156v14,Not Applicable,14,a3837ff8-1abc-4ba9-800e-fd4e7953adbd,Ambulatory,No
Encounter,2.16.840.1.113883.3.464.1003.101.12.1012,Nursing Facility Visit,20240110,eCQM Update 2025-05-08,Grouping,2.16.840.1.113883.3.464.1003.101.11.1060,Nursing Facility Visit,CPT,2025,2.16.840.1.113883.6.12,Eligible Clinicians,Use of High-Risk Medications in Older Adults,CMS156v14,Not Applicable,14,a3837ff8-1abc-4ba9-800e-fd4e7953adbd,Ambulatory,No
Encounter,2.16.840.1.113883.3.464.1003.101.12.1012,Nursing Facility Visit,20240110,eCQM Update 2025-05-08,Grouping,2.16.840.1.113883.3.464.1003.101.11.1261,Nursing Facility Visit,SNOMEDCT,2024-09,2.16.840.1.113883.6.96,Eligible Clinicians,Use of High-Risk Medications in Older Adults,CMS156v14,Not Applicable,14,a3837ff8-1abc-4ba9-800e-fd4e7953adbd,Ambulatory,No
Encounter,2.16.840.1.113883.3.464.1003.101.12.1001,Office Visit,20180310,eCQM Update 2025-05-08,Grouping,2.16.840.1.113883.3.464.1003.101.11.1005,Office Visit,CPT,2025,2.16.840.1.113883.6.12,Eligible Clinicians,Use of High-Risk Medications in Older Adults,CMS156v14,Not Applicable,14,a3837ff8-1abc-4ba9-800e-fd4e7953adbd,Ambulatory,No
Encounter,2.16.840.1.113883.3.464.1003.101.12.1001,Office Visit,20180310,eCQM Update 2025-05-08,Grouping,2.16.840.1.113883.3.464.1003.101.11.1264,Office Visit,SNOMEDCT,2024-09,2.16.840.1.113883.6.96,Eligible Clinicians,Use of High-Risk Medications in Older Adults,CMS156v14,Not Applicable,14,a3837ff8-1abc-4ba9-800e-fd4e7953adbd,Ambulatory,No
Encounter,2.16.840.1.113883.3.526.3.1285,Ophthalmological Services,20210209,eCQM Update 2025-05-08,Grouping,2.16.840.1.113883.3.526.2.111,Ophthalmological Services,CPT,2025,2.16.840.1.113883.6.12,Eligible Clinicians,Use of High-Risk Medications in Older Adults,CMS156v14,Not Applicable,14,a3837ff8-1abc-4ba9-800e-fd4e7953adbd,Ambulatory,No
Encounter,2.16.840.1.113883.3.526.3.1285,Ophthalmological Services,20210209,eCQM Update 2025-05-08,Grouping,2.16.840.1.113883.3.526.2.1771,Ophthalmological Services,SNOMEDCT,2024-09,2.16.840.1.113883.6.96,Eligible Clinicians,Use of High-Risk Medications in Older Adults,CMS156v14,Not Applicable,14,a3837ff8-1abc-4ba9-800e-fd4e7953adbd,Ambulatory,No
Encounter,2.16.840.1.113883.3.464.1003.101.12.1090,Palliative Care Encounter,20210224,eCQM Update 2025-05-08,Grouping,2.16.840.1.113883.3.464.1003.101.11.1286,Palliative Encounter,SNOMEDCT,2024-09,2.16.840.1.113883.6.96,Eligible Clinicians,Use of High-Risk Medications in Older Adults,CMS156v14,Not Applicable,14,a3837ff8-1abc-4ba9-800e-fd4e7953adbd,Ambulatory,No
Encounter,2.16.840.1.113883.3.464.1003.101.12.1090,Palliative Care Encounter,20210224,eCQM Update 2025-05-08,Grouping,2.16.840.1.113883.3.464.1003.101.11.1285,Palliative Encounter,HCPCS,2025,2.16.840.1.113883.6.285,Eligible Clinicians,Use of High-Risk Medications in Older Adults,CMS156v14,Not Applicable,14,a3837ff8-1abc-4ba9-800e-fd4e7953adbd,Ambulatory,No
Encounter,2.16.840.1.113883.3.464.1003.101.12.1025,"Preventive Care Services Established Office Visit, 18 and Up",20170504,eCQM Update 2025-05-08,Grouping,2.16.840.1.113883.3.464.1003.101.11.1125,"Preventive Care Services Established Office Visit, 18 and Up",CPT,2025,2.16.840.1.113883.6.12,Eligible Clinicians,Use of High-Risk Medications in Older Adults,CMS156v14,Not Applicable,14,a3837ff8-1abc-4ba9-800e-fd4e7953adbd,Ambulatory,No
Encounter,2.16.840.1.113883.3.464.1003.101.12.1023,"Preventive Care Services Initial Office Visit, 18 and Up",20170504,eCQM Update 2025-05-08,Grouping,2.16.840.1.113883.3.464.1003.101.11.1115,"Preventive Care Services Initial Office Visit, 18 and Up",CPT,2025,2.16.840.1.113883.6.12,Eligible Clinicians,Use of High-Risk Medications in Older Adults,CMS156v14,Not Applicable,14,a3837ff8-1abc-4ba9-800e-fd4e7953adbd,Ambulatory,No
Encounter,2.16.840.1.113883.3.464.1003.101.12.1080,Telephone Visits,20250205,eCQM Update 2025-05-08,Grouping,2.16.840.1.113883.3.464.1003.101.11.1287,Telephone Visits,SNOMEDCT,2024-09,2.16.840.1.113883.6.96,Eligible Clinicians,Use of High-Risk Medications in Older Adults,CMS156v14,Not Applicable,14,a3837ff8-1abc-4ba9-800e-fd4e7953adbd,Ambulatory,No
Encounter,2.16.840.1.113883.3.464.1003.101.12.1080,Telephone Visits,20250205,eCQM Update 2025-05-08,Grouping,2.16.840.1.113883.3.464.1003.101.11.1260,Telephone Visits,CPT,"2025, 2024",2.16.840.1.113883.6.12,Eligible Clinicians,Use of High-Risk Medications in Older Adults,CMS156v14,Not Applicable,14,a3837ff8-1abc-4ba9-800e-fd4e7953adbd,Ambulatory,No
Encounter,2.16.840.1.113883.3.464.1003.101.12.1089,Virtual Encounter,20210224,eCQM Update 2025-05-08,Grouping,2.16.840.1.113883.3.464.1003.101.11.1282,Virtual Encounter,HCPCS,"2025, 2024",2.16.840.1.113883.6.285,Eligible Clinicians,Use of High-Risk Medications in Older Adults,CMS156v14,Not Applicable,14,a3837ff8-1abc-4ba9-800e-fd4e7953adbd,Ambulatory,No
Encounter,2.16.840.1.113883.3.464.1003.101.12.1089,Virtual Encounter,20210224,eCQM Update 2025-05-08,Grouping,2.16.840.1.113883.3.464.1003.101.11.1281,Virtual Encounter,CPT,2025,2.16.840.1.113883.6.12,Eligible Clinicians,Use of High-Risk Medications in Older Adults,CMS156v14,Not Applicable,14,a3837ff8-1abc-4ba9-800e-fd4e7953adbd,Ambulatory,No
Individual Characteristic,2.16.840.1.114222.4.11.837,Ethnicity,20121025,eCQM Update 2025-05-08,Extensional,,,CDCREC,1.2,2.16.840.1.113883.6.238,Eligible Clinicians,Use of High-Risk Medications in Older Adults,CMS156v14,Not Applicable,14,a3837ff8-1abc-4ba9-800e-fd4e7953adbd,Ambulatory,Yes
Individual Characteristic,2.16.840.1.113762.1.4.1021.121,Federal Administrative Sex,20250228,eCQM Update 2025-05-08,Extensional,,,SNOMEDCT,2024-09,2.16.840.1.113883.6.96,Eligible Clinicians,Use of High-Risk Medications in Older Adults,CMS156v14,Not Applicable,14,a3837ff8-1abc-4ba9-800e-fd4e7953adbd,Ambulatory,Yes
Individual Characteristic,2.16.840.1.114222.4.11.3591,Payer Type,20221118,eCQM Update 2025-05-08,Intensional,,,SOP,9.2,2.16.840.1.113883.3.221.5,Eligible Clinicians,Use of High-Risk Medications in Older Adults,CMS156v14,Not Applicable,14,a3837ff8-1abc-4ba9-800e-fd4e7953adbd,Ambulatory,Yes
Individual Characteristic,2.16.840.1.114222.4.11.836,Race,20121025,eCQM Update 2025-05-08,Extensional,,,CDCREC,1.2,2.16.840.1.113883.6.238,Eligible Clinicians,Use of High-Risk Medications in Older Adults,CMS156v14,Not Applicable,14,a3837ff8-1abc-4ba9-800e-fd4e7953adbd,Ambulatory,Yes
Intervention,2.16.840.1.113883.3.526.3.1584,Hospice Care Ambulatory,20210825,eCQM Update 2025-05-08,Grouping,2.16.840.1.113762.1.4.1108.15,Hospice Care Ambulatory,SNOMEDCT,2024-09,2.16.840.1.113883.6.96,Eligible Clinicians,Use of High-Risk Medications in Older Adults,CMS156v14,Not Applicable,14,a3837ff8-1abc-4ba9-800e-fd4e7953adbd,Ambulatory,No
Intervention,2.16.840.1.113883.3.526.3.1584,Hospice Care Ambulatory,20210825,eCQM Update 2025-05-08,Grouping,2.16.840.1.113883.3.464.1003.1008,Hospice Care Ambulatory,HCPCS,2025,2.16.840.1.113883.6.285,Eligible Clinicians,Use of High-Risk Medications in Older Adults,CMS156v14,Not Applicable,14,a3837ff8-1abc-4ba9-800e-fd4e7953adbd,Ambulatory,No
Intervention,2.16.840.1.113883.3.526.3.1584,Hospice Care Ambulatory,20210825,eCQM Update 2025-05-08,Grouping,2.16.840.1.113883.3.464.1003.1007,Hospice Care Ambulatory,CPT,2025,2.16.840.1.113883.6.12,Eligible Clinicians,Use of High-Risk Medications in Older Adults,CMS156v14,Not Applicable,14,a3837ff8-1abc-4ba9-800e-fd4e7953adbd,Ambulatory,No
Intervention,2.16.840.1.113883.3.464.1003.198.12.1135,Palliative Care Intervention,20210224,eCQM Update 2025-05-08,Grouping,2.16.840.1.113883.3.464.1003.198.11.1148,Palliative Intervention,SNOMEDCT,2024-09,2.16.840.1.113883.6.96,Eligible Clinicians,Use of High-Risk Medications in Older Adults,CMS156v14,Not Applicable,14,a3837ff8-1abc-4ba9-800e-fd4e7953adbd,Ambulatory,No
Medication,2.16.840.1.113883.3.464.1003.1060,Desiccated Thyroid Medications,20240117,eCQM Update 2025-05-08,Grouping,2.16.840.1.113883.3.464.1003.196.11.1129,Desiccated Thyroid Medications,RXNORM,2025-01,2.16.840.1.113883.6.88,Eligible Clinicians,Use of High-Risk Medications in Older Adults,CMS156v14,Not Applicable,14,a3837ff8-1abc-4ba9-800e-fd4e7953adbd,Ambulatory,No
Medication,2.16.840.1.113883.3.464.1003.1065,Digoxin Medications,20210910,eCQM Update 2025-05-08,Grouping,2.16.840.1.113883.3.464.1003.1066,Digoxin Medications,RXNORM,2025-01,2.16.840.1.113883.6.88,Eligible Clinicians,Use of High-Risk Medications in Older Adults,CMS156v14,Not Applicable,14,a3837ff8-1abc-4ba9-800e-fd4e7953adbd,Ambulatory,No
Medication,2.16.840.1.113883.3.464.1003.1051,Dipyridamole Medications,20210909,eCQM Update 2025-05-08,Grouping,2.16.840.1.113883.3.464.1003.196.11.1167,Dipyridamole Medications,RXNORM,2025-01,2.16.840.1.113883.6.88,Eligible Clinicians,Use of High-Risk Medications in Older Adults,CMS156v14,Not Applicable,14,a3837ff8-1abc-4ba9-800e-fd4e7953adbd,Ambulatory,No
Medication,2.16.840.1.113883.3.464.1003.1067,Doxepin Medications,20210910,eCQM Update 2025-05-08,Grouping,2.16.840.1.113883.3.464.1003.1068,Doxepin Medications,RXNORM,2025-01,2.16.840.1.113883.6.88,Eligible Clinicians,Use of High-Risk Medications in Older Adults,CMS156v14,Not Applicable,14,a3837ff8-1abc-4ba9-800e-fd4e7953adbd,Ambulatory,No
Medication,2.16.840.1.113883.3.464.1003.196.11.1252,Guanfacine Medications,20240123,eCQM Update 2025-05-08,Extensional,,,RXNORM,2025-01,2.16.840.1.113883.6.88,Eligible Clinicians,Use of High-Risk Medications in Older Adults,CMS156v14,Not Applicable,14,a3837ff8-1abc-4ba9-800e-fd4e7953adbd,Ambulatory,No
Medication,2.16.840.1.113883.3.464.1003.1247,Megestrol Medications,20240110,eCQM Update 2025-05-08,Grouping,2.16.840.1.113883.3.464.1003.196.11.1255,Megestrol Medications,RXNORM,2025-01,2.16.840.1.113883.6.88,Eligible Clinicians,Use of High-Risk Medications in Older Adults,CMS156v14,Not Applicable,14,a3837ff8-1abc-4ba9-800e-fd4e7953adbd,Ambulatory,No
Medication,2.16.840.1.113883.3.464.1003.1248,Meperidine Medications,20240110,eCQM Update 2025-05-08,Grouping,2.16.840.1.113883.3.464.1003.196.11.1109,Meperidine Medications,RXNORM,2025-01,2.16.840.1.113883.6.88,Eligible Clinicians,Use of High-Risk Medications in Older Adults,CMS156v14,Not Applicable,14,a3837ff8-1abc-4ba9-800e-fd4e7953adbd,Ambulatory,No
Medication,2.16.840.1.113883.3.464.1003.1057,Meprobamate Medications,20210909,eCQM Update 2025-05-08,Grouping,2.16.840.1.113883.3.464.1003.196.11.1256,Meprobamate Medications,RXNORM,2025-01,2.16.840.1.113883.6.88,Eligible Clinicians,Use of High-Risk Medications in Older Adults,CMS156v14,Not Applicable,14,a3837ff8-1abc-4ba9-800e-fd4e7953adbd,Ambulatory,No
Medication,2.16.840.1.113883.3.464.1003.1053,Nifedipine Medications,20240117,eCQM Update 2025-05-08,Grouping,2.16.840.1.113883.3.464.1003.196.11.1078,Nifedipine Medications,RXNORM,2025-01,2.16.840.1.113883.6.88,Eligible Clinicians,Use of High-Risk Medications in Older Adults,CMS156v14,Not Applicable,14,a3837ff8-1abc-4ba9-800e-fd4e7953adbd,Ambulatory,No
Medication,2.16.840.1.113883.3.464.1003.1054,Potentially Harmful Antidepressants for Older Adults,20240120,eCQM Update 2025-05-08,Grouping,2.16.840.1.113883.3.464.1003.1249,Potentially Harmful Antidepressants for Older Adults,RXNORM,2025-01,2.16.840.1.113883.6.88,Eligible Clinicians,Use of High-Risk Medications in Older Adults,CMS156v14,Not Applicable,14,a3837ff8-1abc-4ba9-800e-fd4e7953adbd,Ambulatory,No
Medication,2.16.840.1.113883.3.464.1003.1043,Potentially Harmful Antihistamines for Older Adults,20240120,eCQM Update 2025-05-08,Grouping,2.16.840.1.113883.3.464.1003.1250,Potentially Harmful Antihistamines for Older Adults,RXNORM,2025-01,2.16.840.1.113883.6.88,Eligible Clinicians,Use of High-Risk Medications in Older Adults,CMS156v14,Not Applicable,14,a3837ff8-1abc-4ba9-800e-fd4e7953adbd,Ambulatory,No
Medication,2.16.840.1.113883.3.464.1003.196.12.1481,Potentially Harmful Antiinfectives for Older Adults,20170504,eCQM Update 2025-05-08,Grouping,2.16.840.1.113883.3.464.1003.196.11.1482,Potentially Harmful Antiinfectives for Older Adults,RXNORM,2025-01,2.16.840.1.113883.6.88,Eligible Clinicians,Use of High-Risk Medications in Older Adults,CMS156v14,Not Applicable,14,a3837ff8-1abc-4ba9-800e-fd4e7953adbd,Ambulatory,No
Medication,2.16.840.1.113883.3.464.1003.1049,Potentially Harmful Antiparkinsonian Agents for Older Adults,20240123,eCQM Update 2025-05-08,Grouping,2.16.840.1.113883.3.464.1003.1251,Potentially Harmful Antiparkinsonian Agents for Older Adults,RXNORM,2025-01,2.16.840.1.113883.6.88,Eligible Clinicians,Use of High-Risk Medications in Older Adults,CMS156v14,Not Applicable,14,a3837ff8-1abc-4ba9-800e-fd4e7953adbd,Ambulatory,No
Medication,2.16.840.1.113883.3.464.1003.196.12.1523,Potentially Harmful Antipsychotics for Older Adults,20220213,eCQM Update 2025-05-08,Grouping,2.16.840.1.113883.3.464.1003.196.11.1532,Potentially Harmful Antipsychotics for Older Adults,RXNORM,2025-01,2.16.840.1.113883.6.88,Eligible Clinicians,Use of High-Risk Medications in Older Adults,CMS156v14,Not Applicable,14,a3837ff8-1abc-4ba9-800e-fd4e7953adbd,Ambulatory,No
Medication,2.16.840.1.113883.3.464.1003.1055,Potentially Harmful Barbiturates for Older Adults,20240123,eCQM Update 2025-05-08,Grouping,2.16.840.1.113883.3.464.1003.1252,Potentially Harmful Barbiturates for Older Adults,RXNORM,2025-01,2.16.840.1.113883.6.88,Eligible Clinicians,Use of High-Risk Medications in Older Adults,CMS156v14,Not Applicable,14,a3837ff8-1abc-4ba9-800e-fd4e7953adbd,Ambulatory,No
Medication,2.16.840.1.113883.3.464.1003.196.12.1522,Potentially Harmful Benzodiazepines for Older Adults,20220212,eCQM Update 2025-05-08,Grouping,2.16.840.1.113883.3.464.1003.196.11.1531,Potentially Harmful Benzodiazepines for Older Adults,RXNORM,2025-01,2.16.840.1.113883.6.88,Eligible Clinicians,Use of High-Risk Medications in Older Adults,CMS156v14,Not Applicable,14,a3837ff8-1abc-4ba9-800e-fd4e7953adbd,Ambulatory,No
Medication,2.16.840.1.113883.3.464.1003.1058,Potentially Harmful Estrogens for Older Adults,20240123,eCQM Update 2025-05-08,Grouping,2.16.840.1.113883.3.464.1003.1253,Potentially Harmful Estrogens for Older Adults,RXNORM,2025-01,2.16.840.1.113883.6.88,Eligible Clinicians,Use of High-Risk Medications in Older Adults,CMS156v14,Not Applicable,14,a3837ff8-1abc-4ba9-800e-fd4e7953adbd,Ambulatory,No
Medication,2.16.840.1.113883.3.464.1003.1050,Potentially Harmful Gastrointestinal Antispasmodics for Older Adults,20240123,eCQM Update 2025-05-08,Grouping,2.16.840.1.113883.3.464.1003.1254,Potentially Harmful Gastrointestinal Antispasmodics for Older Adults,RXNORM,2025-01,2.16.840.1.113883.6.88,Eligible Clinicians,Use of High-Risk Medications in Older Adults,CMS156v14,Not Applicable,14,a3837ff8-1abc-4ba9-800e-fd4e7953adbd,Ambulatory,No
Medication,2.16.840.1.113883.3.464.1003.196.12.1480,Potentially Harmful Nonbenzodiazepine Hypnotics for Older Adults,20170504,eCQM Update 2025-05-08,Grouping,2.16.840.1.113883.3.464.1003.196.11.1481,Potentially Harmful Nonbenzodiazepine Hypnotics for Older Adults,RXNORM,2025-01,2.16.840.1.113883.6.88,Eligible Clinicians,Use of High-Risk Medications in Older Adults,CMS156v14,Not Applicable,14,a3837ff8-1abc-4ba9-800e-fd4e7953adbd,Ambulatory,No
Medication,2.16.840.1.113883.3.464.1003.1063,Potentially Harmful Pain Medications for Older Adults,20240123,eCQM Update 2025-05-08,Grouping,2.16.840.1.113883.3.464.1003.1255,Potentially Harmful Pain Medications for Older Adults,RXNORM,2025-01,2.16.840.1.113883.6.88,Eligible Clinicians,Use of High-Risk Medications in Older Adults,CMS156v14,Not Applicable,14,a3837ff8-1abc-4ba9-800e-fd4e7953adbd,Ambulatory,No
Medication,2.16.840.1.113883.3.464.1003.1062,Potentially Harmful Skeletal Muscle Relaxants for Older Adults,20240123,eCQM Update 2025-05-08,Grouping,2.16.840.1.113883.3.464.1003.1256,Potentially Harmful Skeletal Muscle Relaxants for Older Adults,RXNORM,2025-01,2.16.840.1.113883.6.88,Eligible Clinicians,Use of High-Risk Medications in Older Adults,CMS156v14,Not Applicable,14,a3837ff8-1abc-4ba9-800e-fd4e7953adbd,Ambulatory,No
Medication,2.16.840.1.113883.3.464.1003.1059,Potentially Harmful Sulfonylureas for Older Adults,20240123,eCQM Update 2025-05-08,Grouping,2.16.840.1.113883.3.464.1003.1257,Potentially Harmful Sulfonylureas for Older Adults,RXNORM,2025-01,2.16.840.1.113883.6.88,Eligible Clinicians,Use of High-Risk Medications in Older Adults,CMS156v14,Not Applicable,14,a3837ff8-1abc-4ba9-800e-fd4e7953adbd,Ambulatory,No
Assessment,2.16.840.1.113883.3.526.3.1028,Standardized Pain Assessment Tool,20170504,eCQM Update 2025-05-08,Grouping,2.16.840.1.113883.3.526.2.1073,Standardized Pain Assessment Tool,LOINC,2.78,2.16.840.1.113883.6.1,Eligible Clinicians,Oncology: Medical and Radiation - Pain Intensity Quantified,CMS157v14,0384e,14,9a0330d0-3d9b-11e1-8634-00237d5bf174,Ambulatory,No
Condition/Diagnosis/Problem,2.16.840.1.113883.3.526.3.1010,Cancer,20200306,eCQM Update 2025-05-08,Grouping,2.16.840.1.113883.3.526.2.1078,Cancer,ICD10CM,2025,2.16.840.1.113883.6.90,Eligible Clinicians,Oncology: Medical and Radiation - Pain Intensity Quantified,CMS157v14,0384e,14,9a0330d0-3d9b-11e1-8634-00237d5bf174,Ambulatory,No
Condition/Diagnosis/Problem,2.16.840.1.113883.3.526.3.1010,Cancer,20200306,eCQM Update 2025-05-08,Grouping,2.16.840.1.113883.3.526.2.1079,Cancer,SNOMEDCT,"2024-09, 2024-03, 2023-09, 2023-03, 2022-09, 2022-03, 2021-09, 2021-03, 2020-09, 2020-03, 2019-09, 2019-03, 2018-09, 2018-03, 2017-09, 2017-03, 2016-09, 2015-09",2.16.840.1.113883.6.96,Eligible Clinicians,Oncology: Medical and Radiation - Pain Intensity Quantified,CMS157v14,0384e,14,9a0330d0-3d9b-11e1-8634-00237d5bf174,Ambulatory,No
Encounter,2.16.840.1.113883.3.1444.5.215,Audio Visual Telehealth Encounter,20250201,eCQM Update 2025-05-08,Grouping,2.16.840.1.113883.3.1444.3.241,Audio Visual Telehealth Encounter,CPT,2025,2.16.840.1.113883.6.12,Eligible Clinicians,Oncology: Medical and Radiation - Pain Intensity Quantified,CMS157v14,0384e,14,9a0330d0-3d9b-11e1-8634-00237d5bf174,Ambulatory,No
Encounter,2.16.840.1.113883.3.1444.5.215,Audio Visual Telehealth Encounter,20250201,eCQM Update 2025-05-08,Grouping,2.16.840.1.113883.3.1444.3.111,Audio Visual Telehealth Encounter,SNOMEDCT,2024-09,2.16.840.1.113883.6.96,Eligible Clinicians,Oncology: Medical and Radiation - Pain Intensity Quantified,CMS157v14,0384e,14,9a0330d0-3d9b-11e1-8634-00237d5bf174,Ambulatory,No
Encounter,2.16.840.1.113883.3.464.1003.101.12.1001,Office Visit,20180310,eCQM Update 2025-05-08,Grouping,2.16.840.1.113883.3.464.1003.101.11.1264,Office Visit,SNOMEDCT,2024-09,2.16.840.1.113883.6.96,Eligible Clinicians,Oncology: Medical and Radiation - Pain Intensity Quantified,CMS157v14,0384e,14,9a0330d0-3d9b-11e1-8634-00237d5bf174,Ambulatory,No
Encounter,2.16.840.1.113883.3.464.1003.101.12.1001,Office Visit,20180310,eCQM Update 2025-05-08,Grouping,2.16.840.1.113883.3.464.1003.101.11.1005,Office Visit,CPT,2025,2.16.840.1.113883.6.12,Eligible Clinicians,Oncology: Medical and Radiation - Pain Intensity Quantified,CMS157v14,0384e,14,9a0330d0-3d9b-11e1-8634-00237d5bf174,Ambulatory,No
Encounter,2.16.840.1.113883.3.526.3.1026,Radiation Treatment Management,20170504,eCQM Update 2025-05-08,Grouping,2.16.840.1.113883.3.526.2.1072,Radiation Treatment Management,SNOMEDCT,2024-09,2.16.840.1.113883.6.96,Eligible Clinicians,Oncology: Medical and Radiation - Pain Intensity Quantified,CMS157v14,0384e,14,9a0330d0-3d9b-11e1-8634-00237d5bf174,Ambulatory,No
Encounter,2.16.840.1.113883.3.526.3.1026,Radiation Treatment Management,20170504,eCQM Update 2025-05-08,Grouping,2.16.840.1.113883.3.526.2.1071,Radiation Treatment Management,CPT,2025,2.16.840.1.113883.6.12,Eligible Clinicians,Oncology: Medical and Radiation - Pain Intensity Quantified,CMS157v14,0384e,14,9a0330d0-3d9b-11e1-8634-00237d5bf174,Ambulatory,No
Individual Characteristic,2.16.840.1.114222.4.11.837,Ethnicity,20121025,eCQM Update 2025-05-08,Extensional,,,CDCREC,1.2,2.16.840.1.113883.6.238,Eligible Clinicians,Oncology: Medical and Radiation - Pain Intensity Quantified,CMS157v14,0384e,14,9a0330d0-3d9b-11e1-8634-00237d5bf174,Ambulatory,Yes
Individual Characteristic,2.16.840.1.113762.1.4.1021.121,Federal Administrative Sex,20250228,eCQM Update 2025-05-08,Extensional,,,SNOMEDCT,2024-09,2.16.840.1.113883.6.96,Eligible Clinicians,Oncology: Medical and Radiation - Pain Intensity Quantified,CMS157v14,0384e,14,9a0330d0-3d9b-11e1-8634-00237d5bf174,Ambulatory,Yes
Individual Characteristic,2.16.840.1.114222.4.11.3591,Payer Type,20221118,eCQM Update 2025-05-08,Intensional,,,SOP,9.2,2.16.840.1.113883.3.221.5,Eligible Clinicians,Oncology: Medical and Radiation - Pain Intensity Quantified,CMS157v14,0384e,14,9a0330d0-3d9b-11e1-8634-00237d5bf174,Ambulatory,Yes
Individual Characteristic,2.16.840.1.114222.4.11.836,Race,20121025,eCQM Update 2025-05-08,Extensional,,,CDCREC,1.2,2.16.840.1.113883.6.238,Eligible Clinicians,Oncology: Medical and Radiation - Pain Intensity Quantified,CMS157v14,0384e,14,9a0330d0-3d9b-11e1-8634-00237d5bf174,Ambulatory,Yes
Procedure,2.16.840.1.113883.3.526.3.1027,Chemotherapy Administration,20240131,eCQM Update 2025-05-08,Grouping,2.16.840.1.113883.3.1444.3.233,Chemotherapy Administration,HCPCS,2025,2.16.840.1.113883.6.285,Eligible Clinicians,Oncology: Medical and Radiation - Pain Intensity Quantified,CMS157v14,0384e,14,9a0330d0-3d9b-11e1-8634-00237d5bf174,Ambulatory,No
Procedure,2.16.840.1.113883.3.526.3.1027,Chemotherapy Administration,20240131,eCQM Update 2025-05-08,Grouping,2.16.840.1.113883.3.526.2.1080,Chemotherapy Administration,CPT,2025,2.16.840.1.113883.6.12,Eligible Clinicians,Oncology: Medical and Radiation - Pain Intensity Quantified,CMS157v14,0384e,14,9a0330d0-3d9b-11e1-8634-00237d5bf174,Ambulatory,No
Procedure,2.16.840.1.113883.3.526.3.1027,Chemotherapy Administration,20240131,eCQM Update 2025-05-08,Grouping,2.16.840.1.113883.3.526.2.1081,Chemotherapy Administration,SNOMEDCT,2024-09,2.16.840.1.113883.6.96,Eligible Clinicians,Oncology: Medical and Radiation - Pain Intensity Quantified,CMS157v14,0384e,14,9a0330d0-3d9b-11e1-8634-00237d5bf174,Ambulatory,No
Assessment,2.16.840.1.113883.3.67.1.101.1.263,PHQ 9 and PHQ 9M Tools,20220219,eCQM Update 2025-05-08,Extensional,,,LOINC,2.78,2.16.840.1.113883.6.1,Eligible Clinicians,Depression Remission at Twelve Months,CMS159v14,0710e,14,8455cd3e-dbb9-4e0c-8084-3ece4068fe94,Ambulatory,No
Condition/Diagnosis/Problem,2.16.840.1.113883.3.67.1.101.1.128,Bipolar Disorder,20240214,eCQM Update 2025-05-08,Grouping,2.16.840.1.113883.3.67.1.101.1.44,Bipolar Disorder,SNOMEDCT,2024-09,2.16.840.1.113883.6.96,Eligible Clinicians,Depression Remission at Twelve Months,CMS159v14,0710e,14,8455cd3e-dbb9-4e0c-8084-3ece4068fe94,Ambulatory,No
Condition/Diagnosis/Problem,2.16.840.1.113883.3.67.1.101.1.128,Bipolar Disorder,20240214,eCQM Update 2025-05-08,Grouping,2.16.840.1.113883.3.67.1.101.1.45,Bipolar Disorder,ICD10CM,2025,2.16.840.1.113883.6.90,Eligible Clinicians,Depression Remission at Twelve Months,CMS159v14,0710e,14,8455cd3e-dbb9-4e0c-8084-3ece4068fe94,Ambulatory,No
Condition/Diagnosis/Problem,2.16.840.1.113883.3.67.1.101.1.254,Dysthymia,20220219,eCQM Update 2025-05-08,Grouping,2.16.840.1.113883.3.67.1.101.1.256,Dysthymia,ICD10CM,2025,2.16.840.1.113883.6.90,Eligible Clinicians,Depression Remission at Twelve Months,CMS159v14,0710e,14,8455cd3e-dbb9-4e0c-8084-3ece4068fe94,Ambulatory,No
Condition/Diagnosis/Problem,2.16.840.1.113883.3.67.1.101.1.254,Dysthymia,20220219,eCQM Update 2025-05-08,Grouping,2.16.840.1.113883.3.67.1.101.1.257,Dysthymia,SNOMEDCT,2024-09,2.16.840.1.113883.6.96,Eligible Clinicians,Depression Remission at Twelve Months,CMS159v14,0710e,14,8455cd3e-dbb9-4e0c-8084-3ece4068fe94,Ambulatory,No
Condition/Diagnosis/Problem,2.16.840.1.113883.3.464.1003.1165,Hospice Diagnosis,20220818,eCQM Update 2025-05-08,Grouping,2.16.840.1.113883.3.464.1003.1166,Hospice Diagnosis,SNOMEDCT,2024-09,2.16.840.1.113883.6.96,Eligible Clinicians,Depression Remission at Twelve Months,CMS159v14,0710e,14,8455cd3e-dbb9-4e0c-8084-3ece4068fe94,Ambulatory,No
Condition/Diagnosis/Problem,2.16.840.113883.3.67.1.101.3.2444,Major Depression Including Remission,20210219,eCQM Update 2025-05-08,Grouping,2.16.840.1.113883.3.464.1003.105.11.1017,Major Depression,SNOMEDCT,2024-09,2.16.840.1.113883.6.96,Eligible Clinicians,Depression Remission at Twelve Months,CMS159v14,0710e,14,8455cd3e-dbb9-4e0c-8084-3ece4068fe94,Ambulatory,No
Condition/Diagnosis/Problem,2.16.840.113883.3.67.1.101.3.2444,Major Depression Including Remission,20210219,eCQM Update 2025-05-08,Grouping,2.16.840.1.113883.3.464.1003.105.11.1019,Major Depression,ICD10CM,2025,2.16.840.1.113883.6.90,Eligible Clinicians,Depression Remission at Twelve Months,CMS159v14,0710e,14,8455cd3e-dbb9-4e0c-8084-3ece4068fe94,Ambulatory,No
Condition/Diagnosis/Problem,2.16.840.113883.3.67.1.101.3.2444,Major Depression Including Remission,20210219,eCQM Update 2025-05-08,Grouping,2.16.840.1.113883.3.464.1003.105.11.1060,Major Depression In Remission,SNOMEDCT,2024-09,2.16.840.1.113883.6.96,Eligible Clinicians,Depression Remission at Twelve Months,CMS159v14,0710e,14,8455cd3e-dbb9-4e0c-8084-3ece4068fe94,Ambulatory,No
Condition/Diagnosis/Problem,2.16.840.113883.3.67.1.101.3.2444,Major Depression Including Remission,20210219,eCQM Update 2025-05-08,Grouping,2.16.840.1.113883.3.464.1003.105.11.1062,Major Depression In Remission,ICD10CM,2025,2.16.840.1.113883.6.90,Eligible Clinicians,Depression Remission at Twelve Months,CMS159v14,0710e,14,8455cd3e-dbb9-4e0c-8084-3ece4068fe94,Ambulatory,No
Condition/Diagnosis/Problem,2.16.840.1.113883.3.464.1003.1167,Palliative Care Diagnosis,20220820,eCQM Update 2025-05-08,Grouping,2.16.840.1.113883.3.464.1003.1168,Palliative Care Diagnosis,SNOMEDCT,2024-09,2.16.840.1.113883.6.96,Eligible Clinicians,Depression Remission at Twelve Months,CMS159v14,0710e,14,8455cd3e-dbb9-4e0c-8084-3ece4068fe94,Ambulatory,No
Condition/Diagnosis/Problem,2.16.840.1.113883.3.464.1003.1167,Palliative Care Diagnosis,20220820,eCQM Update 2025-05-08,Grouping,2.16.840.1.113883.3.464.1003.1169,Palliative Care Diagnosis,ICD10CM,2025,2.16.840.1.113883.6.90,Eligible Clinicians,Depression Remission at Twelve Months,CMS159v14,0710e,14,8455cd3e-dbb9-4e0c-8084-3ece4068fe94,Ambulatory,No
Condition/Diagnosis/Problem,2.16.840.1.113883.3.67.1.101.1.246,Personality Disorder Emotionally Labile,20240214,eCQM Update 2025-05-08,Grouping,2.16.840.1.113883.3.67.1.101.1.248,Personality Disorder Emotionally Labile,ICD10CM,2025,2.16.840.1.113883.6.90,Eligible Clinicians,Depression Remission at Twelve Months,CMS159v14,0710e,14,8455cd3e-dbb9-4e0c-8084-3ece4068fe94,Ambulatory,No
Condition/Diagnosis/Problem,2.16.840.1.113883.3.67.1.101.1.246,Personality Disorder Emotionally Labile,20240214,eCQM Update 2025-05-08,Grouping,2.16.840.1.113883.3.67.1.101.1.249,Personality Disorder Emotionally Labile,SNOMEDCT,2024-09,2.16.840.1.113883.6.96,Eligible Clinicians,Depression Remission at Twelve Months,CMS159v14,0710e,14,8455cd3e-dbb9-4e0c-8084-3ece4068fe94,Ambulatory,No
Condition/Diagnosis/Problem,2.16.840.1.113883.3.464.1003.105.12.1152,Pervasive Developmental Disorder,20240210,eCQM Update 2025-05-08,Grouping,2.16.840.1.113883.3.464.1003.105.11.1180,Pervasive Developmental Disorder,ICD10CM,2025,2.16.840.1.113883.6.90,Eligible Clinicians,Depression Remission at Twelve Months,CMS159v14,0710e,14,8455cd3e-dbb9-4e0c-8084-3ece4068fe94,Ambulatory,No
Condition/Diagnosis/Problem,2.16.840.1.113883.3.464.1003.105.12.1152,Pervasive Developmental Disorder,20240210,eCQM Update 2025-05-08,Grouping,2.16.840.1.113883.3.464.1003.105.11.1178,Pervasive Developmental Disorder,SNOMEDCT,2024-09,2.16.840.1.113883.6.96,Eligible Clinicians,Depression Remission at Twelve Months,CMS159v14,0710e,14,8455cd3e-dbb9-4e0c-8084-3ece4068fe94,Ambulatory,No
Condition/Diagnosis/Problem,2.16.840.1.113883.3.464.1003.105.12.1104,Schizophrenia or Psychotic Disorder,20240214,eCQM Update 2025-05-08,Grouping,2.16.840.1.113883.3.464.1003.105.11.1162,Schizophrenia or Psychotic Disorder,ICD10CM,2025,2.16.840.1.113883.6.90,Eligible Clinicians,Depression Remission at Twelve Months,CMS159v14,0710e,14,8455cd3e-dbb9-4e0c-8084-3ece4068fe94,Ambulatory,No
Condition/Diagnosis/Problem,2.16.840.1.113883.3.464.1003.105.12.1104,Schizophrenia or Psychotic Disorder,20240214,eCQM Update 2025-05-08,Grouping,2.16.840.1.113883.3.464.1003.105.11.1163,Schizophrenia or Psychotic Disorder,SNOMEDCT,2024-09,2.16.840.1.113883.6.96,Eligible Clinicians,Depression Remission at Twelve Months,CMS159v14,0710e,14,8455cd3e-dbb9-4e0c-8084-3ece4068fe94,Ambulatory,No
Encounter,2.16.840.1.113762.1.4.1080.5,Contact or Office Visit,20220219,eCQM Update 2025-05-08,Grouping,2.16.840.1.113762.1.4.1080.7,Contact or Office Visit,HCPCS,2025,2.16.840.1.113883.6.285,Eligible Clinicians,Depression Remission at Twelve Months,CMS159v14,0710e,14,8455cd3e-dbb9-4e0c-8084-3ece4068fe94,Ambulatory,No
Encounter,2.16.840.1.113762.1.4.1080.5,Contact or Office Visit,20220219,eCQM Update 2025-05-08,Grouping,2.16.840.1.113762.1.4.1080.6,Contact or Office Visit,CPT,2025,2.16.840.1.113883.6.12,Eligible Clinicians,Depression Remission at Twelve Months,CMS159v14,0710e,14,8455cd3e-dbb9-4e0c-8084-3ece4068fe94,Ambulatory,No
Encounter,2.16.840.1.113883.3.666.5.307,Encounter Inpatient,20200307,eCQM Update 2025-05-08,Extensional,,,SNOMEDCT,2024-09,2.16.840.1.113883.6.96,Eligible Clinicians,Depression Remission at Twelve Months,CMS159v14,0710e,14,8455cd3e-dbb9-4e0c-8084-3ece4068fe94,Ambulatory,No
Encounter,2.16.840.1.113883.3.464.1003.1003,Hospice Encounter,20210820,eCQM Update 2025-05-08,Grouping,2.16.840.1.113883.3.464.1003.1001,Hospice Encounter,HCPCS,2025,2.16.840.1.113883.6.285,Eligible Clinicians,Depression Remission at Twelve Months,CMS159v14,0710e,14,8455cd3e-dbb9-4e0c-8084-3ece4068fe94,Ambulatory,No
Encounter,2.16.840.1.113883.3.464.1003.1003,Hospice Encounter,20210820,eCQM Update 2025-05-08,Grouping,2.16.840.1.113883.3.464.1003.1002,Hospice Encounter,SNOMEDCT,2024-09,2.16.840.1.113883.6.96,Eligible Clinicians,Depression Remission at Twelve Months,CMS159v14,0710e,14,8455cd3e-dbb9-4e0c-8084-3ece4068fe94,Ambulatory,No
Encounter,2.16.840.1.113883.3.464.1003.101.12.1090,Palliative Care Encounter,20210224,eCQM Update 2025-05-08,Grouping,2.16.840.1.113883.3.464.1003.101.11.1286,Palliative Encounter,SNOMEDCT,2024-09,2.16.840.1.113883.6.96,Eligible Clinicians,Depression Remission at Twelve Months,CMS159v14,0710e,14,8455cd3e-dbb9-4e0c-8084-3ece4068fe94,Ambulatory,No
Encounter,2.16.840.1.113883.3.464.1003.101.12.1090,Palliative Care Encounter,20210224,eCQM Update 2025-05-08,Grouping,2.16.840.1.113883.3.464.1003.101.11.1285,Palliative Encounter,HCPCS,2025,2.16.840.1.113883.6.285,Eligible Clinicians,Depression Remission at Twelve Months,CMS159v14,0710e,14,8455cd3e-dbb9-4e0c-8084-3ece4068fe94,Ambulatory,No
Individual Characteristic,2.16.840.1.114222.4.11.837,Ethnicity,20121025,eCQM Update 2025-05-08,Extensional,,,CDCREC,1.2,2.16.840.1.113883.6.238,Eligible Clinicians,Depression Remission at Twelve Months,CMS159v14,0710e,14,8455cd3e-dbb9-4e0c-8084-3ece4068fe94,Ambulatory,Yes
Individual Characteristic,2.16.840.1.113762.1.4.1021.121,Federal Administrative Sex,20250228,eCQM Update 2025-05-08,Extensional,,,SNOMEDCT,2024-09,2.16.840.1.113883.6.96,Eligible Clinicians,Depression Remission at Twelve Months,CMS159v14,0710e,14,8455cd3e-dbb9-4e0c-8084-3ece4068fe94,Ambulatory,Yes
Individual Characteristic,2.16.840.1.114222.4.11.3591,Payer Type,20221118,eCQM Update 2025-05-08,Intensional,,,SOP,9.2,2.16.840.1.113883.3.221.5,Eligible Clinicians,Depression Remission at Twelve Months,CMS159v14,0710e,14,8455cd3e-dbb9-4e0c-8084-3ece4068fe94,Ambulatory,Yes
Individual Characteristic,2.16.840.1.114222.4.11.836,Race,20121025,eCQM Update 2025-05-08,Extensional,,,CDCREC,1.2,2.16.840.1.113883.6.238,Eligible Clinicians,Depression Remission at Twelve Months,CMS159v14,0710e,14,8455cd3e-dbb9-4e0c-8084-3ece4068fe94,Ambulatory,Yes
Intervention,2.16.840.1.113883.3.526.3.1584,Hospice Care Ambulatory,20210825,eCQM Update 2025-05-08,Grouping,2.16.840.1.113883.3.464.1003.1008,Hospice Care Ambulatory,HCPCS,2025,2.16.840.1.113883.6.285,Eligible Clinicians,Depression Remission at Twelve Months,CMS159v14,0710e,14,8455cd3e-dbb9-4e0c-8084-3ece4068fe94,Ambulatory,No
Intervention,2.16.840.1.113883.3.526.3.1584,Hospice Care Ambulatory,20210825,eCQM Update 2025-05-08,Grouping,2.16.840.1.113762.1.4.1108.15,Hospice Care Ambulatory,SNOMEDCT,2024-09,2.16.840.1.113883.6.96,Eligible Clinicians,Depression Remission at Twelve Months,CMS159v14,0710e,14,8455cd3e-dbb9-4e0c-8084-3ece4068fe94,Ambulatory,No
Intervention,2.16.840.1.113883.3.526.3.1584,Hospice Care Ambulatory,20210825,eCQM Update 2025-05-08,Grouping,2.16.840.1.113883.3.464.1003.1007,Hospice Care Ambulatory,CPT,2025,2.16.840.1.113883.6.12,Eligible Clinicians,Depression Remission at Twelve Months,CMS159v14,0710e,14,8455cd3e-dbb9-4e0c-8084-3ece4068fe94,Ambulatory,No
Intervention,2.16.840.1.113883.3.464.1003.198.12.1135,Palliative Care Intervention,20210224,eCQM Update 2025-05-08,Grouping,2.16.840.1.113883.3.464.1003.198.11.1148,Palliative Intervention,SNOMEDCT,2024-09,2.16.840.1.113883.6.96,Eligible Clinicians,Depression Remission at Twelve Months,CMS159v14,0710e,14,8455cd3e-dbb9-4e0c-8084-3ece4068fe94,Ambulatory,No
Condition/Diagnosis/Problem,2.16.840.1.113883.3.464.1003.110.12.1082,Advanced Illness,20190315,eCQM Update 2025-05-08,Grouping,2.16.840.1.113883.3.464.1003.110.11.1151,Advanced Illness,SNOMEDCT,"2024-09, 2024-03, 2023-09",2.16.840.1.113883.6.96,Eligible Clinicians,Controlling High Blood Pressure,CMS165v14,Not Applicable,14,abdc37cc-bac6-4156-9b91-d1be2c8b7268,Ambulatory,No
Condition/Diagnosis/Problem,2.16.840.1.113883.3.464.1003.110.12.1082,Advanced Illness,20190315,eCQM Update 2025-05-08,Grouping,2.16.840.1.113883.3.464.1003.110.11.1150,Advanced Illness,ICD10CM,2025,2.16.840.1.113883.6.90,Eligible Clinicians,Controlling High Blood Pressure,CMS165v14,Not Applicable,14,abdc37cc-bac6-4156-9b91-d1be2c8b7268,Ambulatory,No
Condition/Diagnosis/Problem,2.16.840.1.113883.3.526.3.1002,"Chronic Kidney Disease, Stage 5",20200307,eCQM Update 2025-05-08,Grouping,2.16.840.1.113883.3.526.2.1037,"Chronic Kidney Disease, Stage 5",SNOMEDCT,2024-09,2.16.840.1.113883.6.96,Eligible Clinicians,Controlling High Blood Pressure,CMS165v14,Not Applicable,14,abdc37cc-bac6-4156-9b91-d1be2c8b7268,Ambulatory,No
Condition/Diagnosis/Problem,2.16.840.1.113883.3.526.3.1002,"Chronic Kidney Disease, Stage 5",20200307,eCQM Update 2025-05-08,Grouping,2.16.840.1.113883.3.526.2.1036,"Chronic Kidney Disease, Stage 5",ICD10CM,2025,2.16.840.1.113883.6.90,Eligible Clinicians,Controlling High Blood Pressure,CMS165v14,Not Applicable,14,abdc37cc-bac6-4156-9b91-d1be2c8b7268,Ambulatory,No
Condition/Diagnosis/Problem,2.16.840.1.113883.3.526.3.353,End Stage Renal Disease,20200307,eCQM Update 2025-05-08,Grouping,2.16.840.1.113883.3.526.2.589,End Stage Renal Disease,ICD10CM,2025,2.16.840.1.113883.6.90,Eligible Clinicians,Controlling High Blood Pressure,CMS165v14,Not Applicable,14,abdc37cc-bac6-4156-9b91-d1be2c8b7268,Ambulatory,No
Condition/Diagnosis/Problem,2.16.840.1.113883.3.526.3.353,End Stage Renal Disease,20200307,eCQM Update 2025-05-08,Grouping,2.16.840.1.113883.3.526.2.590,End Stage Renal Disease,SNOMEDCT,2024-09,2.16.840.1.113883.6.96,Eligible Clinicians,Controlling High Blood Pressure,CMS165v14,Not Applicable,14,abdc37cc-bac6-4156-9b91-d1be2c8b7268,Ambulatory,No
Condition/Diagnosis/Problem,2.16.840.1.113883.3.464.1003.104.12.1011,Essential Hypertension,20240106,eCQM Update 2025-05-08,Grouping,2.16.840.1.113883.3.464.1003.104.11.1029,Essential Hypertension,SNOMEDCT,2024-09,2.16.840.1.113883.6.96,Eligible Clinicians,Controlling High Blood Pressure,CMS165v14,Not Applicable,14,abdc37cc-bac6-4156-9b91-d1be2c8b7268,Ambulatory,No
Condition/Diagnosis/Problem,2.16.840.1.113883.3.464.1003.104.12.1011,Essential Hypertension,20240106,eCQM Update 2025-05-08,Grouping,2.16.840.1.113883.3.464.1003.104.11.1031,Essential Hypertension,ICD10CM,2025,2.16.840.1.113883.6.90,Eligible Clinicians,Controlling High Blood Pressure,CMS165v14,Not Applicable,14,abdc37cc-bac6-4156-9b91-d1be2c8b7268,Ambulatory,No
Condition/Diagnosis/Problem,2.16.840.1.113883.3.464.1003.113.12.1074,Frailty Diagnosis,20190315,eCQM Update 2025-05-08,Grouping,2.16.840.1.113883.3.464.1003.113.11.1309,Frailty Diagnosis,SNOMEDCT,2024-09,2.16.840.1.113883.6.96,Eligible Clinicians,Controlling High Blood Pressure,CMS165v14,Not Applicable,14,abdc37cc-bac6-4156-9b91-d1be2c8b7268,Ambulatory,No
Condition/Diagnosis/Problem,2.16.840.1.113883.3.464.1003.113.12.1074,Frailty Diagnosis,20190315,eCQM Update 2025-05-08,Grouping,2.16.840.1.113883.3.464.1003.113.11.1308,Frailty Diagnosis,ICD10CM,2025,2.16.840.1.113883.6.90,Eligible Clinicians,Controlling High Blood Pressure,CMS165v14,Not Applicable,14,abdc37cc-bac6-4156-9b91-d1be2c8b7268,Ambulatory,No
Condition/Diagnosis/Problem,2.16.840.1.113883.3.464.1003.1165,Hospice Diagnosis,20220818,eCQM Update 2025-05-08,Grouping,2.16.840.1.113883.3.464.1003.1166,Hospice Diagnosis,SNOMEDCT,2024-09,2.16.840.1.113883.6.96,Eligible Clinicians,Controlling High Blood Pressure,CMS165v14,Not Applicable,14,abdc37cc-bac6-4156-9b91-d1be2c8b7268,Ambulatory,No
Condition/Diagnosis/Problem,2.16.840.1.113883.3.464.1003.109.12.1029,Kidney Transplant Recipient,20240112,eCQM Update 2025-05-08,Grouping,2.16.840.1.113883.3.464.1003.109.11.1060,Kidney Transplant Recipient,ICD10CM,2025,2.16.840.1.113883.6.90,Eligible Clinicians,Controlling High Blood Pressure,CMS165v14,Not Applicable,14,abdc37cc-bac6-4156-9b91-d1be2c8b7268,Ambulatory,No
Condition/Diagnosis/Problem,2.16.840.1.113883.3.464.1003.1167,Palliative Care Diagnosis,20220820,eCQM Update 2025-05-08,Grouping,2.16.840.1.113883.3.464.1003.1168,Palliative Care Diagnosis,SNOMEDCT,2024-09,2.16.840.1.113883.6.96,Eligible Clinicians,Controlling High Blood Pressure,CMS165v14,Not Applicable,14,abdc37cc-bac6-4156-9b91-d1be2c8b7268,Ambulatory,No
Condition/Diagnosis/Problem,2.16.840.1.113883.3.464.1003.1167,Palliative Care Diagnosis,20220820,eCQM Update 2025-05-08,Grouping,2.16.840.1.113883.3.464.1003.1169,Palliative Care Diagnosis,ICD10CM,2025,2.16.840.1.113883.6.90,Eligible Clinicians,Controlling High Blood Pressure,CMS165v14,Not Applicable,14,abdc37cc-bac6-4156-9b91-d1be2c8b7268,Ambulatory,No
Condition/Diagnosis/Problem,2.16.840.1.113883.3.526.3.378,Pregnancy,20210218,eCQM Update 2025-05-08,Grouping,2.16.840.1.113883.3.526.2.532,Pregnancy,SNOMEDCT,2024-09,2.16.840.1.113883.6.96,Eligible Clinicians,Controlling High Blood Pressure,CMS165v14,Not Applicable,14,abdc37cc-bac6-4156-9b91-d1be2c8b7268,Ambulatory,No
Condition/Diagnosis/Problem,2.16.840.1.113883.3.526.3.378,Pregnancy,20210218,eCQM Update 2025-05-08,Grouping,2.16.840.1.113883.3.526.2.242,Pregnancy,ICD10CM,2025,2.16.840.1.113883.6.90,Eligible Clinicians,Controlling High Blood Pressure,CMS165v14,Not Applicable,14,abdc37cc-bac6-4156-9b91-d1be2c8b7268,Ambulatory,No
Device,2.16.840.1.113883.3.464.1003.118.12.1300,Frailty Device,20200310,eCQM Update 2025-05-08,Grouping,2.16.840.1.113883.3.464.1003.118.11.1220,Frailty Device SNOMED,SNOMEDCT,"2024-09, 2022-09",2.16.840.1.113883.6.96,Eligible Clinicians,Controlling High Blood Pressure,CMS165v14,Not Applicable,14,abdc37cc-bac6-4156-9b91-d1be2c8b7268,Ambulatory,No
Encounter,2.16.840.1.113883.3.526.3.1240,Annual Wellness Visit,20190315,eCQM Update 2025-05-08,Grouping,2.16.840.1.113883.3.526.2.1363,Annual Wellness Visit,HCPCS,2025,2.16.840.1.113883.6.285,Eligible Clinicians,Controlling High Blood Pressure,CMS165v14,Not Applicable,14,abdc37cc-bac6-4156-9b91-d1be2c8b7268,Ambulatory,No
Encounter,2.16.840.1.113883.3.526.3.1240,Annual Wellness Visit,20190315,eCQM Update 2025-05-08,Grouping,2.16.840.1.113883.3.526.2.1772,Annual Wellness Visit,SNOMEDCT,2024-09,2.16.840.1.113883.6.96,Eligible Clinicians,Controlling High Blood Pressure,CMS165v14,Not Applicable,14,abdc37cc-bac6-4156-9b91-d1be2c8b7268,Ambulatory,No
Encounter,2.16.840.1.113883.3.464.1003.109.12.1014,ESRD Monthly Outpatient Services,20170504,eCQM Update 2025-05-08,Grouping,2.16.840.1.113883.3.464.1003.109.11.1029,ESRD Monthly Outpatient Services,CPT,2025,2.16.840.1.113883.6.12,Eligible Clinicians,Controlling High Blood Pressure,CMS165v14,Not Applicable,14,abdc37cc-bac6-4156-9b91-d1be2c8b7268,Ambulatory,No
Encounter,2.16.840.1.113883.3.464.1003.101.12.1010,Emergency Department Evaluation and Management Visit,20210928,eCQM Update 2025-05-08,Grouping,2.16.840.1.113883.3.464.1003.101.11.1050,Emergency Department Evaluation and Management Visit,CPT,2025,2.16.840.1.113883.6.12,Eligible Clinicians,Controlling High Blood Pressure,CMS165v14,Not Applicable,14,abdc37cc-bac6-4156-9b91-d1be2c8b7268,Ambulatory,No
Encounter,2.16.840.1.113883.3.464.1003.101.12.1010,Emergency Department Evaluation and Management Visit,20210928,eCQM Update 2025-05-08,Grouping,2.16.840.1.113883.3.117.1.7.1.292,Emergency Department Visit,SNOMEDCT,2024-09,2.16.840.1.113883.6.96,Eligible Clinicians,Controlling High Blood Pressure,CMS165v14,Not Applicable,14,abdc37cc-bac6-4156-9b91-d1be2c8b7268,Ambulatory,No
Encounter,2.16.840.1.113883.3.666.5.307,Encounter Inpatient,20200307,eCQM Update 2025-05-08,Extensional,,,SNOMEDCT,2024-09,2.16.840.1.113883.6.96,Eligible Clinicians,Controlling High Blood Pressure,CMS165v14,Not Applicable,14,abdc37cc-bac6-4156-9b91-d1be2c8b7268,Ambulatory,No
Encounter,2.16.840.1.113883.3.464.1003.101.12.1088,Frailty Encounter,20210224,eCQM Update 2025-05-08,Grouping,2.16.840.1.113883.3.464.1003.101.11.1276,Frailty Encounter,CPT,2025,2.16.840.1.113883.6.12,Eligible Clinicians,Controlling High Blood Pressure,CMS165v14,Not Applicable,14,abdc37cc-bac6-4156-9b91-d1be2c8b7268,Ambulatory,No
Encounter,2.16.840.1.113883.3.464.1003.101.12.1088,Frailty Encounter,20210224,eCQM Update 2025-05-08,Grouping,2.16.840.1.113883.3.464.1003.101.11.1279,Frailty Encounter,HCPCS,2025,2.16.840.1.113883.6.285,Eligible Clinicians,Controlling High Blood Pressure,CMS165v14,Not Applicable,14,abdc37cc-bac6-4156-9b91-d1be2c8b7268,Ambulatory,No
Encounter,2.16.840.1.113883.3.464.1003.101.12.1016,Home Healthcare Services,20240110,eCQM Update 2025-05-08,Grouping,2.16.840.1.113883.3.464.1003.101.11.1265,Home Healthcare Services,SNOMEDCT,2024-09,2.16.840.1.113883.6.96,Eligible Clinicians,Controlling High Blood Pressure,CMS165v14,Not Applicable,14,abdc37cc-bac6-4156-9b91-d1be2c8b7268,Ambulatory,No
Encounter,2.16.840.1.113883.3.464.1003.101.12.1016,Home Healthcare Services,20240110,eCQM Update 2025-05-08,Grouping,2.16.840.1.113883.3.464.1003.101.11.1080,Home Healthcare Services,CPT,2025,2.16.840.1.113883.6.12,Eligible Clinicians,Controlling High Blood Pressure,CMS165v14,Not Applicable,14,abdc37cc-bac6-4156-9b91-d1be2c8b7268,Ambulatory,No
Encounter,2.16.840.1.113883.3.464.1003.1003,Hospice Encounter,20210820,eCQM Update 2025-05-08,Grouping,2.16.840.1.113883.3.464.1003.1002,Hospice Encounter,SNOMEDCT,2024-09,2.16.840.1.113883.6.96,Eligible Clinicians,Controlling High Blood Pressure,CMS165v14,Not Applicable,14,abdc37cc-bac6-4156-9b91-d1be2c8b7268,Ambulatory,No
Encounter,2.16.840.1.113883.3.464.1003.1003,Hospice Encounter,20210820,eCQM Update 2025-05-08,Grouping,2.16.840.1.113883.3.464.1003.1001,Hospice Encounter,HCPCS,2025,2.16.840.1.113883.6.285,Eligible Clinicians,Controlling High Blood Pressure,CMS165v14,Not Applicable,14,abdc37cc-bac6-4156-9b91-d1be2c8b7268,Ambulatory,No
Encounter,2.16.840.1.113883.3.464.1003.101.12.1001,Office Visit,20180310,eCQM Update 2025-05-08,Grouping,2.16.840.1.113883.3.464.1003.101.11.1264,Office Visit,SNOMEDCT,2024-09,2.16.840.1.113883.6.96,Eligible Clinicians,Controlling High Blood Pressure,CMS165v14,Not Applicable,14,abdc37cc-bac6-4156-9b91-d1be2c8b7268,Ambulatory,No
Encounter,2.16.840.1.113883.3.464.1003.101.12.1001,Office Visit,20180310,eCQM Update 2025-05-08,Grouping,2.16.840.1.113883.3.464.1003.101.11.1005,Office Visit,CPT,2025,2.16.840.1.113883.6.12,Eligible Clinicians,Controlling High Blood Pressure,CMS165v14,Not Applicable,14,abdc37cc-bac6-4156-9b91-d1be2c8b7268,Ambulatory,No
Encounter,2.16.840.1.113883.3.464.1003.101.12.1090,Palliative Care Encounter,20210224,eCQM Update 2025-05-08,Grouping,2.16.840.1.113883.3.464.1003.101.11.1285,Palliative Encounter,HCPCS,2025,2.16.840.1.113883.6.285,Eligible Clinicians,Controlling High Blood Pressure,CMS165v14,Not Applicable,14,abdc37cc-bac6-4156-9b91-d1be2c8b7268,Ambulatory,No
Encounter,2.16.840.1.113883.3.464.1003.101.12.1090,Palliative Care Encounter,20210224,eCQM Update 2025-05-08,Grouping,2.16.840.1.113883.3.464.1003.101.11.1286,Palliative Encounter,SNOMEDCT,2024-09,2.16.840.1.113883.6.96,Eligible Clinicians,Controlling High Blood Pressure,CMS165v14,Not Applicable,14,abdc37cc-bac6-4156-9b91-d1be2c8b7268,Ambulatory,No
Encounter,2.16.840.1.113883.3.464.1003.101.12.1025,"Preventive Care Services Established Office Visit, 18 and Up",20170504,eCQM Update 2025-05-08,Grouping,2.16.840.1.113883.3.464.1003.101.11.1125,"Preventive Care Services Established Office Visit, 18 and Up",CPT,2025,2.16.840.1.113883.6.12,Eligible Clinicians,Controlling High Blood Pressure,CMS165v14,Not Applicable,14,abdc37cc-bac6-4156-9b91-d1be2c8b7268,Ambulatory,No
Encounter,2.16.840.1.113883.3.464.1003.101.12.1023,"Preventive Care Services Initial Office Visit, 18 and Up",20170504,eCQM Update 2025-05-08,Grouping,2.16.840.1.113883.3.464.1003.101.11.1115,"Preventive Care Services Initial Office Visit, 18 and Up",CPT,2025,2.16.840.1.113883.6.12,Eligible Clinicians,Controlling High Blood Pressure,CMS165v14,Not Applicable,14,abdc37cc-bac6-4156-9b91-d1be2c8b7268,Ambulatory,No
Encounter,2.16.840.1.113883.3.464.1003.101.12.1080,Telephone Visits,20250205,eCQM Update 2025-05-08,Grouping,2.16.840.1.113883.3.464.1003.101.11.1260,Telephone Visits,CPT,"2025, 2024",2.16.840.1.113883.6.12,Eligible Clinicians,Controlling High Blood Pressure,CMS165v14,Not Applicable,14,abdc37cc-bac6-4156-9b91-d1be2c8b7268,Ambulatory,No
Encounter,2.16.840.1.113883.3.464.1003.101.12.1080,Telephone Visits,20250205,eCQM Update 2025-05-08,Grouping,2.16.840.1.113883.3.464.1003.101.11.1287,Telephone Visits,SNOMEDCT,2024-09,2.16.840.1.113883.6.96,Eligible Clinicians,Controlling High Blood Pressure,CMS165v14,Not Applicable,14,abdc37cc-bac6-4156-9b91-d1be2c8b7268,Ambulatory,No
Encounter,2.16.840.1.113883.3.464.1003.101.12.1089,Virtual Encounter,20210224,eCQM Update 2025-05-08,Grouping,2.16.840.1.113883.3.464.1003.101.11.1282,Virtual Encounter,HCPCS,"2025, 2024",2.16.840.1.113883.6.285,Eligible Clinicians,Controlling High Blood Pressure,CMS165v14,Not Applicable,14,abdc37cc-bac6-4156-9b91-d1be2c8b7268,Ambulatory,No
Encounter,2.16.840.1.113883.3.464.1003.101.12.1089,Virtual Encounter,20210224,eCQM Update 2025-05-08,Grouping,2.16.840.1.113883.3.464.1003.101.11.1281,Virtual Encounter,CPT,2025,2.16.840.1.113883.6.12,Eligible Clinicians,Controlling High Blood Pressure,CMS165v14,Not Applicable,14,abdc37cc-bac6-4156-9b91-d1be2c8b7268,Ambulatory,No
Individual Characteristic,2.16.840.1.114222.4.11.837,Ethnicity,20121025,eCQM Update 2025-05-08,Extensional,,,CDCREC,1.2,2.16.840.1.113883.6.238,Eligible Clinicians,Controlling High Blood Pressure,CMS165v14,Not Applicable,14,abdc37cc-bac6-4156-9b91-d1be2c8b7268,Ambulatory,Yes
Individual Characteristic,2.16.840.1.113762.1.4.1021.121,Federal Administrative Sex,20250228,eCQM Update 2025-05-08,Extensional,,,SNOMEDCT,2024-09,2.16.840.1.113883.6.96,Eligible Clinicians,Controlling High Blood Pressure,CMS165v14,Not Applicable,14,abdc37cc-bac6-4156-9b91-d1be2c8b7268,Ambulatory,Yes
Individual Characteristic,2.16.840.1.114222.4.11.3591,Payer Type,20221118,eCQM Update 2025-05-08,Intensional,,,SOP,9.2,2.16.840.1.113883.3.221.5,Eligible Clinicians,Controlling High Blood Pressure,CMS165v14,Not Applicable,14,abdc37cc-bac6-4156-9b91-d1be2c8b7268,Ambulatory,Yes
Individual Characteristic,2.16.840.1.114222.4.11.836,Race,20121025,eCQM Update 2025-05-08,Extensional,,,CDCREC,1.2,2.16.840.1.113883.6.238,Eligible Clinicians,Controlling High Blood Pressure,CMS165v14,Not Applicable,14,abdc37cc-bac6-4156-9b91-d1be2c8b7268,Ambulatory,Yes
Intervention,2.16.840.1.113883.3.526.3.1584,Hospice Care Ambulatory,20210825,eCQM Update 2025-05-08,Grouping,2.16.840.1.113762.1.4.1108.15,Hospice Care Ambulatory,SNOMEDCT,2024-09,2.16.840.1.113883.6.96,Eligible Clinicians,Controlling High Blood Pressure,CMS165v14,Not Applicable,14,abdc37cc-bac6-4156-9b91-d1be2c8b7268,Ambulatory,No
Intervention,2.16.840.1.113883.3.526.3.1584,Hospice Care Ambulatory,20210825,eCQM Update 2025-05-08,Grouping,2.16.840.1.113883.3.464.1003.1008,Hospice Care Ambulatory,HCPCS,2025,2.16.840.1.113883.6.285,Eligible Clinicians,Controlling High Blood Pressure,CMS165v14,Not Applicable,14,abdc37cc-bac6-4156-9b91-d1be2c8b7268,Ambulatory,No
Intervention,2.16.840.1.113883.3.526.3.1584,Hospice Care Ambulatory,20210825,eCQM Update 2025-05-08,Grouping,2.16.840.1.113883.3.464.1003.1007,Hospice Care Ambulatory,CPT,2025,2.16.840.1.113883.6.12,Eligible Clinicians,Controlling High Blood Pressure,CMS165v14,Not Applicable,14,abdc37cc-bac6-4156-9b91-d1be2c8b7268,Ambulatory,No
Intervention,2.16.840.1.113883.3.464.1003.198.12.1135,Palliative Care Intervention,20210224,eCQM Update 2025-05-08,Grouping,2.16.840.1.113883.3.464.1003.198.11.1148,Palliative Intervention,SNOMEDCT,2024-09,2.16.840.1.113883.6.96,Eligible Clinicians,Controlling High Blood Pressure,CMS165v14,Not Applicable,14,abdc37cc-bac6-4156-9b91-d1be2c8b7268,Ambulatory,No
Medication,2.16.840.1.113883.3.464.1003.196.12.1510,Dementia Medications,20190315,eCQM Update 2025-05-08,Grouping,2.16.840.1.113883.3.464.1003.196.11.1517,Dementia Medications,RXNORM,2025-01,2.16.840.1.113883.6.88,Eligible Clinicians,Controlling High Blood Pressure,CMS165v14,Not Applicable,14,abdc37cc-bac6-4156-9b91-d1be2c8b7268,Ambulatory,No
Procedure,2.16.840.1.113883.3.464.1003.109.12.1013,Dialysis Services,20170504,eCQM Update 2025-05-08,Grouping,2.16.840.1.113883.3.464.1003.109.11.1028,Dialysis Services,SNOMEDCT,2024-09,2.16.840.1.113883.6.96,Eligible Clinicians,Controlling High Blood Pressure,CMS165v14,Not Applicable,14,abdc37cc-bac6-4156-9b91-d1be2c8b7268,Ambulatory,No
Procedure,2.16.840.1.113883.3.464.1003.109.12.1013,Dialysis Services,20170504,eCQM Update 2025-05-08,Grouping,2.16.840.1.113883.3.464.1003.109.11.1027,Dialysis Services,HCPCS,2025,2.16.840.1.113883.6.285,Eligible Clinicians,Controlling High Blood Pressure,CMS165v14,Not Applicable,14,abdc37cc-bac6-4156-9b91-d1be2c8b7268,Ambulatory,No
Procedure,2.16.840.1.113883.3.464.1003.109.12.1013,Dialysis Services,20170504,eCQM Update 2025-05-08,Grouping,2.16.840.1.113883.3.464.1003.109.11.1026,Dialysis Services,CPT,2025,2.16.840.1.113883.6.12,Eligible Clinicians,Controlling High Blood Pressure,CMS165v14,Not Applicable,14,abdc37cc-bac6-4156-9b91-d1be2c8b7268,Ambulatory,No
Procedure,2.16.840.1.113883.3.464.1003.109.12.1012,Kidney Transplant,20190315,eCQM Update 2025-05-08,Grouping,2.16.840.1.113883.3.464.1003.109.11.1052,Kidney Transplant,HCPCS,2025,2.16.840.1.113883.6.285,Eligible Clinicians,Controlling High Blood Pressure,CMS165v14,Not Applicable,14,abdc37cc-bac6-4156-9b91-d1be2c8b7268,Ambulatory,No
Procedure,2.16.840.1.113883.3.464.1003.109.12.1012,Kidney Transplant,20190315,eCQM Update 2025-05-08,Grouping,2.16.840.1.113883.3.464.1003.109.11.1025,Kidney Transplant,CPT,2025,2.16.840.1.113883.6.12,Eligible Clinicians,Controlling High Blood Pressure,CMS165v14,Not Applicable,14,abdc37cc-bac6-4156-9b91-d1be2c8b7268,Ambulatory,No
Procedure,2.16.840.1.113883.3.464.1003.109.12.1012,Kidney Transplant,20190315,eCQM Update 2025-05-08,Grouping,2.16.840.1.113883.3.464.1003.109.11.1067,Kidney Transplant,ICD10PCS,2025,2.16.840.1.113883.6.4,Eligible Clinicians,Controlling High Blood Pressure,CMS165v14,Not Applicable,14,abdc37cc-bac6-4156-9b91-d1be2c8b7268,Ambulatory,No
Procedure,2.16.840.1.113883.3.464.1003.109.12.1012,Kidney Transplant,20190315,eCQM Update 2025-05-08,Grouping,2.16.840.1.113883.3.464.1003.109.11.1024,Kidney Transplant,SNOMEDCT,"2024-09, 2024-03",2.16.840.1.113883.6.96,Eligible Clinicians,Controlling High Blood Pressure,CMS165v14,Not Applicable,14,abdc37cc-bac6-4156-9b91-d1be2c8b7268,Ambulatory,No
Symptom,2.16.840.1.113883.3.464.1003.113.12.1075,Frailty Symptom,20190315,eCQM Update 2025-05-08,Grouping,2.16.840.1.113883.3.464.1003.113.11.1310,Frailty Symptom,ICD10CM,2025,2.16.840.1.113883.6.90,Eligible Clinicians,Controlling High Blood Pressure,CMS165v14,Not Applicable,14,abdc37cc-bac6-4156-9b91-d1be2c8b7268,Ambulatory,No
Symptom,2.16.840.1.113883.3.464.1003.113.12.1075,Frailty Symptom,20190315,eCQM Update 2025-05-08,Grouping,2.16.840.1.113883.3.464.1003.113.11.1311,Frailty Symptom,SNOMEDCT,2024-09,2.16.840.1.113883.6.96,Eligible Clinicians,Controlling High Blood Pressure,CMS165v14,Not Applicable,14,abdc37cc-bac6-4156-9b91-d1be2c8b7268,Ambulatory,No
Encounter,2.16.840.1.113883.3.526.3.1187,Group Psychotherapy,20210220,eCQM Update 2025-05-08,Grouping,2.16.840.1.113883.3.526.2.1251,Group Psychotherapy,CPT,2025,2.16.840.1.113883.6.12,Eligible Clinicians,Child and Adolescent Major Depressive Disorder (MDD): Suicide Risk Assessment,CMS177v14,Not Applicable,14,848d09de-7e6b-43c4-bedd-5a2957ccffe3,Ambulatory,No
Encounter,2.16.840.1.113883.3.526.3.1187,Group Psychotherapy,20210220,eCQM Update 2025-05-08,Grouping,2.16.840.1.113883.3.526.2.1779,Group Psychotherapy,SNOMEDCT,2024-09,2.16.840.1.113883.6.96,Eligible Clinicians,Child and Adolescent Major Depressive Disorder (MDD): Suicide Risk Assessment,CMS177v14,Not Applicable,14,848d09de-7e6b-43c4-bedd-5a2957ccffe3,Ambulatory,No
Encounter,2.16.840.1.113883.3.464.1003.101.12.1001,Office Visit,20180310,eCQM Update 2025-05-08,Grouping,2.16.840.1.113883.3.464.1003.101.11.1264,Office Visit,SNOMEDCT,2024-09,2.16.840.1.113883.6.96,Eligible Clinicians,Child and Adolescent Major Depressive Disorder (MDD): Suicide Risk Assessment,CMS177v14,Not Applicable,14,848d09de-7e6b-43c4-bedd-5a2957ccffe3,Ambulatory,No
Encounter,2.16.840.1.113883.3.464.1003.101.12.1001,Office Visit,20180310,eCQM Update 2025-05-08,Grouping,2.16.840.1.113883.3.464.1003.101.11.1005,Office Visit,CPT,2025,2.16.840.1.113883.6.12,Eligible Clinicians,Child and Adolescent Major Depressive Disorder (MDD): Suicide Risk Assessment,CMS177v14,Not Applicable,14,848d09de-7e6b-43c4-bedd-5a2957ccffe3,Ambulatory,No
Encounter,2.16.840.1.113883.3.464.1003.101.12.1008,Outpatient Consultation,20240110,eCQM Update 2025-05-08,Grouping,2.16.840.1.113883.3.464.1003.101.11.1266,Outpatient Consultation,SNOMEDCT,2024-09,2.16.840.1.113883.6.96,Eligible Clinicians,Child and Adolescent Major Depressive Disorder (MDD): Suicide Risk Assessment,CMS177v14,Not Applicable,14,848d09de-7e6b-43c4-bedd-5a2957ccffe3,Ambulatory,No
Encounter,2.16.840.1.113883.3.464.1003.101.12.1008,Outpatient Consultation,20240110,eCQM Update 2025-05-08,Grouping,2.16.840.1.113883.3.464.1003.101.11.1040,Outpatient Consultation,CPT,2025,2.16.840.1.113883.6.12,Eligible Clinicians,Child and Adolescent Major Depressive Disorder (MDD): Suicide Risk Assessment,CMS177v14,Not Applicable,14,848d09de-7e6b-43c4-bedd-5a2957ccffe3,Ambulatory,No
Encounter,2.16.840.1.113883.3.526.3.1492,Psych Visit Diagnostic Evaluation,20190315,eCQM Update 2025-05-08,Grouping,2.16.840.1.113883.3.526.2.1923,Psych Visit Diagnostic Evaluation,CPT,2025,2.16.840.1.113883.6.12,Eligible Clinicians,Child and Adolescent Major Depressive Disorder (MDD): Suicide Risk Assessment,CMS177v14,Not Applicable,14,848d09de-7e6b-43c4-bedd-5a2957ccffe3,Ambulatory,No
Encounter,2.16.840.1.113883.3.526.3.1492,Psych Visit Diagnostic Evaluation,20190315,eCQM Update 2025-05-08,Grouping,2.16.840.1.113883.3.526.2.1776,Psych Visit Diagnostic Evaluation,SNOMEDCT,2024-09,2.16.840.1.113883.6.96,Eligible Clinicians,Child and Adolescent Major Depressive Disorder (MDD): Suicide Risk Assessment,CMS177v14,Not Applicable,14,848d09de-7e6b-43c4-bedd-5a2957ccffe3,Ambulatory,No
Encounter,2.16.840.1.113883.3.526.3.1496,Psych Visit Psychotherapy,20190315,eCQM Update 2025-05-08,Grouping,2.16.840.1.113883.3.526.2.1777,Psych Visit Psychotherapy,SNOMEDCT,2024-09,2.16.840.1.113883.6.96,Eligible Clinicians,Child and Adolescent Major Depressive Disorder (MDD): Suicide Risk Assessment,CMS177v14,Not Applicable,14,848d09de-7e6b-43c4-bedd-5a2957ccffe3,Ambulatory,No
Encounter,2.16.840.1.113883.3.526.3.1496,Psych Visit Psychotherapy,20190315,eCQM Update 2025-05-08,Grouping,2.16.840.1.113883.3.526.2.1927,Psych Visit Psychotherapy,CPT,2025,2.16.840.1.113883.6.12,Eligible Clinicians,Child and Adolescent Major Depressive Disorder (MDD): Suicide Risk Assessment,CMS177v14,Not Applicable,14,848d09de-7e6b-43c4-bedd-5a2957ccffe3,Ambulatory,No
Encounter,2.16.840.1.113883.3.526.3.1018,Psych Visit for Family Psychotherapy,20210220,eCQM Update 2025-05-08,Grouping,2.16.840.1.113883.3.526.2.1058,Psych Visit for Family Psychotherapy,CPT,2025,2.16.840.1.113883.6.12,Eligible Clinicians,Child and Adolescent Major Depressive Disorder (MDD): Suicide Risk Assessment,CMS177v14,Not Applicable,14,848d09de-7e6b-43c4-bedd-5a2957ccffe3,Ambulatory,No
Encounter,2.16.840.1.113883.3.526.3.1018,Psych Visit for Family Psychotherapy,20210220,eCQM Update 2025-05-08,Grouping,2.16.840.1.113883.3.526.2.1780,Psych Visit for Family Psychotherapy,SNOMEDCT,2024-09,2.16.840.1.113883.6.96,Eligible Clinicians,Child and Adolescent Major Depressive Disorder (MDD): Suicide Risk Assessment,CMS177v14,Not Applicable,14,848d09de-7e6b-43c4-bedd-5a2957ccffe3,Ambulatory,No
Encounter,2.16.840.1.113883.3.526.3.1141,Psychoanalysis,20190315,eCQM Update 2025-05-08,Grouping,2.16.840.1.113883.3.526.2.1778,Psychoanalysis,SNOMEDCT,2024-09,2.16.840.1.113883.6.96,Eligible Clinicians,Child and Adolescent Major Depressive Disorder (MDD): Suicide Risk Assessment,CMS177v14,Not Applicable,14,848d09de-7e6b-43c4-bedd-5a2957ccffe3,Ambulatory,No
Encounter,2.16.840.1.113883.3.526.3.1141,Psychoanalysis,20190315,eCQM Update 2025-05-08,Grouping,2.16.840.1.113883.3.526.2.1243,Psychoanalysis,CPT,2025,2.16.840.1.113883.6.12,Eligible Clinicians,Child and Adolescent Major Depressive Disorder (MDD): Suicide Risk Assessment,CMS177v14,Not Applicable,14,848d09de-7e6b-43c4-bedd-5a2957ccffe3,Ambulatory,No
Encounter,2.16.840.1.113883.3.464.1003.101.12.1080,Telephone Visits,20250205,eCQM Update 2025-05-08,Grouping,2.16.840.1.113883.3.464.1003.101.11.1260,Telephone Visits,CPT,"2025, 2024",2.16.840.1.113883.6.12,Eligible Clinicians,Child and Adolescent Major Depressive Disorder (MDD): Suicide Risk Assessment,CMS177v14,Not Applicable,14,848d09de-7e6b-43c4-bedd-5a2957ccffe3,Ambulatory,No
Encounter,2.16.840.1.113883.3.464.1003.101.12.1080,Telephone Visits,20250205,eCQM Update 2025-05-08,Grouping,2.16.840.1.113883.3.464.1003.101.11.1287,Telephone Visits,SNOMEDCT,2024-09,2.16.840.1.113883.6.96,Eligible Clinicians,Child and Adolescent Major Depressive Disorder (MDD): Suicide Risk Assessment,CMS177v14,Not Applicable,14,848d09de-7e6b-43c4-bedd-5a2957ccffe3,Ambulatory,No
Individual Characteristic,2.16.840.1.114222.4.11.837,Ethnicity,20121025,eCQM Update 2025-05-08,Extensional,,,CDCREC,1.2,2.16.840.1.113883.6.238,Eligible Clinicians,Child and Adolescent Major Depressive Disorder (MDD): Suicide Risk Assessment,CMS177v14,Not Applicable,14,848d09de-7e6b-43c4-bedd-5a2957ccffe3,Ambulatory,Yes
Individual Characteristic,2.16.840.1.113762.1.4.1021.121,Federal Administrative Sex,20250228,eCQM Update 2025-05-08,Extensional,,,SNOMEDCT,2024-09,2.16.840.1.113883.6.96,Eligible Clinicians,Child and Adolescent Major Depressive Disorder (MDD): Suicide Risk Assessment,CMS177v14,Not Applicable,14,848d09de-7e6b-43c4-bedd-5a2957ccffe3,Ambulatory,Yes
Individual Characteristic,2.16.840.1.114222.4.11.3591,Payer Type,20221118,eCQM Update 2025-05-08,Intensional,,,SOP,9.2,2.16.840.1.113883.3.221.5,Eligible Clinicians,Child and Adolescent Major Depressive Disorder (MDD): Suicide Risk Assessment,CMS177v14,Not Applicable,14,848d09de-7e6b-43c4-bedd-5a2957ccffe3,Ambulatory,Yes
Individual Characteristic,2.16.840.1.114222.4.11.836,Race,20121025,eCQM Update 2025-05-08,Extensional,,,CDCREC,1.2,2.16.840.1.113883.6.238,Eligible Clinicians,Child and Adolescent Major Depressive Disorder (MDD): Suicide Risk Assessment,CMS177v14,Not Applicable,14,848d09de-7e6b-43c4-bedd-5a2957ccffe3,Ambulatory,Yes
,2.16.840.1.113883.3.526.3.1491,Major Depressive Disorder Active,20210220,eCQM Update 2025-05-08,Grouping,2.16.840.1.113883.3.526.2.1912,Major Depressive Disorder Active,SNOMEDCT,2024-09,2.16.840.1.113883.6.96,Eligible Clinicians,Child and Adolescent Major Depressive Disorder (MDD): Suicide Risk Assessment,CMS177v14,Not Applicable,14,848d09de-7e6b-43c4-bedd-5a2957ccffe3,Ambulatory,No
,2.16.840.1.113883.3.526.3.1491,Major Depressive Disorder Active,20210220,eCQM Update 2025-05-08,Grouping,2.16.840.1.113883.3.526.2.1918,Major Depressive Disorder Active,ICD10CM,2025,2.16.840.1.113883.6.90,Eligible Clinicians,Child and Adolescent Major Depressive Disorder (MDD): Suicide Risk Assessment,CMS177v14,Not Applicable,14,848d09de-7e6b-43c4-bedd-5a2957ccffe3,Ambulatory,No
Condition/Diagnosis/Problem,2.16.840.1.113883.3.600.263,Diagnosis of Hypertension,20240206,eCQM Update 2025-05-08,Grouping,2.16.840.1.113883.3.600.261,Diagnosis of Hypertension,ICD10CM,2025,2.16.840.1.113883.6.90,Eligible Clinicians,Preventive Care and Screening Screening for High Blood Pressure and Follow Up Documented,CMS22v14,Not Applicable,14,9a033a94-3d9b-11e1-8634-00237d5bf174,Ambulatory,No
Condition/Diagnosis/Problem,2.16.840.1.113883.3.600.263,Diagnosis of Hypertension,20240206,eCQM Update 2025-05-08,Grouping,2.16.840.1.113883.3.600.259,Diagnosis of Hypertension,SNOMEDCT,2024-09,2.16.840.1.113883.6.96,Eligible Clinicians,Preventive Care and Screening Screening for High Blood Pressure and Follow Up Documented,CMS22v14,Not Applicable,14,9a033a94-3d9b-11e1-8634-00237d5bf174,Ambulatory,No
Encounter,2.16.840.1.113883.3.600.1920,Encounter to Screen for Blood Pressure,20210220,eCQM Update 2025-05-08,Grouping,2.16.840.1.113883.3.600.1918,Encounter to Screen for Blood Pressure,SNOMEDCT,2024-09,2.16.840.1.113883.6.96,Eligible Clinicians,Preventive Care and Screening Screening for High Blood Pressure and Follow Up Documented,CMS22v14,Not Applicable,14,9a033a94-3d9b-11e1-8634-00237d5bf174,Ambulatory,No
Encounter,2.16.840.1.113883.3.600.1920,Encounter to Screen for Blood Pressure,20210220,eCQM Update 2025-05-08,Grouping,2.16.840.1.113883.3.600.1497,Encounter to Screen for Blood Pressure,HCPCS,2025,2.16.840.1.113883.6.285,Eligible Clinicians,Preventive Care and Screening Screening for High Blood Pressure and Follow Up Documented,CMS22v14,Not Applicable,14,9a033a94-3d9b-11e1-8634-00237d5bf174,Ambulatory,No
Encounter,2.16.840.1.113883.3.600.1920,Encounter to Screen for Blood Pressure,20210220,eCQM Update 2025-05-08,Grouping,2.16.840.1.113883.3.600.2466,Dental Tooth Extraction,CDT,2023,2.16.840.1.113883.6.13,Eligible Clinicians,Preventive Care and Screening Screening for High Blood Pressure and Follow Up Documented,CMS22v14,Not Applicable,14,9a033a94-3d9b-11e1-8634-00237d5bf174,Ambulatory,No
Encounter,2.16.840.1.113883.3.600.1920,Encounter to Screen for Blood Pressure,20210220,eCQM Update 2025-05-08,Grouping,2.16.840.1.113883.3.600.192,Encounter to Screen for Blood Pressure,CPT,2025,2.16.840.1.113883.6.12,Eligible Clinicians,Preventive Care and Screening Screening for High Blood Pressure and Follow Up Documented,CMS22v14,Not Applicable,14,9a033a94-3d9b-11e1-8634-00237d5bf174,Ambulatory,No
Encounter,2.16.840.1.113883.3.600.1920,Encounter to Screen for Blood Pressure,20210220,eCQM Update 2025-05-08,Grouping,2.16.840.1.113883.3.464.1003.101.11.1125,"Preventive Care Services Established Office Visit, 18 and Up",CPT,2025,2.16.840.1.113883.6.12,Eligible Clinicians,Preventive Care and Screening Screening for High Blood Pressure and Follow Up Documented,CMS22v14,Not Applicable,14,9a033a94-3d9b-11e1-8634-00237d5bf174,Ambulatory,No
Encounter,2.16.840.1.113883.3.600.1920,Encounter to Screen for Blood Pressure,20210220,eCQM Update 2025-05-08,Grouping,2.16.840.1.113883.3.464.1003.101.11.1115,"Preventive Care Services Initial Office Visit, 18 and Up",CPT,2025,2.16.840.1.113883.6.12,Eligible Clinicians,Preventive Care and Screening Screening for High Blood Pressure and Follow Up Documented,CMS22v14,Not Applicable,14,9a033a94-3d9b-11e1-8634-00237d5bf174,Ambulatory,No
Individual Characteristic,2.16.840.1.114222.4.11.837,Ethnicity,20121025,eCQM Update 2025-05-08,Extensional,,,CDCREC,1.2,2.16.840.1.113883.6.238,Eligible Clinicians,Preventive Care and Screening Screening for High Blood Pressure and Follow Up Documented,CMS22v14,Not Applicable,14,9a033a94-3d9b-11e1-8634-00237d5bf174,Ambulatory,Yes
Individual Characteristic,2.16.840.1.113762.1.4.1021.121,Federal Administrative Sex,20250228,eCQM Update 2025-05-08,Extensional,,,SNOMEDCT,2024-09,2.16.840.1.113883.6.96,Eligible Clinicians,Preventive Care and Screening Screening for High Blood Pressure and Follow Up Documented,CMS22v14,Not Applicable,14,9a033a94-3d9b-11e1-8634-00237d5bf174,Ambulatory,Yes
Individual Characteristic,2.16.840.1.114222.4.11.3591,Payer Type,20221118,eCQM Update 2025-05-08,Intensional,,,SOP,9.2,2.16.840.1.113883.3.221.5,Eligible Clinicians,Preventive Care and Screening Screening for High Blood Pressure and Follow Up Documented,CMS22v14,Not Applicable,14,9a033a94-3d9b-11e1-8634-00237d5bf174,Ambulatory,Yes
Individual Characteristic,2.16.840.1.114222.4.11.836,Race,20121025,eCQM Update 2025-05-08,Extensional,,,CDCREC,1.2,2.16.840.1.113883.6.238,Eligible Clinicians,Preventive Care and Screening Screening for High Blood Pressure and Follow Up Documented,CMS22v14,Not Applicable,14,9a033a94-3d9b-11e1-8634-00237d5bf174,Ambulatory,Yes
Intervention,2.16.840.1.113883.3.600.1515,Dietary Recommendations,20250205,eCQM Update 2025-05-08,Grouping,2.16.840.1.113883.3.600.1512,Dietary Recommendations,HCPCS,2025,2.16.840.1.113883.6.285,Eligible Clinicians,Preventive Care and Screening Screening for High Blood Pressure and Follow Up Documented,CMS22v14,Not Applicable,14,9a033a94-3d9b-11e1-8634-00237d5bf174,Ambulatory,No
Intervention,2.16.840.1.113883.3.600.1515,Dietary Recommendations,20250205,eCQM Update 2025-05-08,Grouping,2.16.840.1.113883.3.600.1511,Dietary Recommendations,SNOMEDCT,2024-09,2.16.840.1.113883.6.96,Eligible Clinicians,Preventive Care and Screening Screening for High Blood Pressure and Follow Up Documented,CMS22v14,Not Applicable,14,9a033a94-3d9b-11e1-8634-00237d5bf174,Ambulatory,No
Intervention,2.16.840.1.113883.3.600.1515,Dietary Recommendations,20250205,eCQM Update 2025-05-08,Grouping,2.16.840.1.113762.1.4.1248.274,Dietary Recommendations,CPT,2025,2.16.840.1.113883.6.12,Eligible Clinicians,Preventive Care and Screening Screening for High Blood Pressure and Follow Up Documented,CMS22v14,Not Applicable,14,9a033a94-3d9b-11e1-8634-00237d5bf174,Ambulatory,No
Intervention,2.16.840.1.113883.3.526.3.1578,Follow Up Within 4 Weeks,20200307,eCQM Update 2025-05-08,Grouping,2.16.840.1.113883.3.600.1537,Follow Up Within 4 Weeks,SNOMEDCT,2024-09,2.16.840.1.113883.6.96,Eligible Clinicians,Preventive Care and Screening Screening for High Blood Pressure and Follow Up Documented,CMS22v14,Not Applicable,14,9a033a94-3d9b-11e1-8634-00237d5bf174,Ambulatory,No
Intervention,2.16.840.1.113762.1.4.1108.125,Follow Up Within 6 Months,20240125,eCQM Update 2025-05-08,Grouping,2.16.840.1.113762.1.4.1108.124,Follow Up Within 6 Months,SNOMEDCT,2024-09,2.16.840.1.113883.6.96,Eligible Clinicians,Preventive Care and Screening Screening for High Blood Pressure and Follow Up Documented,CMS22v14,Not Applicable,14,9a033a94-3d9b-11e1-8634-00237d5bf174,Ambulatory,No
Intervention,2.16.840.1.113883.3.526.3.1581,Lifestyle Recommendation,20200307,eCQM Update 2025-05-08,Grouping,2.16.840.1.113883.3.600.1508,Lifestyle Recommendation,SNOMEDCT,2024-09,2.16.840.1.113883.6.96,Eligible Clinicians,Preventive Care and Screening Screening for High Blood Pressure and Follow Up Documented,CMS22v14,Not Applicable,14,9a033a94-3d9b-11e1-8634-00237d5bf174,Ambulatory,No
Intervention,2.16.840.1.113883.3.600.1518,Recommendation to Increase Physical Activity,20190313,eCQM Update 2025-05-08,Grouping,2.16.840.1.113883.3.600.1516,Exercise Class,HCPCS,2025,2.16.840.1.113883.6.285,Eligible Clinicians,Preventive Care and Screening Screening for High Blood Pressure and Follow Up Documented,CMS22v14,Not Applicable,14,9a033a94-3d9b-11e1-8634-00237d5bf174,Ambulatory,No
Intervention,2.16.840.1.113883.3.600.1518,Recommendation to Increase Physical Activity,20190313,eCQM Update 2025-05-08,Grouping,2.16.840.1.113883.3.600.810,Recommendation to Increase Physical Activity,SNOMEDCT,2024-09,2.16.840.1.113883.6.96,Eligible Clinicians,Preventive Care and Screening Screening for High Blood Pressure and Follow Up Documented,CMS22v14,Not Applicable,14,9a033a94-3d9b-11e1-8634-00237d5bf174,Ambulatory,No
Intervention,2.16.840.1.113883.3.526.3.1583,Referral or Counseling for Alcohol Consumption,20200307,eCQM Update 2025-05-08,Grouping,2.16.840.1.113883.3.600.823,Referral or Counseling for Alcohol Consumption,SNOMEDCT,2024-09,2.16.840.1.113883.6.96,Eligible Clinicians,Preventive Care and Screening Screening for High Blood Pressure and Follow Up Documented,CMS22v14,Not Applicable,14,9a033a94-3d9b-11e1-8634-00237d5bf174,Ambulatory,No
Intervention,2.16.840.1.113883.3.526.3.1580,Referral to Primary Care or Alternate Provider,20210220,eCQM Update 2025-05-08,Grouping,2.16.840.1.113883.3.600.1475,Referral to Primary Care or Alternate Provider,SNOMEDCT,2024-09,2.16.840.1.113883.6.96,Eligible Clinicians,Preventive Care and Screening Screening for High Blood Pressure and Follow Up Documented,CMS22v14,Not Applicable,14,9a033a94-3d9b-11e1-8634-00237d5bf174,Ambulatory,No
Intervention,2.16.840.1.113883.3.600.1510,Weight Reduction Recommended,20210220,eCQM Update 2025-05-08,Grouping,2.16.840.1.113883.3.600.1509,Weight Reduction Recommended,HCPCS,2025,2.16.840.1.113883.6.285,Eligible Clinicians,Preventive Care and Screening Screening for High Blood Pressure and Follow Up Documented,CMS22v14,Not Applicable,14,9a033a94-3d9b-11e1-8634-00237d5bf174,Ambulatory,No
Intervention,2.16.840.1.113883.3.600.1510,Weight Reduction Recommended,20210220,eCQM Update 2025-05-08,Grouping,2.16.840.1.113883.3.600.805,Weight Reduction Recommended,SNOMEDCT,2024-09,2.16.840.1.113883.6.96,Eligible Clinicians,Preventive Care and Screening Screening for High Blood Pressure and Follow Up Documented,CMS22v14,Not Applicable,14,9a033a94-3d9b-11e1-8634-00237d5bf174,Ambulatory,No
Laboratory Test,2.16.840.1.113883.3.600.1482,Laboratory Tests for Hypertension,20170504,eCQM Update 2025-05-08,Grouping,2.16.840.1.113883.3.600.2462,Laboratory Tests for Hypertension,LOINC,2.78,2.16.840.1.113883.6.1,Eligible Clinicians,Preventive Care and Screening Screening for High Blood Pressure and Follow Up Documented,CMS22v14,Not Applicable,14,9a033a94-3d9b-11e1-8634-00237d5bf174,Ambulatory,No
Medication,2.16.840.1.113883.3.526.1577,Pharmacologic Therapy for Hypertension,20210220,eCQM Update 2025-05-08,Grouping,2.16.840.1.113883.3.600.1476,Pharmacologic Therapy for Hypertension,RXNORM,2025-01,2.16.840.1.113883.6.88,Eligible Clinicians,Preventive Care and Screening Screening for High Blood Pressure and Follow Up Documented,CMS22v14,Not Applicable,14,9a033a94-3d9b-11e1-8634-00237d5bf174,Ambulatory,No
,2.16.840.1.113762.1.4.1047.514,Finding of Elevated Blood Pressure or Hypertension,20190313,eCQM Update 2025-05-08,Grouping,2.16.840.1.113762.1.4.1047.513,Elevated Blood Pressure Reading,SNOMEDCT,2024-09,2.16.840.1.113883.6.96,Eligible Clinicians,Preventive Care and Screening Screening for High Blood Pressure and Follow Up Documented,CMS22v14,Not Applicable,14,9a033a94-3d9b-11e1-8634-00237d5bf174,Ambulatory,No
,2.16.840.1.113762.1.4.1047.514,Finding of Elevated Blood Pressure or Hypertension,20190313,eCQM Update 2025-05-08,Grouping,2.16.840.1.113762.1.4.1047.512,Elevated Blood Pressure Reading,ICD10CM,2025,2.16.840.1.113883.6.90,Eligible Clinicians,Preventive Care and Screening Screening for High Blood Pressure and Follow Up Documented,CMS22v14,Not Applicable,14,9a033a94-3d9b-11e1-8634-00237d5bf174,Ambulatory,No
,2.16.840.1.113762.1.4.1047.514,Finding of Elevated Blood Pressure or Hypertension,20190313,eCQM Update 2025-05-08,Grouping,2.16.840.1.113883.3.600.2395,Finding of Hypertension,SNOMEDCT,2024-09,2.16.840.1.113883.6.96,Eligible Clinicians,Preventive Care and Screening Screening for High Blood Pressure and Follow Up Documented,CMS22v14,Not Applicable,14,9a033a94-3d9b-11e1-8634-00237d5bf174,Ambulatory,No
,2.16.840.1.113883.3.526.3.1007,Medical Reason,20170504,eCQM Update 2025-05-08,Grouping,2.16.840.1.113883.3.526.2.313,Medical Reason,SNOMEDCT,2024-09,2.16.840.1.113883.6.96,Eligible Clinicians,Preventive Care and Screening Screening for High Blood Pressure and Follow Up Documented,CMS22v14,Not Applicable,14,9a033a94-3d9b-11e1-8634-00237d5bf174,Ambulatory,No
,2.16.840.1.113883.3.526.3.1582,Patient Declined,20200307,eCQM Update 2025-05-08,Grouping,2.16.840.1.113883.3.600.791,Patient Declined,SNOMEDCT,2024-09,2.16.840.1.113883.6.96,Eligible Clinicians,Preventive Care and Screening Screening for High Blood Pressure and Follow Up Documented,CMS22v14,Not Applicable,14,9a033a94-3d9b-11e1-8634-00237d5bf174,Ambulatory,No
Condition/Diagnosis/Problem,2.16.840.1.113883.3.67.1.101.1.128,Bipolar Disorder,20240214,eCQM Update 2025-05-08,Grouping,2.16.840.1.113883.3.67.1.101.1.45,Bipolar Disorder,ICD10CM,2025,2.16.840.1.113883.6.90,Eligible Clinicians,Preventive Care and Screening: Screening for Depression and Follow-Up Plan,CMS2v15,Not Applicable,15,9a031e24-3d9b-11e1-8634-00237d5bf174,Ambulatory,No
Condition/Diagnosis/Problem,2.16.840.1.113883.3.67.1.101.1.128,Bipolar Disorder,20240214,eCQM Update 2025-05-08,Grouping,2.16.840.1.113883.3.67.1.101.1.44,Bipolar Disorder,SNOMEDCT,2024-09,2.16.840.1.113883.6.96,Eligible Clinicians,Preventive Care and Screening: Screening for Depression and Follow-Up Plan,CMS2v15,Not Applicable,15,9a031e24-3d9b-11e1-8634-00237d5bf174,Ambulatory,No
Encounter,2.16.840.1.113883.3.600.1916,Encounter to Screen for Depression,20210220,eCQM Update 2025-05-08,Grouping,2.16.840.1.113883.3.464.1003.101.11.1115,"Preventive Care Services Initial Office Visit, 18 and Up",CPT,2025,2.16.840.1.113883.6.12,Eligible Clinicians,Preventive Care and Screening: Screening for Depression and Follow-Up Plan,CMS2v15,Not Applicable,15,9a031e24-3d9b-11e1-8634-00237d5bf174,Ambulatory,No
Encounter,2.16.840.1.113883.3.600.1916,Encounter to Screen for Depression,20210220,eCQM Update 2025-05-08,Grouping,2.16.840.1.113883.3.600.1538,Encounter to Screen for Depression,CPT,2025,2.16.840.1.113883.6.12,Eligible Clinicians,Preventive Care and Screening: Screening for Depression and Follow-Up Plan,CMS2v15,Not Applicable,15,9a031e24-3d9b-11e1-8634-00237d5bf174,Ambulatory,No
Encounter,2.16.840.1.113883.3.600.1916,Encounter to Screen for Depression,20210220,eCQM Update 2025-05-08,Grouping,2.16.840.1.113883.3.600.1914,Encounter to Screen for Depression,SNOMEDCT,2024-09,2.16.840.1.113883.6.96,Eligible Clinicians,Preventive Care and Screening: Screening for Depression and Follow-Up Plan,CMS2v15,Not Applicable,15,9a031e24-3d9b-11e1-8634-00237d5bf174,Ambulatory,No
Encounter,2.16.840.1.113883.3.600.1916,Encounter to Screen for Depression,20210220,eCQM Update 2025-05-08,Grouping,2.16.840.1.113883.3.464.1003.101.11.1125,"Preventive Care Services Established Office Visit, 18 and Up",CPT,2025,2.16.840.1.113883.6.12,Eligible Clinicians,Preventive Care and Screening: Screening for Depression and Follow-Up Plan,CMS2v15,Not Applicable,15,9a031e24-3d9b-11e1-8634-00237d5bf174,Ambulatory,No
Encounter,2.16.840.1.113883.3.600.1916,Encounter to Screen for Depression,20210220,eCQM Update 2025-05-08,Grouping,2.16.840.1.113883.3.600.1915,Encounter to Screen for Depression,HCPCS,2025,2.16.840.1.113883.6.285,Eligible Clinicians,Preventive Care and Screening: Screening for Depression and Follow-Up Plan,CMS2v15,Not Applicable,15,9a031e24-3d9b-11e1-8634-00237d5bf174,Ambulatory,No
Encounter,2.16.840.1.113883.3.526.3.1022,Physical Therapy Evaluation,20200306,eCQM Update 2025-05-08,Grouping,2.16.840.1.113883.3.526.2.1782,Physical Therapy Evaluation,SNOMEDCT,2024-09,2.16.840.1.113883.6.96,Eligible Clinicians,Preventive Care and Screening: Screening for Depression and Follow-Up Plan,CMS2v15,Not Applicable,15,9a031e24-3d9b-11e1-8634-00237d5bf174,Ambulatory,No
Encounter,2.16.840.1.113883.3.526.3.1022,Physical Therapy Evaluation,20200306,eCQM Update 2025-05-08,Grouping,2.16.840.1.113883.3.526.2.1062,Physical Therapy Evaluation,CPT,2025,2.16.840.1.113883.6.12,Eligible Clinicians,Preventive Care and Screening: Screening for Depression and Follow-Up Plan,CMS2v15,Not Applicable,15,9a031e24-3d9b-11e1-8634-00237d5bf174,Ambulatory,No
Encounter,2.16.840.1.113883.3.464.1003.101.12.1080,Telephone Visits,20250205,eCQM Update 2025-05-08,Grouping,2.16.840.1.113883.3.464.1003.101.11.1287,Telephone Visits,SNOMEDCT,2024-09,2.16.840.1.113883.6.96,Eligible Clinicians,Preventive Care and Screening: Screening for Depression and Follow-Up Plan,CMS2v15,Not Applicable,15,9a031e24-3d9b-11e1-8634-00237d5bf174,Ambulatory,No
Encounter,2.16.840.1.113883.3.464.1003.101.12.1080,Telephone Visits,20250205,eCQM Update 2025-05-08,Grouping,2.16.840.1.113883.3.464.1003.101.11.1260,Telephone Visits,CPT,"2025, 2024",2.16.840.1.113883.6.12,Eligible Clinicians,Preventive Care and Screening: Screening for Depression and Follow-Up Plan,CMS2v15,Not Applicable,15,9a031e24-3d9b-11e1-8634-00237d5bf174,Ambulatory,No
Individual Characteristic,2.16.840.1.114222.4.11.837,Ethnicity,20121025,eCQM Update 2025-05-08,Extensional,,,CDCREC,1.2,2.16.840.1.113883.6.238,Eligible Clinicians,Preventive Care and Screening: Screening for Depression and Follow-Up Plan,CMS2v15,Not Applicable,15,9a031e24-3d9b-11e1-8634-00237d5bf174,Ambulatory,Yes
Individual Characteristic,2.16.840.1.113762.1.4.1021.121,Federal Administrative Sex,20250228,eCQM Update 2025-05-08,Extensional,,,SNOMEDCT,2024-09,2.16.840.1.113883.6.96,Eligible Clinicians,Preventive Care and Screening: Screening for Depression and Follow-Up Plan,CMS2v15,Not Applicable,15,9a031e24-3d9b-11e1-8634-00237d5bf174,Ambulatory,Yes
Individual Characteristic,2.16.840.1.114222.4.11.3591,Payer Type,20221118,eCQM Update 2025-05-08,Intensional,,,SOP,9.2,2.16.840.1.113883.3.221.5,Eligible Clinicians,Preventive Care and Screening: Screening for Depression and Follow-Up Plan,CMS2v15,Not Applicable,15,9a031e24-3d9b-11e1-8634-00237d5bf174,Ambulatory,Yes
Individual Characteristic,2.16.840.1.114222.4.11.836,Race,20121025,eCQM Update 2025-05-08,Extensional,,,CDCREC,1.2,2.16.840.1.113883.6.238,Eligible Clinicians,Preventive Care and Screening: Screening for Depression and Follow-Up Plan,CMS2v15,Not Applicable,15,9a031e24-3d9b-11e1-8634-00237d5bf174,Ambulatory,Yes
Intervention,2.16.840.1.113883.3.526.3.1569,Follow Up for Adolescent Depression,20210220,eCQM Update 2025-05-08,Grouping,2.16.840.1.113883.3.600.467,Follow Up for Adolescent Depression,SNOMEDCT,2024-09,2.16.840.1.113883.6.96,Eligible Clinicians,Preventive Care and Screening: Screening for Depression and Follow-Up Plan,CMS2v15,Not Applicable,15,9a031e24-3d9b-11e1-8634-00237d5bf174,Ambulatory,No
Intervention,2.16.840.1.113883.3.526.3.1568,Follow Up for Adult Depression,20210220,eCQM Update 2025-05-08,Grouping,2.16.840.1.113883.3.600.468,Follow Up for Adult Depression,SNOMEDCT,2024-09,2.16.840.1.113883.6.96,Eligible Clinicians,Preventive Care and Screening: Screening for Depression and Follow-Up Plan,CMS2v15,Not Applicable,15,9a031e24-3d9b-11e1-8634-00237d5bf174,Ambulatory,No
Intervention,2.16.840.1.113883.3.526.3.1570,Referral for Adolescent Depression,20200307,eCQM Update 2025-05-08,Grouping,2.16.840.1.113883.3.600.537,Referral for Adolescent Depression,SNOMEDCT,2024-09,2.16.840.1.113883.6.96,Eligible Clinicians,Preventive Care and Screening: Screening for Depression and Follow-Up Plan,CMS2v15,Not Applicable,15,9a031e24-3d9b-11e1-8634-00237d5bf174,Ambulatory,No
Intervention,2.16.840.1.113883.3.526.3.1571,Referral for Adult Depression,20200307,eCQM Update 2025-05-08,Grouping,2.16.840.1.113883.3.600.538,Referral for Adult Depression,SNOMEDCT,2024-09,2.16.840.1.113883.6.96,Eligible Clinicians,Preventive Care and Screening: Screening for Depression and Follow-Up Plan,CMS2v15,Not Applicable,15,9a031e24-3d9b-11e1-8634-00237d5bf174,Ambulatory,No
Medication,2.16.840.1.113883.3.526.3.1567,Adolescent Depression Medications,20210220,eCQM Update 2025-05-08,Grouping,2.16.840.1.113883.3.600.469,Adolescent Depression Medications,RXNORM,2025-01,2.16.840.1.113883.6.88,Eligible Clinicians,Preventive Care and Screening: Screening for Depression and Follow-Up Plan,CMS2v15,Not Applicable,15,9a031e24-3d9b-11e1-8634-00237d5bf174,Ambulatory,No
Medication,2.16.840.1.113883.3.526.3.1566,Adult Depression Medications,20210220,eCQM Update 2025-05-08,Grouping,2.16.840.1.113883.3.600.470,Adult Depression Medications,RXNORM,2025-01,2.16.840.1.113883.6.88,Eligible Clinicians,Preventive Care and Screening: Screening for Depression and Follow-Up Plan,CMS2v15,Not Applicable,15,9a031e24-3d9b-11e1-8634-00237d5bf174,Ambulatory,No
,2.16.840.1.113883.3.526.3.1007,Medical Reason,20170504,eCQM Update 2025-05-08,Grouping,2.16.840.1.113883.3.526.2.313,Medical Reason,SNOMEDCT,2024-09,2.16.840.1.113883.6.96,Eligible Clinicians,Preventive Care and Screening: Screening for Depression and Follow-Up Plan,CMS2v15,Not Applicable,15,9a031e24-3d9b-11e1-8634-00237d5bf174,Ambulatory,No
Condition/Diagnosis/Problem,2.16.840.1.113883.3.464.1003.120.12.1003,HIV,20240106,eCQM Update 2025-05-08,Grouping,2.16.840.1.113883.3.464.1003.120.11.1008,HIV 2,SNOMEDCT,2024-09,2.16.840.1.113883.6.96,Eligible Clinicians,HIV Viral Suppression,CMS314v3,Not Applicable,3,9e0a7673-bae5-400a-8e3b-19029cac288a,Ambulatory,No
Condition/Diagnosis/Problem,2.16.840.1.113883.3.464.1003.120.12.1003,HIV,20240106,eCQM Update 2025-05-08,Grouping,2.16.840.1.113883.3.464.1003.120.11.1007,HIV 1,ICD10CM,2025,2.16.840.1.113883.6.90,Eligible Clinicians,HIV Viral Suppression,CMS314v3,Not Applicable,3,9e0a7673-bae5-400a-8e3b-19029cac288a,Ambulatory,No
Condition/Diagnosis/Problem,2.16.840.1.113883.3.464.1003.120.12.1003,HIV,20240106,eCQM Update 2025-05-08,Grouping,2.16.840.1.113883.3.464.1003.120.11.1010,HIV 2,ICD10CM,2025,2.16.840.1.113883.6.90,Eligible Clinicians,HIV Viral Suppression,CMS314v3,Not Applicable,3,9e0a7673-bae5-400a-8e3b-19029cac288a,Ambulatory,No
Condition/Diagnosis/Problem,2.16.840.1.113883.3.464.1003.120.12.1003,HIV,20240106,eCQM Update 2025-05-08,Grouping,2.16.840.1.113883.3.464.1003.120.11.1005,HIV 1,SNOMEDCT,"2024-09, 2021-09, 2020-09, 2018-09, 2018-03",2.16.840.1.113883.6.96,Eligible Clinicians,HIV Viral Suppression,CMS314v3,Not Applicable,3,9e0a7673-bae5-400a-8e3b-19029cac288a,Ambulatory,No
Encounter,2.16.840.1.113883.3.526.3.1240,Annual Wellness Visit,20190315,eCQM Update 2025-05-08,Grouping,2.16.840.1.113883.3.526.2.1772,Annual Wellness Visit,SNOMEDCT,2024-09,2.16.840.1.113883.6.96,Eligible Clinicians,HIV Viral Suppression,CMS314v3,Not Applicable,3,9e0a7673-bae5-400a-8e3b-19029cac288a,Ambulatory,No
Encounter,2.16.840.1.113883.3.526.3.1240,Annual Wellness Visit,20190315,eCQM Update 2025-05-08,Grouping,2.16.840.1.113883.3.526.2.1363,Annual Wellness Visit,HCPCS,2025,2.16.840.1.113883.6.285,Eligible Clinicians,HIV Viral Suppression,CMS314v3,Not Applicable,3,9e0a7673-bae5-400a-8e3b-19029cac288a,Ambulatory,No
Encounter,2.16.840.1.113762.1.4.1248.375,Face to Face Interaction,20250325,eCQM Update 2025-05-08,Grouping,2.16.840.1.113762.1.4.1248.374,Face to Face Interaction,SNOMEDCT,2024-09,2.16.840.1.113883.6.96,Eligible Clinicians,HIV Viral Suppression,CMS314v3,Not Applicable,3,9e0a7673-bae5-400a-8e3b-19029cac288a,Ambulatory,No
Encounter,2.16.840.1.113883.3.464.1003.101.12.1016,Home Healthcare Services,20240110,eCQM Update 2025-05-08,Grouping,2.16.840.1.113883.3.464.1003.101.11.1080,Home Healthcare Services,CPT,2025,2.16.840.1.113883.6.12,Eligible Clinicians,HIV Viral Suppression,CMS314v3,Not Applicable,3,9e0a7673-bae5-400a-8e3b-19029cac288a,Ambulatory,No
Encounter,2.16.840.1.113883.3.464.1003.101.12.1016,Home Healthcare Services,20240110,eCQM Update 2025-05-08,Grouping,2.16.840.1.113883.3.464.1003.101.11.1265,Home Healthcare Services,SNOMEDCT,2024-09,2.16.840.1.113883.6.96,Eligible Clinicians,HIV Viral Suppression,CMS314v3,Not Applicable,3,9e0a7673-bae5-400a-8e3b-19029cac288a,Ambulatory,No
Encounter,2.16.840.1.113883.3.464.1003.101.12.1001,Office Visit,20180310,eCQM Update 2025-05-08,Grouping,2.16.840.1.113883.3.464.1003.101.11.1005,Office Visit,CPT,2025,2.16.840.1.113883.6.12,Eligible Clinicians,HIV Viral Suppression,CMS314v3,Not Applicable,3,9e0a7673-bae5-400a-8e3b-19029cac288a,Ambulatory,No
Encounter,2.16.840.1.113883.3.464.1003.101.12.1001,Office Visit,20180310,eCQM Update 2025-05-08,Grouping,2.16.840.1.113883.3.464.1003.101.11.1264,Office Visit,SNOMEDCT,2024-09,2.16.840.1.113883.6.96,Eligible Clinicians,HIV Viral Suppression,CMS314v3,Not Applicable,3,9e0a7673-bae5-400a-8e3b-19029cac288a,Ambulatory,No
Encounter,2.16.840.1.113883.3.464.1003.101.12.1008,Outpatient Consultation,20240110,eCQM Update 2025-05-08,Grouping,2.16.840.1.113883.3.464.1003.101.11.1266,Outpatient Consultation,SNOMEDCT,2024-09,2.16.840.1.113883.6.96,Eligible Clinicians,HIV Viral Suppression,CMS314v3,Not Applicable,3,9e0a7673-bae5-400a-8e3b-19029cac288a,Ambulatory,No
Encounter,2.16.840.1.113883.3.464.1003.101.12.1008,Outpatient Consultation,20240110,eCQM Update 2025-05-08,Grouping,2.16.840.1.113883.3.464.1003.101.11.1040,Outpatient Consultation,CPT,2025,2.16.840.1.113883.6.12,Eligible Clinicians,HIV Viral Suppression,CMS314v3,Not Applicable,3,9e0a7673-bae5-400a-8e3b-19029cac288a,Ambulatory,No
Encounter,2.16.840.1.113883.3.464.1003.101.12.1025,"Preventive Care Services Established Office Visit, 18 and Up",20170504,eCQM Update 2025-05-08,Grouping,2.16.840.1.113883.3.464.1003.101.11.1125,"Preventive Care Services Established Office Visit, 18 and Up",CPT,2025,2.16.840.1.113883.6.12,Eligible Clinicians,HIV Viral Suppression,CMS314v3,Not Applicable,3,9e0a7673-bae5-400a-8e3b-19029cac288a,Ambulatory,No
Encounter,2.16.840.1.113883.3.464.1003.101.12.1023,"Preventive Care Services Initial Office Visit, 18 and Up",20170504,eCQM Update 2025-05-08,Grouping,2.16.840.1.113883.3.464.1003.101.11.1115,"Preventive Care Services Initial Office Visit, 18 and Up",CPT,2025,2.16.840.1.113883.6.12,Eligible Clinicians,HIV Viral Suppression,CMS314v3,Not Applicable,3,9e0a7673-bae5-400a-8e3b-19029cac288a,Ambulatory,No
Encounter,2.16.840.1.113883.3.464.1003.101.12.1022,"Preventive Care Services, Initial Office Visit, 0 to 17",20170504,eCQM Update 2025-05-08,Grouping,2.16.840.1.113883.3.464.1003.101.11.1110,"Preventive Care, Initial Office Visit, 0 to 17",CPT,2025,2.16.840.1.113883.6.12,Eligible Clinicians,HIV Viral Suppression,CMS314v3,Not Applicable,3,9e0a7673-bae5-400a-8e3b-19029cac288a,Ambulatory,No
Encounter,2.16.840.1.113883.3.464.1003.101.12.1024,"Preventive Care, Established Office Visit, 0 to 17",20170504,eCQM Update 2025-05-08,Grouping,2.16.840.1.113883.3.464.1003.101.11.1120,"Preventive Care, Established Office Visit, 0 to 17",CPT,2025,2.16.840.1.113883.6.12,Eligible Clinicians,HIV Viral Suppression,CMS314v3,Not Applicable,3,9e0a7673-bae5-400a-8e3b-19029cac288a,Ambulatory,No
Encounter,2.16.840.1.113883.3.464.1003.101.12.1080,Telephone Visits,20250205,eCQM Update 2025-05-08,Grouping,2.16.840.1.113883.3.464.1003.101.11.1287,Telephone Visits,SNOMEDCT,2024-09,2.16.840.1.113883.6.96,Eligible Clinicians,HIV Viral Suppression,CMS314v3,Not Applicable,3,9e0a7673-bae5-400a-8e3b-19029cac288a,Ambulatory,No
Encounter,2.16.840.1.113883.3.464.1003.101.12.1080,Telephone Visits,20250205,eCQM Update 2025-05-08,Grouping,2.16.840.1.113883.3.464.1003.101.11.1260,Telephone Visits,CPT,"2025, 2024",2.16.840.1.113883.6.12,Eligible Clinicians,HIV Viral Suppression,CMS314v3,Not Applicable,3,9e0a7673-bae5-400a-8e3b-19029cac288a,Ambulatory,No
Individual Characteristic,2.16.840.1.114222.4.11.837,Ethnicity,20121025,eCQM Update 2025-05-08,Extensional,,,CDCREC,1.2,2.16.840.1.113883.6.238,Eligible Clinicians,HIV Viral Suppression,CMS314v3,Not Applicable,3,9e0a7673-bae5-400a-8e3b-19029cac288a,Ambulatory,Yes
Individual Characteristic,2.16.840.1.113762.1.4.1021.121,Federal Administrative Sex,20250228,eCQM Update 2025-05-08,Extensional,,,SNOMEDCT,2024-09,2.16.840.1.113883.6.96,Eligible Clinicians,HIV Viral Suppression,CMS314v3,Not Applicable,3,9e0a7673-bae5-400a-8e3b-19029cac288a,Ambulatory,Yes
Individual Characteristic,2.16.840.1.114222.4.11.3591,Payer Type,20221118,eCQM Update 2025-05-08,Intensional,,,SOP,9.2,2.16.840.1.113883.3.221.5,Eligible Clinicians,HIV Viral Suppression,CMS314v3,Not Applicable,3,9e0a7673-bae5-400a-8e3b-19029cac288a,Ambulatory,Yes
Individual Characteristic,2.16.840.1.114222.4.11.836,Race,20121025,eCQM Update 2025-05-08,Extensional,,,CDCREC,1.2,2.16.840.1.113883.6.238,Eligible Clinicians,HIV Viral Suppression,CMS314v3,Not Applicable,3,9e0a7673-bae5-400a-8e3b-19029cac288a,Ambulatory,Yes
Laboratory Test,2.16.840.1.113762.1.4.1248.377,HIV Viral Load Tests,20250328,eCQM Update 2025-05-08,Grouping,2.16.840.1.113762.1.4.1248.376,HIV Viral Load Tests,LOINC,2.78,2.16.840.1.113883.6.1,Eligible Clinicians,HIV Viral Suppression,CMS314v3,Not Applicable,3,9e0a7673-bae5-400a-8e3b-19029cac288a,Ambulatory,No
"Adverse Event, Allergy/Intolerance",2.16.840.1.113762.1.4.1110.42,Statin Allergen,20210220,eCQM Update 2025-05-08,Grouping,2.16.840.1.113883.3.117.1.7.1.423,Statin Allergen,RXNORM,2025-01,2.16.840.1.113883.6.88,Eligible Clinicians,Statin Therapy for the Prevention and Treatment of Cardiovascular Disease,CMS347v9,Not Applicable,9,5375d6a9-203b-4fff-b851-afa9b68d2ac2,Ambulatory,No
"Adverse Event, Allergy/Intolerance",2.16.840.1.113762.1.4.1110.42,Statin Allergen,20210220,eCQM Update 2025-05-08,Grouping,2.16.840.1.113762.1.4.1110.41,Statin Allergen,SNOMEDCT,2024-09,2.16.840.1.113883.6.96,Eligible Clinicians,Statin Therapy for the Prevention and Treatment of Cardiovascular Disease,CMS347v9,Not Applicable,9,5375d6a9-203b-4fff-b851-afa9b68d2ac2,Ambulatory,No
Condition/Diagnosis/Problem,2.16.840.1.113762.1.4.1047.21,Atherosclerosis and Peripheral Arterial Disease,20240208,eCQM Update 2025-05-08,Grouping,2.16.840.1.113762.1.4.1047.19,Atherosclerosis and Peripheral Arterial Disease,ICD10CM,2025,2.16.840.1.113883.6.90,Eligible Clinicians,Statin Therapy for the Prevention and Treatment of Cardiovascular Disease,CMS347v9,Not Applicable,9,5375d6a9-203b-4fff-b851-afa9b68d2ac2,Ambulatory,No
Condition/Diagnosis/Problem,2.16.840.1.113762.1.4.1047.21,Atherosclerosis and Peripheral Arterial Disease,20240208,eCQM Update 2025-05-08,Grouping,2.16.840.1.113762.1.4.1047.20,Atherosclerosis and Peripheral Arterial Disease,SNOMEDCT,2024-09,2.16.840.1.113883.6.96,Eligible Clinicians,Statin Therapy for the Prevention and Treatment of Cardiovascular Disease,CMS347v9,Not Applicable,9,5375d6a9-203b-4fff-b851-afa9b68d2ac2,Ambulatory,No
Condition/Diagnosis/Problem,2.16.840.1.113762.1.4.1047.73,Breastfeeding,20210220,eCQM Update 2025-05-08,Grouping,2.16.840.1.113762.1.4.1047.10,Breastfeeding,SNOMEDCT,2024-09,2.16.840.1.113883.6.96,Eligible Clinicians,Statin Therapy for the Prevention and Treatment of Cardiovascular Disease,CMS347v9,Not Applicable,9,5375d6a9-203b-4fff-b851-afa9b68d2ac2,Ambulatory,No
Condition/Diagnosis/Problem,2.16.840.1.113762.1.4.1047.73,Breastfeeding,20210220,eCQM Update 2025-05-08,Grouping,2.16.840.1.113762.1.4.1047.67,Breastfeeding,ICD10CM,2025,2.16.840.1.113883.6.90,Eligible Clinicians,Statin Therapy for the Prevention and Treatment of Cardiovascular Disease,CMS347v9,Not Applicable,9,5375d6a9-203b-4fff-b851-afa9b68d2ac2,Ambulatory,No
Condition/Diagnosis/Problem,2.16.840.1.113762.1.4.1047.44,Cerebrovascular Disease Stroke or TIA,20240208,eCQM Update 2025-05-08,Grouping,2.16.840.1.113762.1.4.1047.71,Cerebrovascular Disease Stroke or TIA,SNOMEDCT,2024-09,2.16.840.1.113883.6.96,Eligible Clinicians,Statin Therapy for the Prevention and Treatment of Cardiovascular Disease,CMS347v9,Not Applicable,9,5375d6a9-203b-4fff-b851-afa9b68d2ac2,Ambulatory,No
Condition/Diagnosis/Problem,2.16.840.1.113762.1.4.1047.44,Cerebrovascular Disease Stroke or TIA,20240208,eCQM Update 2025-05-08,Grouping,2.16.840.1.113762.1.4.1047.39,Cerebrovascular Disease Stroke or TIA,ICD10CM,2025,2.16.840.1.113883.6.90,Eligible Clinicians,Statin Therapy for the Prevention and Treatment of Cardiovascular Disease,CMS347v9,Not Applicable,9,5375d6a9-203b-4fff-b851-afa9b68d2ac2,Ambulatory,No
Condition/Diagnosis/Problem,2.16.840.1.113883.3.464.1003.103.12.1001,Diabetes,20250115,eCQM Update 2025-05-08,Grouping,2.16.840.1.113883.3.464.1003.1272,Diabetes,ICD10CM,2025,2.16.840.1.113883.6.90,Eligible Clinicians,Statin Therapy for the Prevention and Treatment of Cardiovascular Disease,CMS347v9,Not Applicable,9,5375d6a9-203b-4fff-b851-afa9b68d2ac2,Ambulatory,No
Condition/Diagnosis/Problem,2.16.840.1.113883.3.464.1003.103.12.1001,Diabetes,20250115,eCQM Update 2025-05-08,Grouping,2.16.840.1.113883.3.464.1003.1273,Diabetes,SNOMEDCT,2024-09,2.16.840.1.113883.6.96,Eligible Clinicians,Statin Therapy for the Prevention and Treatment of Cardiovascular Disease,CMS347v9,Not Applicable,9,5375d6a9-203b-4fff-b851-afa9b68d2ac2,Ambulatory,No
Condition/Diagnosis/Problem,2.16.840.1.113883.3.526.3.353,End Stage Renal Disease,20200307,eCQM Update 2025-05-08,Grouping,2.16.840.1.113883.3.526.2.590,End Stage Renal Disease,SNOMEDCT,2024-09,2.16.840.1.113883.6.96,Eligible Clinicians,Statin Therapy for the Prevention and Treatment of Cardiovascular Disease,CMS347v9,Not Applicable,9,5375d6a9-203b-4fff-b851-afa9b68d2ac2,Ambulatory,No
Condition/Diagnosis/Problem,2.16.840.1.113883.3.526.3.353,End Stage Renal Disease,20200307,eCQM Update 2025-05-08,Grouping,2.16.840.1.113883.3.526.2.589,End Stage Renal Disease,ICD10CM,2025,2.16.840.1.113883.6.90,Eligible Clinicians,Statin Therapy for the Prevention and Treatment of Cardiovascular Disease,CMS347v9,Not Applicable,9,5375d6a9-203b-4fff-b851-afa9b68d2ac2,Ambulatory,No
Condition/Diagnosis/Problem,2.16.840.1.113762.1.4.1047.100,Familial Hypercholesterolemia,20210220,eCQM Update 2025-05-08,Grouping,2.16.840.1.113762.1.4.1047.91,Familial Hypercholesterolemia,ICD10CM,2025,2.16.840.1.113883.6.90,Eligible Clinicians,Statin Therapy for the Prevention and Treatment of Cardiovascular Disease,CMS347v9,Not Applicable,9,5375d6a9-203b-4fff-b851-afa9b68d2ac2,Ambulatory,No
Condition/Diagnosis/Problem,2.16.840.1.113762.1.4.1047.100,Familial Hypercholesterolemia,20210220,eCQM Update 2025-05-08,Grouping,2.16.840.1.113762.1.4.1047.85,Familial Hypercholesterolemia,SNOMEDCT,2024-09,2.16.840.1.113883.6.96,Eligible Clinicians,Statin Therapy for the Prevention and Treatment of Cardiovascular Disease,CMS347v9,Not Applicable,9,5375d6a9-203b-4fff-b851-afa9b68d2ac2,Ambulatory,No
Condition/Diagnosis/Problem,2.16.840.1.113883.3.464.1003.110.12.1024,Hepatitis A,20170504,eCQM Update 2025-05-08,Grouping,2.16.840.1.113883.3.464.1003.110.11.1070,Hepatitis A,ICD10CM,2025,2.16.840.1.113883.6.90,Eligible Clinicians,Statin Therapy for the Prevention and Treatment of Cardiovascular Disease,CMS347v9,Not Applicable,9,5375d6a9-203b-4fff-b851-afa9b68d2ac2,Ambulatory,No
Condition/Diagnosis/Problem,2.16.840.1.113883.3.464.1003.110.12.1024,Hepatitis A,20170504,eCQM Update 2025-05-08,Grouping,2.16.840.1.113883.3.464.1003.110.11.1068,Hepatitis A,SNOMEDCT,"2024-09, 2023-03",2.16.840.1.113883.6.96,Eligible Clinicians,Statin Therapy for the Prevention and Treatment of Cardiovascular Disease,CMS347v9,Not Applicable,9,5375d6a9-203b-4fff-b851-afa9b68d2ac2,Ambulatory,No
Condition/Diagnosis/Problem,2.16.840.1.113883.3.67.1.101.1.269,Hepatitis B,20170825,eCQM Update 2025-05-08,Grouping,2.16.840.1.113883.3.67.1.101.1.271,Hepatitis B,ICD10CM,2025,2.16.840.1.113883.6.90,Eligible Clinicians,Statin Therapy for the Prevention and Treatment of Cardiovascular Disease,CMS347v9,Not Applicable,9,5375d6a9-203b-4fff-b851-afa9b68d2ac2,Ambulatory,No
Condition/Diagnosis/Problem,2.16.840.1.113883.3.67.1.101.1.269,Hepatitis B,20170825,eCQM Update 2025-05-08,Grouping,2.16.840.1.113883.3.67.1.101.1.272,Hepatitis B,SNOMEDCT,2024-09,2.16.840.1.113883.6.96,Eligible Clinicians,Statin Therapy for the Prevention and Treatment of Cardiovascular Disease,CMS347v9,Not Applicable,9,5375d6a9-203b-4fff-b851-afa9b68d2ac2,Ambulatory,No
Condition/Diagnosis/Problem,2.16.840.1.113883.3.464.1003.1165,Hospice Diagnosis,20220818,eCQM Update 2025-05-08,Grouping,2.16.840.1.113883.3.464.1003.1166,Hospice Diagnosis,SNOMEDCT,2024-09,2.16.840.1.113883.6.96,Eligible Clinicians,Statin Therapy for the Prevention and Treatment of Cardiovascular Disease,CMS347v9,Not Applicable,9,5375d6a9-203b-4fff-b851-afa9b68d2ac2,Ambulatory,No
Condition/Diagnosis/Problem,2.16.840.1.113762.1.4.1047.46,Ischemic Heart Disease or Related Diagnoses,20240208,eCQM Update 2025-05-08,Grouping,2.16.840.1.113762.1.4.1047.70,Ischemic Heart Disease or Related Diagnoses,SNOMEDCT,2024-09,2.16.840.1.113883.6.96,Eligible Clinicians,Statin Therapy for the Prevention and Treatment of Cardiovascular Disease,CMS347v9,Not Applicable,9,5375d6a9-203b-4fff-b851-afa9b68d2ac2,Ambulatory,No
Condition/Diagnosis/Problem,2.16.840.1.113762.1.4.1047.46,Ischemic Heart Disease or Related Diagnoses,20240208,eCQM Update 2025-05-08,Grouping,2.16.840.1.113762.1.4.1047.41,Ischemic Heart Disease or Related Diagnoses,ICD10CM,2025,2.16.840.1.113883.6.90,Eligible Clinicians,Statin Therapy for the Prevention and Treatment of Cardiovascular Disease,CMS347v9,Not Applicable,9,5375d6a9-203b-4fff-b851-afa9b68d2ac2,Ambulatory,No
Condition/Diagnosis/Problem,2.16.840.1.113762.1.4.1047.42,Liver Disease,20210220,eCQM Update 2025-05-08,Grouping,2.16.840.1.113762.1.4.1047.12,Liver Disease,SNOMEDCT,2024-09,2.16.840.1.113883.6.96,Eligible Clinicians,Statin Therapy for the Prevention and Treatment of Cardiovascular Disease,CMS347v9,Not Applicable,9,5375d6a9-203b-4fff-b851-afa9b68d2ac2,Ambulatory,No
Condition/Diagnosis/Problem,2.16.840.1.113762.1.4.1047.42,Liver Disease,20210220,eCQM Update 2025-05-08,Grouping,2.16.840.1.113762.1.4.1047.43,Liver Disease,ICD10CM,2025,2.16.840.1.113883.6.90,Eligible Clinicians,Statin Therapy for the Prevention and Treatment of Cardiovascular Disease,CMS347v9,Not Applicable,9,5375d6a9-203b-4fff-b851-afa9b68d2ac2,Ambulatory,No
Condition/Diagnosis/Problem,2.16.840.1.113762.1.4.1108.101,Myocardial Infarction,20240208,eCQM Update 2025-05-08,Grouping,2.16.840.1.113883.3.526.2.58,Initial Myocardial Infarction,SNOMEDCT,2024-09,2.16.840.1.113883.6.96,Eligible Clinicians,Statin Therapy for the Prevention and Treatment of Cardiovascular Disease,CMS347v9,Not Applicable,9,5375d6a9-203b-4fff-b851-afa9b68d2ac2,Ambulatory,No
Condition/Diagnosis/Problem,2.16.840.1.113762.1.4.1108.101,Myocardial Infarction,20240208,eCQM Update 2025-05-08,Grouping,2.16.840.1.113883.3.3157.4015,STEMI,ICD10CM,2025,2.16.840.1.113883.6.90,Eligible Clinicians,Statin Therapy for the Prevention and Treatment of Cardiovascular Disease,CMS347v9,Not Applicable,9,5375d6a9-203b-4fff-b851-afa9b68d2ac2,Ambulatory,No
Condition/Diagnosis/Problem,2.16.840.1.113762.1.4.1108.101,Myocardial Infarction,20240208,eCQM Update 2025-05-08,Grouping,2.16.840.1.113883.3.526.2.119,Initial Myocardial Infarction,ICD10CM,2025,2.16.840.1.113883.6.90,Eligible Clinicians,Statin Therapy for the Prevention and Treatment of Cardiovascular Disease,CMS347v9,Not Applicable,9,5375d6a9-203b-4fff-b851-afa9b68d2ac2,Ambulatory,No
Condition/Diagnosis/Problem,2.16.840.1.113883.3.464.1003.1167,Palliative Care Diagnosis,20220820,eCQM Update 2025-05-08,Grouping,2.16.840.1.113883.3.464.1003.1168,Palliative Care Diagnosis,SNOMEDCT,2024-09,2.16.840.1.113883.6.96,Eligible Clinicians,Statin Therapy for the Prevention and Treatment of Cardiovascular Disease,CMS347v9,Not Applicable,9,5375d6a9-203b-4fff-b851-afa9b68d2ac2,Ambulatory,No
Condition/Diagnosis/Problem,2.16.840.1.113883.3.464.1003.1167,Palliative Care Diagnosis,20220820,eCQM Update 2025-05-08,Grouping,2.16.840.1.113883.3.464.1003.1169,Palliative Care Diagnosis,ICD10CM,2025,2.16.840.1.113883.6.90,Eligible Clinicians,Statin Therapy for the Prevention and Treatment of Cardiovascular Disease,CMS347v9,Not Applicable,9,5375d6a9-203b-4fff-b851-afa9b68d2ac2,Ambulatory,No
Condition/Diagnosis/Problem,2.16.840.1.113762.1.4.1047.102,Rhabdomyolysis,20170504,eCQM Update 2025-05-08,Grouping,2.16.840.1.113762.1.4.1047.13,Rhabdomyolysis,SNOMEDCT,2024-09,2.16.840.1.113883.6.96,Eligible Clinicians,Statin Therapy for the Prevention and Treatment of Cardiovascular Disease,CMS347v9,Not Applicable,9,5375d6a9-203b-4fff-b851-afa9b68d2ac2,Ambulatory,No
Condition/Diagnosis/Problem,2.16.840.1.113762.1.4.1047.102,Rhabdomyolysis,20170504,eCQM Update 2025-05-08,Grouping,2.16.840.1.113762.1.4.1047.89,Rhabdomyolysis,ICD10CM,2025,2.16.840.1.113883.6.90,Eligible Clinicians,Statin Therapy for the Prevention and Treatment of Cardiovascular Disease,CMS347v9,Not Applicable,9,5375d6a9-203b-4fff-b851-afa9b68d2ac2,Ambulatory,No
Condition/Diagnosis/Problem,2.16.840.1.113762.1.4.1047.47,Stable and Unstable Angina,20240208,eCQM Update 2025-05-08,Grouping,2.16.840.1.113762.1.4.1047.69,Stable and Unstable Angina,SNOMEDCT,2024-09,2.16.840.1.113883.6.96,Eligible Clinicians,Statin Therapy for the Prevention and Treatment of Cardiovascular Disease,CMS347v9,Not Applicable,9,5375d6a9-203b-4fff-b851-afa9b68d2ac2,Ambulatory,No
Condition/Diagnosis/Problem,2.16.840.1.113762.1.4.1047.47,Stable and Unstable Angina,20240208,eCQM Update 2025-05-08,Grouping,2.16.840.1.113762.1.4.1047.37,Stable and Unstable Angina,ICD10CM,2025,2.16.840.1.113883.6.90,Eligible Clinicians,Statin Therapy for the Prevention and Treatment of Cardiovascular Disease,CMS347v9,Not Applicable,9,5375d6a9-203b-4fff-b851-afa9b68d2ac2,Ambulatory,No
Condition/Diagnosis/Problem,2.16.840.1.113762.1.4.1108.85,Statin Associated Muscle Symptoms,20240208,eCQM Update 2025-05-08,Grouping,2.16.840.1.113762.1.4.1108.84,Statin Associated Muscle Symptoms,SNOMEDCT,2024-09,2.16.840.1.113883.6.96,Eligible Clinicians,Statin Therapy for the Prevention and Treatment of Cardiovascular Disease,CMS347v9,Not Applicable,9,5375d6a9-203b-4fff-b851-afa9b68d2ac2,Ambulatory,No
Condition/Diagnosis/Problem,2.16.840.1.113762.1.4.1108.85,Statin Associated Muscle Symptoms,20240208,eCQM Update 2025-05-08,Grouping,2.16.840.1.113762.1.4.1108.78,Statin Associated Muscle Symptoms,ICD10CM,2025,2.16.840.1.113883.6.90,Eligible Clinicians,Statin Therapy for the Prevention and Treatment of Cardiovascular Disease,CMS347v9,Not Applicable,9,5375d6a9-203b-4fff-b851-afa9b68d2ac2,Ambulatory,No
Encounter,2.16.840.1.113883.3.526.3.1240,Annual Wellness Visit,20190315,eCQM Update 2025-05-08,Grouping,2.16.840.1.113883.3.526.2.1363,Annual Wellness Visit,HCPCS,2025,2.16.840.1.113883.6.285,Eligible Clinicians,Statin Therapy for the Prevention and Treatment of Cardiovascular Disease,CMS347v9,Not Applicable,9,5375d6a9-203b-4fff-b851-afa9b68d2ac2,Ambulatory,No
Encounter,2.16.840.1.113883.3.526.3.1240,Annual Wellness Visit,20190315,eCQM Update 2025-05-08,Grouping,2.16.840.1.113883.3.526.2.1772,Annual Wellness Visit,SNOMEDCT,2024-09,2.16.840.1.113883.6.96,Eligible Clinicians,Statin Therapy for the Prevention and Treatment of Cardiovascular Disease,CMS347v9,Not Applicable,9,5375d6a9-203b-4fff-b851-afa9b68d2ac2,Ambulatory,No
Encounter,2.16.840.1.113883.3.666.5.307,Encounter Inpatient,20200307,eCQM Update 2025-05-08,Extensional,,,SNOMEDCT,2024-09,2.16.840.1.113883.6.96,Eligible Clinicians,Statin Therapy for the Prevention and Treatment of Cardiovascular Disease,CMS347v9,Not Applicable,9,5375d6a9-203b-4fff-b851-afa9b68d2ac2,Ambulatory,No
Encounter,2.16.840.1.113883.3.464.1003.1003,Hospice Encounter,20210820,eCQM Update 2025-05-08,Grouping,2.16.840.1.113883.3.464.1003.1001,Hospice Encounter,HCPCS,2025,2.16.840.1.113883.6.285,Eligible Clinicians,Statin Therapy for the Prevention and Treatment of Cardiovascular Disease,CMS347v9,Not Applicable,9,5375d6a9-203b-4fff-b851-afa9b68d2ac2,Ambulatory,No
Encounter,2.16.840.1.113883.3.464.1003.1003,Hospice Encounter,20210820,eCQM Update 2025-05-08,Grouping,2.16.840.1.113883.3.464.1003.1002,Hospice Encounter,SNOMEDCT,2024-09,2.16.840.1.113883.6.96,Eligible Clinicians,Statin Therapy for the Prevention and Treatment of Cardiovascular Disease,CMS347v9,Not Applicable,9,5375d6a9-203b-4fff-b851-afa9b68d2ac2,Ambulatory,No
Encounter,2.16.840.1.113883.3.464.1003.101.12.1001,Office Visit,20180310,eCQM Update 2025-05-08,Grouping,2.16.840.1.113883.3.464.1003.101.11.1005,Office Visit,CPT,2025,2.16.840.1.113883.6.12,Eligible Clinicians,Statin Therapy for the Prevention and Treatment of Cardiovascular Disease,CMS347v9,Not Applicable,9,5375d6a9-203b-4fff-b851-afa9b68d2ac2,Ambulatory,No
Encounter,2.16.840.1.113883.3.464.1003.101.12.1001,Office Visit,20180310,eCQM Update 2025-05-08,Grouping,2.16.840.1.113883.3.464.1003.101.11.1264,Office Visit,SNOMEDCT,2024-09,2.16.840.1.113883.6.96,Eligible Clinicians,Statin Therapy for the Prevention and Treatment of Cardiovascular Disease,CMS347v9,Not Applicable,9,5375d6a9-203b-4fff-b851-afa9b68d2ac2,Ambulatory,No
Encounter,2.16.840.1.113883.3.464.1003.101.12.1008,Outpatient Consultation,20240110,eCQM Update 2025-05-08,Grouping,2.16.840.1.113883.3.464.1003.101.11.1266,Outpatient Consultation,SNOMEDCT,2024-09,2.16.840.1.113883.6.96,Eligible Clinicians,Statin Therapy for the Prevention and Treatment of Cardiovascular Disease,CMS347v9,Not Applicable,9,5375d6a9-203b-4fff-b851-afa9b68d2ac2,Ambulatory,No
Encounter,2.16.840.1.113883.3.464.1003.101.12.1008,Outpatient Consultation,20240110,eCQM Update 2025-05-08,Grouping,2.16.840.1.113883.3.464.1003.101.11.1040,Outpatient Consultation,CPT,2025,2.16.840.1.113883.6.12,Eligible Clinicians,Statin Therapy for the Prevention and Treatment of Cardiovascular Disease,CMS347v9,Not Applicable,9,5375d6a9-203b-4fff-b851-afa9b68d2ac2,Ambulatory,No
Encounter,2.16.840.1.113883.3.526.3.1576,Outpatient Encounters for Preventive Care,20200307,eCQM Update 2025-05-08,Grouping,2.16.840.1.113762.1.4.1047.9,Outpatient Encounters for Preventive Care,SNOMEDCT,2024-09,2.16.840.1.113883.6.96,Eligible Clinicians,Statin Therapy for the Prevention and Treatment of Cardiovascular Disease,CMS347v9,Not Applicable,9,5375d6a9-203b-4fff-b851-afa9b68d2ac2,Ambulatory,No
Encounter,2.16.840.1.113883.3.464.1003.101.12.1090,Palliative Care Encounter,20210224,eCQM Update 2025-05-08,Grouping,2.16.840.1.113883.3.464.1003.101.11.1286,Palliative Encounter,SNOMEDCT,2024-09,2.16.840.1.113883.6.96,Eligible Clinicians,Statin Therapy for the Prevention and Treatment of Cardiovascular Disease,CMS347v9,Not Applicable,9,5375d6a9-203b-4fff-b851-afa9b68d2ac2,Ambulatory,No
Encounter,2.16.840.1.113883.3.464.1003.101.12.1090,Palliative Care Encounter,20210224,eCQM Update 2025-05-08,Grouping,2.16.840.1.113883.3.464.1003.101.11.1285,Palliative Encounter,HCPCS,2025,2.16.840.1.113883.6.285,Eligible Clinicians,Statin Therapy for the Prevention and Treatment of Cardiovascular Disease,CMS347v9,Not Applicable,9,5375d6a9-203b-4fff-b851-afa9b68d2ac2,Ambulatory,No
Encounter,2.16.840.1.113883.3.464.1003.101.12.1025,"Preventive Care Services Established Office Visit, 18 and Up",20170504,eCQM Update 2025-05-08,Grouping,2.16.840.1.113883.3.464.1003.101.11.1125,"Preventive Care Services Established Office Visit, 18 and Up",CPT,2025,2.16.840.1.113883.6.12,Eligible Clinicians,Statin Therapy for the Prevention and Treatment of Cardiovascular Disease,CMS347v9,Not Applicable,9,5375d6a9-203b-4fff-b851-afa9b68d2ac2,Ambulatory,No
Encounter,2.16.840.1.113883.3.464.1003.101.12.1026,Preventive Care Services Individual Counseling,20170504,eCQM Update 2025-05-08,Grouping,2.16.840.1.113883.3.464.1003.101.11.1130,Preventive Care Services Individual Counseling,CPT,2025,2.16.840.1.113883.6.12,Eligible Clinicians,Statin Therapy for the Prevention and Treatment of Cardiovascular Disease,CMS347v9,Not Applicable,9,5375d6a9-203b-4fff-b851-afa9b68d2ac2,Ambulatory,No
Encounter,2.16.840.1.113883.3.464.1003.101.12.1023,"Preventive Care Services Initial Office Visit, 18 and Up",20170504,eCQM Update 2025-05-08,Grouping,2.16.840.1.113883.3.464.1003.101.11.1115,"Preventive Care Services Initial Office Visit, 18 and Up",CPT,2025,2.16.840.1.113883.6.12,Eligible Clinicians,Statin Therapy for the Prevention and Treatment of Cardiovascular Disease,CMS347v9,Not Applicable,9,5375d6a9-203b-4fff-b851-afa9b68d2ac2,Ambulatory,No
Encounter,2.16.840.1.113762.1.4.1248.276,Telemedicine Services,20250124,eCQM Update 2025-05-08,Extensional,,,CPT,2025,2.16.840.1.113883.6.12,Eligible Clinicians,Statin Therapy for the Prevention and Treatment of Cardiovascular Disease,CMS347v9,Not Applicable,9,5375d6a9-203b-4fff-b851-afa9b68d2ac2,Ambulatory,No
Individual Characteristic,2.16.840.1.114222.4.11.837,Ethnicity,20121025,eCQM Update 2025-05-08,Extensional,,,CDCREC,1.2,2.16.840.1.113883.6.238,Eligible Clinicians,Statin Therapy for the Prevention and Treatment of Cardiovascular Disease,CMS347v9,Not Applicable,9,5375d6a9-203b-4fff-b851-afa9b68d2ac2,Ambulatory,Yes
Individual Characteristic,2.16.840.1.113762.1.4.1021.121,Federal Administrative Sex,20250228,eCQM Update 2025-05-08,Extensional,,,SNOMEDCT,2024-09,2.16.840.1.113883.6.96,Eligible Clinicians,Statin Therapy for the Prevention and Treatment of Cardiovascular Disease,CMS347v9,Not Applicable,9,5375d6a9-203b-4fff-b851-afa9b68d2ac2,Ambulatory,Yes
Individual Characteristic,2.16.840.1.114222.4.11.3591,Payer Type,20221118,eCQM Update 2025-05-08,Intensional,,,SOP,9.2,2.16.840.1.113883.3.221.5,Eligible Clinicians,Statin Therapy for the Prevention and Treatment of Cardiovascular Disease,CMS347v9,Not Applicable,9,5375d6a9-203b-4fff-b851-afa9b68d2ac2,Ambulatory,Yes
Individual Characteristic,2.16.840.1.114222.4.11.836,Race,20121025,eCQM Update 2025-05-08,Extensional,,,CDCREC,1.2,2.16.840.1.113883.6.238,Eligible Clinicians,Statin Therapy for the Prevention and Treatment of Cardiovascular Disease,CMS347v9,Not Applicable,9,5375d6a9-203b-4fff-b851-afa9b68d2ac2,Ambulatory,Yes
Intervention,2.16.840.1.113883.3.526.3.1584,Hospice Care Ambulatory,20210825,eCQM Update 2025-05-08,Grouping,2.16.840.1.113762.1.4.1108.15,Hospice Care Ambulatory,SNOMEDCT,2024-09,2.16.840.1.113883.6.96,Eligible Clinicians,Statin Therapy for the Prevention and Treatment of Cardiovascular Disease,CMS347v9,Not Applicable,9,5375d6a9-203b-4fff-b851-afa9b68d2ac2,Ambulatory,No
Intervention,2.16.840.1.113883.3.526.3.1584,Hospice Care Ambulatory,20210825,eCQM Update 2025-05-08,Grouping,2.16.840.1.113883.3.464.1003.1008,Hospice Care Ambulatory,HCPCS,2025,2.16.840.1.113883.6.285,Eligible Clinicians,Statin Therapy for the Prevention and Treatment of Cardiovascular Disease,CMS347v9,Not Applicable,9,5375d6a9-203b-4fff-b851-afa9b68d2ac2,Ambulatory,No
Intervention,2.16.840.1.113883.3.526.3.1584,Hospice Care Ambulatory,20210825,eCQM Update 2025-05-08,Grouping,2.16.840.1.113883.3.464.1003.1007,Hospice Care Ambulatory,CPT,2025,2.16.840.1.113883.6.12,Eligible Clinicians,Statin Therapy for the Prevention and Treatment of Cardiovascular Disease,CMS347v9,Not Applicable,9,5375d6a9-203b-4fff-b851-afa9b68d2ac2,Ambulatory,No
Intervention,2.16.840.1.113883.3.464.1003.198.12.1135,Palliative Care Intervention,20210224,eCQM Update 2025-05-08,Grouping,2.16.840.1.113883.3.464.1003.198.11.1148,Palliative Intervention,SNOMEDCT,2024-09,2.16.840.1.113883.6.96,Eligible Clinicians,Statin Therapy for the Prevention and Treatment of Cardiovascular Disease,CMS347v9,Not Applicable,9,5375d6a9-203b-4fff-b851-afa9b68d2ac2,Ambulatory,No
Laboratory Test,2.16.840.1.113883.3.526.3.1573,LDL Cholesterol,20250228,eCQM Update 2025-05-08,Grouping,2.16.840.1.113762.1.4.1248.301,LDL Cholesterol,LOINC,2.78,2.16.840.1.113883.6.1,Eligible Clinicians,Statin Therapy for the Prevention and Treatment of Cardiovascular Disease,CMS347v9,Not Applicable,9,5375d6a9-203b-4fff-b851-afa9b68d2ac2,Ambulatory,No
Medication,2.16.840.1.113883.3.526.3.1572,High Intensity Statin Therapy,20210220,eCQM Update 2025-05-08,Grouping,2.16.840.1.113762.1.4.1047.97,High Intensity Statin Therapy,RXNORM,2025-01,2.16.840.1.113883.6.88,Eligible Clinicians,Statin Therapy for the Prevention and Treatment of Cardiovascular Disease,CMS347v9,Not Applicable,9,5375d6a9-203b-4fff-b851-afa9b68d2ac2,Ambulatory,No
Medication,2.16.840.1.113883.3.526.3.1574,Low Intensity Statin Therapy,20210220,eCQM Update 2025-05-08,Grouping,2.16.840.1.113762.1.4.1047.107,Low Intensity Statin Therapy,RXNORM,2025-01,2.16.840.1.113883.6.88,Eligible Clinicians,Statin Therapy for the Prevention and Treatment of Cardiovascular Disease,CMS347v9,Not Applicable,9,5375d6a9-203b-4fff-b851-afa9b68d2ac2,Ambulatory,No
Medication,2.16.840.1.113883.3.526.3.1575,Moderate Intensity Statin Therapy,20210220,eCQM Update 2025-05-08,Grouping,2.16.840.1.113762.1.4.1047.98,Moderate Intensity Statin Therapy,RXNORM,2025-01,2.16.840.1.113883.6.88,Eligible Clinicians,Statin Therapy for the Prevention and Treatment of Cardiovascular Disease,CMS347v9,Not Applicable,9,5375d6a9-203b-4fff-b851-afa9b68d2ac2,Ambulatory,No
Procedure,2.16.840.1.113883.3.666.5.694,CABG Surgeries,20240208,eCQM Update 2025-05-08,Grouping,2.16.840.1.113883.3.666.5.2262,CABG Surgeries,SNOMEDCT,2024-09,2.16.840.1.113883.6.96,Eligible Clinicians,Statin Therapy for the Prevention and Treatment of Cardiovascular Disease,CMS347v9,Not Applicable,9,5375d6a9-203b-4fff-b851-afa9b68d2ac2,Ambulatory,No
Procedure,2.16.840.1.113883.3.666.5.694,CABG Surgeries,20240208,eCQM Update 2025-05-08,Grouping,2.16.840.1.113883.3.666.5.1668,CABG Surgeries,ICD10PCS,2025,2.16.840.1.113883.6.4,Eligible Clinicians,Statin Therapy for the Prevention and Treatment of Cardiovascular Disease,CMS347v9,Not Applicable,9,5375d6a9-203b-4fff-b851-afa9b68d2ac2,Ambulatory,No
Procedure,2.16.840.1.113762.1.4.1138.566,CABG or PCI Procedure,20180818,eCQM Update 2025-05-08,Grouping,2.16.840.1.113762.1.4.1138.565,CABG or PCI Procedure,HCPCS,2025,2.16.840.1.113883.6.285,Eligible Clinicians,Statin Therapy for the Prevention and Treatment of Cardiovascular Disease,CMS347v9,Not Applicable,9,5375d6a9-203b-4fff-b851-afa9b68d2ac2,Ambulatory,No
Procedure,2.16.840.1.113762.1.4.1138.566,CABG or PCI Procedure,20180818,eCQM Update 2025-05-08,Grouping,2.16.840.1.113762.1.4.1138.564,CABG or PCI Procedure,CPT,2025,2.16.840.1.113883.6.12,Eligible Clinicians,Statin Therapy for the Prevention and Treatment of Cardiovascular Disease,CMS347v9,Not Applicable,9,5375d6a9-203b-4fff-b851-afa9b68d2ac2,Ambulatory,No
Procedure,2.16.840.1.113883.3.117.1.7.1.204,Carotid Intervention,20240208,eCQM Update 2025-05-08,Grouping,2.16.840.1.113883.3.117.1.7.1.238,Carotid Intervention,ICD10PCS,2025,2.16.840.1.113883.6.4,Eligible Clinicians,Statin Therapy for the Prevention and Treatment of Cardiovascular Disease,CMS347v9,Not Applicable,9,5375d6a9-203b-4fff-b851-afa9b68d2ac2,Ambulatory,No
Procedure,2.16.840.1.113883.3.117.1.7.1.204,Carotid Intervention,20240208,eCQM Update 2025-05-08,Grouping,2.16.840.1.113883.3.117.1.7.1.239,Carotid Intervention,SNOMEDCT,2024-09,2.16.840.1.113883.6.96,Eligible Clinicians,Statin Therapy for the Prevention and Treatment of Cardiovascular Disease,CMS347v9,Not Applicable,9,5375d6a9-203b-4fff-b851-afa9b68d2ac2,Ambulatory,No
Procedure,2.16.840.1.113762.1.4.1045.67,PCI,20170504,eCQM Update 2025-05-08,Grouping,2.16.840.1.113762.1.4.1045.66,PCI,ICD10PCS,2025,2.16.840.1.113883.6.4,Eligible Clinicians,Statin Therapy for the Prevention and Treatment of Cardiovascular Disease,CMS347v9,Not Applicable,9,5375d6a9-203b-4fff-b851-afa9b68d2ac2,Ambulatory,No
Procedure,2.16.840.1.113762.1.4.1045.67,PCI,20170504,eCQM Update 2025-05-08,Grouping,2.16.840.1.113883.3.666.5.737,PCI,SNOMEDCT,2024-09,2.16.840.1.113883.6.96,Eligible Clinicians,Statin Therapy for the Prevention and Treatment of Cardiovascular Disease,CMS347v9,Not Applicable,9,5375d6a9-203b-4fff-b851-afa9b68d2ac2,Ambulatory,No
,2.16.840.1.113883.3.526.3.1007,Medical Reason,20170504,eCQM Update 2025-05-08,Grouping,2.16.840.1.113883.3.526.2.313,Medical Reason,SNOMEDCT,2024-09,2.16.840.1.113883.6.96,Eligible Clinicians,Statin Therapy for the Prevention and Treatment of Cardiovascular Disease,CMS347v9,Not Applicable,9,5375d6a9-203b-4fff-b851-afa9b68d2ac2,Ambulatory,No
Condition/Diagnosis/Problem,2.16.840.1.113883.3.464.1003.120.12.1003,HIV,20240106,eCQM Update 2025-05-08,Grouping,2.16.840.1.113883.3.464.1003.120.11.1008,HIV 2,SNOMEDCT,2024-09,2.16.840.1.113883.6.96,Eligible Clinicians,HIV Screening,CMS349v8,Not Applicable,8,ed78899d-2375-4d68-aa63-58e1734f5694,Ambulatory,No
Condition/Diagnosis/Problem,2.16.840.1.113883.3.464.1003.120.12.1003,HIV,20240106,eCQM Update 2025-05-08,Grouping,2.16.840.1.113883.3.464.1003.120.11.1005,HIV 1,SNOMEDCT,"2024-09, 2021-09, 2020-09, 2018-09, 2018-03",2.16.840.1.113883.6.96,Eligible Clinicians,HIV Screening,CMS349v8,Not Applicable,8,ed78899d-2375-4d68-aa63-58e1734f5694,Ambulatory,No
Condition/Diagnosis/Problem,2.16.840.1.113883.3.464.1003.120.12.1003,HIV,20240106,eCQM Update 2025-05-08,Grouping,2.16.840.1.113883.3.464.1003.120.11.1007,HIV 1,ICD10CM,2025,2.16.840.1.113883.6.90,Eligible Clinicians,HIV Screening,CMS349v8,Not Applicable,8,ed78899d-2375-4d68-aa63-58e1734f5694,Ambulatory,No
Condition/Diagnosis/Problem,2.16.840.1.113883.3.464.1003.120.12.1003,HIV,20240106,eCQM Update 2025-05-08,Grouping,2.16.840.1.113883.3.464.1003.120.11.1010,HIV 2,ICD10CM,2025,2.16.840.1.113883.6.90,Eligible Clinicians,HIV Screening,CMS349v8,Not Applicable,8,ed78899d-2375-4d68-aa63-58e1734f5694,Ambulatory,No
Encounter,2.16.840.1.113883.3.464.1003.101.12.1001,Office Visit,20180310,eCQM Update 2025-05-08,Grouping,2.16.840.1.113883.3.464.1003.101.11.1005,Office Visit,CPT,2025,2.16.840.1.113883.6.12,Eligible Clinicians,HIV Screening,CMS349v8,Not Applicable,8,ed78899d-2375-4d68-aa63-58e1734f5694,Ambulatory,No
Encounter,2.16.840.1.113883.3.464.1003.101.12.1001,Office Visit,20180310,eCQM Update 2025-05-08,Grouping,2.16.840.1.113883.3.464.1003.101.11.1264,Office Visit,SNOMEDCT,2024-09,2.16.840.1.113883.6.96,Eligible Clinicians,HIV Screening,CMS349v8,Not Applicable,8,ed78899d-2375-4d68-aa63-58e1734f5694,Ambulatory,No
Encounter,2.16.840.1.113883.3.464.1003.101.12.1025,"Preventive Care Services Established Office Visit, 18 and Up",20170504,eCQM Update 2025-05-08,Grouping,2.16.840.1.113883.3.464.1003.101.11.1125,"Preventive Care Services Established Office Visit, 18 and Up",CPT,2025,2.16.840.1.113883.6.12,Eligible Clinicians,HIV Screening,CMS349v8,Not Applicable,8,ed78899d-2375-4d68-aa63-58e1734f5694,Ambulatory,No
Encounter,2.16.840.1.113883.3.464.1003.101.12.1023,"Preventive Care Services Initial Office Visit, 18 and Up",20170504,eCQM Update 2025-05-08,Grouping,2.16.840.1.113883.3.464.1003.101.11.1115,"Preventive Care Services Initial Office Visit, 18 and Up",CPT,2025,2.16.840.1.113883.6.12,Eligible Clinicians,HIV Screening,CMS349v8,Not Applicable,8,ed78899d-2375-4d68-aa63-58e1734f5694,Ambulatory,No
Encounter,2.16.840.1.113883.3.464.1003.101.12.1022,"Preventive Care Services, Initial Office Visit, 0 to 17",20170504,eCQM Update 2025-05-08,Grouping,2.16.840.1.113883.3.464.1003.101.11.1110,"Preventive Care, Initial Office Visit, 0 to 17",CPT,2025,2.16.840.1.113883.6.12,Eligible Clinicians,HIV Screening,CMS349v8,Not Applicable,8,ed78899d-2375-4d68-aa63-58e1734f5694,Ambulatory,No
Encounter,2.16.840.1.113883.3.464.1003.101.12.1024,"Preventive Care, Established Office Visit, 0 to 17",20170504,eCQM Update 2025-05-08,Grouping,2.16.840.1.113883.3.464.1003.101.11.1120,"Preventive Care, Established Office Visit, 0 to 17",CPT,2025,2.16.840.1.113883.6.12,Eligible Clinicians,HIV Screening,CMS349v8,Not Applicable,8,ed78899d-2375-4d68-aa63-58e1734f5694,Ambulatory,No
Individual Characteristic,2.16.840.1.114222.4.11.837,Ethnicity,20121025,eCQM Update 2025-05-08,Extensional,,,CDCREC,1.2,2.16.840.1.113883.6.238,Eligible Clinicians,HIV Screening,CMS349v8,Not Applicable,8,ed78899d-2375-4d68-aa63-58e1734f5694,Ambulatory,Yes
Individual Characteristic,2.16.840.1.113762.1.4.1021.121,Federal Administrative Sex,20250228,eCQM Update 2025-05-08,Extensional,,,SNOMEDCT,2024-09,2.16.840.1.113883.6.96,Eligible Clinicians,HIV Screening,CMS349v8,Not Applicable,8,ed78899d-2375-4d68-aa63-58e1734f5694,Ambulatory,Yes
Individual Characteristic,2.16.840.1.114222.4.11.3591,Payer Type,20221118,eCQM Update 2025-05-08,Intensional,,,SOP,9.2,2.16.840.1.113883.3.221.5,Eligible Clinicians,HIV Screening,CMS349v8,Not Applicable,8,ed78899d-2375-4d68-aa63-58e1734f5694,Ambulatory,Yes
Individual Characteristic,2.16.840.1.114222.4.11.836,Race,20121025,eCQM Update 2025-05-08,Extensional,,,CDCREC,1.2,2.16.840.1.113883.6.238,Eligible Clinicians,HIV Screening,CMS349v8,Not Applicable,8,ed78899d-2375-4d68-aa63-58e1734f5694,Ambulatory,Yes
Laboratory Test,2.16.840.1.113762.1.4.1056.50,HIV Lab Tests,20250206,eCQM Update 2025-05-08,Extensional,,,LOINC,2.78,2.16.840.1.113883.6.1,Eligible Clinicians,HIV Screening,CMS349v8,Not Applicable,8,ed78899d-2375-4d68-aa63-58e1734f5694,Ambulatory,No
Communication,2.16.840.1.113883.3.464.1003.121.12.1006,Consultant Report,20190315,eCQM Update 2025-05-08,Grouping,2.16.840.1.113883.11.20.9.31,ConsultDocumentType,LOINC,2.78,2.16.840.1.113883.6.1,Eligible Clinicians,Closing the Referral Loop: Receipt of Specialist Report,CMS50v14,Not Applicable,14,f58fc0d6-edf5-416a-8d29-79afbfd24dea,Ambulatory,No
Communication,2.16.840.1.113883.3.464.1003.121.12.1006,Consultant Report,20190315,eCQM Update 2025-05-08,Grouping,2.16.840.1.113883.3.464.1003.121.11.1011,Consultant Report,SNOMEDCT,2024-09,2.16.840.1.113883.6.96,Eligible Clinicians,Closing the Referral Loop: Receipt of Specialist Report,CMS50v14,Not Applicable,14,f58fc0d6-edf5-416a-8d29-79afbfd24dea,Ambulatory,No
Encounter,2.16.840.1.113883.3.464.1003.101.12.1001,Office Visit,20180310,eCQM Update 2025-05-08,Grouping,2.16.840.1.113883.3.464.1003.101.11.1264,Office Visit,SNOMEDCT,2024-09,2.16.840.1.113883.6.96,Eligible Clinicians,Closing the Referral Loop: Receipt of Specialist Report,CMS50v14,Not Applicable,14,f58fc0d6-edf5-416a-8d29-79afbfd24dea,Ambulatory,No
Encounter,2.16.840.1.113883.3.464.1003.101.12.1001,Office Visit,20180310,eCQM Update 2025-05-08,Grouping,2.16.840.1.113883.3.464.1003.101.11.1005,Office Visit,CPT,2025,2.16.840.1.113883.6.12,Eligible Clinicians,Closing the Referral Loop: Receipt of Specialist Report,CMS50v14,Not Applicable,14,f58fc0d6-edf5-416a-8d29-79afbfd24dea,Ambulatory,No
Encounter,2.16.840.1.113883.3.526.3.1285,Ophthalmological Services,20210209,eCQM Update 2025-05-08,Grouping,2.16.840.1.113883.3.526.2.111,Ophthalmological Services,CPT,2025,2.16.840.1.113883.6.12,Eligible Clinicians,Closing the Referral Loop: Receipt of Specialist Report,CMS50v14,Not Applicable,14,f58fc0d6-edf5-416a-8d29-79afbfd24dea,Ambulatory,No
Encounter,2.16.840.1.113883.3.526.3.1285,Ophthalmological Services,20210209,eCQM Update 2025-05-08,Grouping,2.16.840.1.113883.3.526.2.1771,Ophthalmological Services,SNOMEDCT,2024-09,2.16.840.1.113883.6.96,Eligible Clinicians,Closing the Referral Loop: Receipt of Specialist Report,CMS50v14,Not Applicable,14,f58fc0d6-edf5-416a-8d29-79afbfd24dea,Ambulatory,No
Encounter,2.16.840.1.113883.3.464.1003.101.12.1025,"Preventive Care Services Established Office Visit, 18 and Up",20170504,eCQM Update 2025-05-08,Grouping,2.16.840.1.113883.3.464.1003.101.11.1125,"Preventive Care Services Established Office Visit, 18 and Up",CPT,2025,2.16.840.1.113883.6.12,Eligible Clinicians,Closing the Referral Loop: Receipt of Specialist Report,CMS50v14,Not Applicable,14,f58fc0d6-edf5-416a-8d29-79afbfd24dea,Ambulatory,No
Encounter,2.16.840.1.113883.3.464.1003.101.12.1023,"Preventive Care Services Initial Office Visit, 18 and Up",20170504,eCQM Update 2025-05-08,Grouping,2.16.840.1.113883.3.464.1003.101.11.1115,"Preventive Care Services Initial Office Visit, 18 and Up",CPT,2025,2.16.840.1.113883.6.12,Eligible Clinicians,Closing the Referral Loop: Receipt of Specialist Report,CMS50v14,Not Applicable,14,f58fc0d6-edf5-416a-8d29-79afbfd24dea,Ambulatory,No
Encounter,2.16.840.1.113883.3.464.1003.101.12.1022,"Preventive Care Services, Initial Office Visit, 0 to 17",20170504,eCQM Update 2025-05-08,Grouping,2.16.840.1.113883.3.464.1003.101.11.1110,"Preventive Care, Initial Office Visit, 0 to 17",CPT,2025,2.16.840.1.113883.6.12,Eligible Clinicians,Closing the Referral Loop: Receipt of Specialist Report,CMS50v14,Not Applicable,14,f58fc0d6-edf5-416a-8d29-79afbfd24dea,Ambulatory,No
Encounter,2.16.840.1.113883.3.464.1003.101.12.1024,"Preventive Care, Established Office Visit, 0 to 17",20170504,eCQM Update 2025-05-08,Grouping,2.16.840.1.113883.3.464.1003.101.11.1120,"Preventive Care, Established Office Visit, 0 to 17",CPT,2025,2.16.840.1.113883.6.12,Eligible Clinicians,Closing the Referral Loop: Receipt of Specialist Report,CMS50v14,Not Applicable,14,f58fc0d6-edf5-416a-8d29-79afbfd24dea,Ambulatory,No
Individual Characteristic,2.16.840.1.114222.4.11.837,Ethnicity,20121025,eCQM Update 2025-05-08,Extensional,,,CDCREC,1.2,2.16.840.1.113883.6.238,Eligible Clinicians,Closing the Referral Loop: Receipt of Specialist Report,CMS50v14,Not Applicable,14,f58fc0d6-edf5-416a-8d29-79afbfd24dea,Ambulatory,Yes
Individual Characteristic,2.16.840.1.113762.1.4.1021.121,Federal Administrative Sex,20250228,eCQM Update 2025-05-08,Extensional,,,SNOMEDCT,2024-09,2.16.840.1.113883.6.96,Eligible Clinicians,Closing the Referral Loop: Receipt of Specialist Report,CMS50v14,Not Applicable,14,f58fc0d6-edf5-416a-8d29-79afbfd24dea,Ambulatory,Yes
Individual Characteristic,2.16.840.1.114222.4.11.3591,Payer Type,20221118,eCQM Update 2025-05-08,Intensional,,,SOP,9.2,2.16.840.1.113883.3.221.5,Eligible Clinicians,Closing the Referral Loop: Receipt of Specialist Report,CMS50v14,Not Applicable,14,f58fc0d6-edf5-416a-8d29-79afbfd24dea,Ambulatory,Yes
Individual Characteristic,2.16.840.1.114222.4.11.836,Race,20121025,eCQM Update 2025-05-08,Extensional,,,CDCREC,1.2,2.16.840.1.113883.6.238,Eligible Clinicians,Closing the Referral Loop: Receipt of Specialist Report,CMS50v14,Not Applicable,14,f58fc0d6-edf5-416a-8d29-79afbfd24dea,Ambulatory,Yes
Intervention,2.16.840.1.113883.3.526.3.1023,Behavioral or Neuropsych Assessment,20190315,eCQM Update 2025-05-08,Grouping,2.16.840.1.113883.3.526.2.1775,Behavioral Neuropsych Assessment,SNOMEDCT,2024-09,2.16.840.1.113883.6.96,Eligible Clinicians,Closing the Referral Loop: Receipt of Specialist Report,CMS50v14,Not Applicable,14,f58fc0d6-edf5-416a-8d29-79afbfd24dea,Ambulatory,No
Intervention,2.16.840.1.113883.3.526.3.1023,Behavioral or Neuropsych Assessment,20190315,eCQM Update 2025-05-08,Grouping,2.16.840.1.113883.3.526.2.1064,Neurobehavioral Status Exam (CPT),CPT,2025,2.16.840.1.113883.6.12,Eligible Clinicians,Closing the Referral Loop: Receipt of Specialist Report,CMS50v14,Not Applicable,14,f58fc0d6-edf5-416a-8d29-79afbfd24dea,Ambulatory,No
Intervention,2.16.840.1.113883.3.526.3.1492,Psych Visit Diagnostic Evaluation,20190315,eCQM Update 2025-05-08,Grouping,2.16.840.1.113883.3.526.2.1923,Psych Visit Diagnostic Evaluation,CPT,2025,2.16.840.1.113883.6.12,Eligible Clinicians,Closing the Referral Loop: Receipt of Specialist Report,CMS50v14,Not Applicable,14,f58fc0d6-edf5-416a-8d29-79afbfd24dea,Ambulatory,No
Intervention,2.16.840.1.113883.3.526.3.1492,Psych Visit Diagnostic Evaluation,20190315,eCQM Update 2025-05-08,Grouping,2.16.840.1.113883.3.526.2.1776,Psych Visit Diagnostic Evaluation,SNOMEDCT,2024-09,2.16.840.1.113883.6.96,Eligible Clinicians,Closing the Referral Loop: Receipt of Specialist Report,CMS50v14,Not Applicable,14,f58fc0d6-edf5-416a-8d29-79afbfd24dea,Ambulatory,No
Intervention,2.16.840.1.113883.3.464.1003.101.12.1046,Referral,20170504,eCQM Update 2025-05-08,Grouping,2.16.840.1.113883.3.464.1003.101.11.1215,Referral,SNOMEDCT,2024-09,2.16.840.1.113883.6.96,Eligible Clinicians,Closing the Referral Loop: Receipt of Specialist Report,CMS50v14,Not Applicable,14,f58fc0d6-edf5-416a-8d29-79afbfd24dea,Ambulatory,No
Condition/Diagnosis/Problem,2.16.840.1.113883.3.464.1003.1165,Hospice Diagnosis,20220818,eCQM Update 2025-05-08,Grouping,2.16.840.1.113883.3.464.1003.1166,Hospice Diagnosis,SNOMEDCT,2024-09,2.16.840.1.113883.6.96,Eligible Clinicians,Functional Status Assessment for Total Hip Replacement,CMS56v14,Not Applicable,14,2f291003-3f2f-48af-bef9-e5aacb95ac3e,Ambulatory,No
Condition/Diagnosis/Problem,2.16.840.1.113883.3.464.1003.1178,Lower Body Fractures Excluding Ankle and Foot,20230722,eCQM Update 2025-05-08,Grouping,2.16.840.1.113883.3.464.1003.1177,Lower Body Fractures Excluding Ankle and Foot,ICD10CM,2025,2.16.840.1.113883.6.90,Eligible Clinicians,Functional Status Assessment for Total Hip Replacement,CMS56v14,Not Applicable,14,2f291003-3f2f-48af-bef9-e5aacb95ac3e,Ambulatory,No
Condition/Diagnosis/Problem,2.16.840.1.113883.3.464.1003.1178,Lower Body Fractures Excluding Ankle and Foot,20230722,eCQM Update 2025-05-08,Grouping,2.16.840.1.113883.3.464.1003.1230,Lower Body Fractures Excluding Ankle and Foot,SNOMEDCT,2024-09,2.16.840.1.113883.6.96,Eligible Clinicians,Functional Status Assessment for Total Hip Replacement,CMS56v14,Not Applicable,14,2f291003-3f2f-48af-bef9-e5aacb95ac3e,Ambulatory,No
Condition/Diagnosis/Problem,2.16.840.1.113883.3.464.1003.1180,Malignant Neoplasms of Lower and Unspecified Limbs,20230722,eCQM Update 2025-05-08,Grouping,2.16.840.1.113883.3.464.1003.1179,Malignant Neoplasms of Lower and Unspecified Limbs,ICD10CM,2025,2.16.840.1.113883.6.90,Eligible Clinicians,Functional Status Assessment for Total Hip Replacement,CMS56v14,Not Applicable,14,2f291003-3f2f-48af-bef9-e5aacb95ac3e,Ambulatory,No
Condition/Diagnosis/Problem,2.16.840.1.113883.3.464.1003.1180,Malignant Neoplasms of Lower and Unspecified Limbs,20230722,eCQM Update 2025-05-08,Grouping,2.16.840.1.113883.3.464.1003.1231,Malignant Neoplasms of Lower and Unspecified Limbs,SNOMEDCT,2024-09,2.16.840.1.113883.6.96,Eligible Clinicians,Functional Status Assessment for Total Hip Replacement,CMS56v14,Not Applicable,14,2f291003-3f2f-48af-bef9-e5aacb95ac3e,Ambulatory,No
Condition/Diagnosis/Problem,2.16.840.1.113883.3.464.1003.1182,Mechanical Complications Excluding Upper Body,20230722,eCQM Update 2025-05-08,Grouping,2.16.840.1.113883.3.464.1003.1232,Mechanical Complications Excluding Upper Body,SNOMEDCT,2024-09,2.16.840.1.113883.6.96,Eligible Clinicians,Functional Status Assessment for Total Hip Replacement,CMS56v14,Not Applicable,14,2f291003-3f2f-48af-bef9-e5aacb95ac3e,Ambulatory,No
Condition/Diagnosis/Problem,2.16.840.1.113883.3.464.1003.1182,Mechanical Complications Excluding Upper Body,20230722,eCQM Update 2025-05-08,Grouping,2.16.840.1.113883.3.464.1003.1181,Mechanical Complications Excluding Upper Body,ICD10CM,2025,2.16.840.1.113883.6.90,Eligible Clinicians,Functional Status Assessment for Total Hip Replacement,CMS56v14,Not Applicable,14,2f291003-3f2f-48af-bef9-e5aacb95ac3e,Ambulatory,No
Encounter,2.16.840.1.113883.3.666.5.307,Encounter Inpatient,20200307,eCQM Update 2025-05-08,Extensional,,,SNOMEDCT,2024-09,2.16.840.1.113883.6.96,Eligible Clinicians,Functional Status Assessment for Total Hip Replacement,CMS56v14,Not Applicable,14,2f291003-3f2f-48af-bef9-e5aacb95ac3e,Ambulatory,No
Encounter,2.16.840.1.113883.3.464.1003.1003,Hospice Encounter,20210820,eCQM Update 2025-05-08,Grouping,2.16.840.1.113883.3.464.1003.1001,Hospice Encounter,HCPCS,2025,2.16.840.1.113883.6.285,Eligible Clinicians,Functional Status Assessment for Total Hip Replacement,CMS56v14,Not Applicable,14,2f291003-3f2f-48af-bef9-e5aacb95ac3e,Ambulatory,No
Encounter,2.16.840.1.113883.3.464.1003.1003,Hospice Encounter,20210820,eCQM Update 2025-05-08,Grouping,2.16.840.1.113883.3.464.1003.1002,Hospice Encounter,SNOMEDCT,2024-09,2.16.840.1.113883.6.96,Eligible Clinicians,Functional Status Assessment for Total Hip Replacement,CMS56v14,Not Applicable,14,2f291003-3f2f-48af-bef9-e5aacb95ac3e,Ambulatory,No
Encounter,2.16.840.1.113883.3.464.1003.101.12.1001,Office Visit,20180310,eCQM Update 2025-05-08,Grouping,2.16.840.1.113883.3.464.1003.101.11.1264,Office Visit,SNOMEDCT,2024-09,2.16.840.1.113883.6.96,Eligible Clinicians,Functional Status Assessment for Total Hip Replacement,CMS56v14,Not Applicable,14,2f291003-3f2f-48af-bef9-e5aacb95ac3e,Ambulatory,No
Encounter,2.16.840.1.113883.3.464.1003.101.12.1001,Office Visit,20180310,eCQM Update 2025-05-08,Grouping,2.16.840.1.113883.3.464.1003.101.11.1005,Office Visit,CPT,2025,2.16.840.1.113883.6.12,Eligible Clinicians,Functional Status Assessment for Total Hip Replacement,CMS56v14,Not Applicable,14,2f291003-3f2f-48af-bef9-e5aacb95ac3e,Ambulatory,No
Encounter,2.16.840.1.113883.3.464.1003.101.12.1008,Outpatient Consultation,20240110,eCQM Update 2025-05-08,Grouping,2.16.840.1.113883.3.464.1003.101.11.1266,Outpatient Consultation,SNOMEDCT,2024-09,2.16.840.1.113883.6.96,Eligible Clinicians,Functional Status Assessment for Total Hip Replacement,CMS56v14,Not Applicable,14,2f291003-3f2f-48af-bef9-e5aacb95ac3e,Ambulatory,No
Encounter,2.16.840.1.113883.3.464.1003.101.12.1008,Outpatient Consultation,20240110,eCQM Update 2025-05-08,Grouping,2.16.840.1.113883.3.464.1003.101.11.1040,Outpatient Consultation,CPT,2025,2.16.840.1.113883.6.12,Eligible Clinicians,Functional Status Assessment for Total Hip Replacement,CMS56v14,Not Applicable,14,2f291003-3f2f-48af-bef9-e5aacb95ac3e,Ambulatory,No
Encounter,2.16.840.1.113883.3.464.1003.101.12.1080,Telephone Visits,20250205,eCQM Update 2025-05-08,Grouping,2.16.840.1.113883.3.464.1003.101.11.1287,Telephone Visits,SNOMEDCT,2024-09,2.16.840.1.113883.6.96,Eligible Clinicians,Functional Status Assessment for Total Hip Replacement,CMS56v14,Not Applicable,14,2f291003-3f2f-48af-bef9-e5aacb95ac3e,Ambulatory,No
Encounter,2.16.840.1.113883.3.464.1003.101.12.1080,Telephone Visits,20250205,eCQM Update 2025-05-08,Grouping,2.16.840.1.113883.3.464.1003.101.11.1260,Telephone Visits,CPT,"2025, 2024",2.16.840.1.113883.6.12,Eligible Clinicians,Functional Status Assessment for Total Hip Replacement,CMS56v14,Not Applicable,14,2f291003-3f2f-48af-bef9-e5aacb95ac3e,Ambulatory,No
Encounter,2.16.840.1.113883.3.464.1003.101.12.1089,Virtual Encounter,20210224,eCQM Update 2025-05-08,Grouping,2.16.840.1.113883.3.464.1003.101.11.1281,Virtual Encounter,CPT,2025,2.16.840.1.113883.6.12,Eligible Clinicians,Functional Status Assessment for Total Hip Replacement,CMS56v14,Not Applicable,14,2f291003-3f2f-48af-bef9-e5aacb95ac3e,Ambulatory,No
Encounter,2.16.840.1.113883.3.464.1003.101.12.1089,Virtual Encounter,20210224,eCQM Update 2025-05-08,Grouping,2.16.840.1.113883.3.464.1003.101.11.1282,Virtual Encounter,HCPCS,"2025, 2024",2.16.840.1.113883.6.285,Eligible Clinicians,Functional Status Assessment for Total Hip Replacement,CMS56v14,Not Applicable,14,2f291003-3f2f-48af-bef9-e5aacb95ac3e,Ambulatory,No
Individual Characteristic,2.16.840.1.114222.4.11.837,Ethnicity,20121025,eCQM Update 2025-05-08,Extensional,,,CDCREC,1.2,2.16.840.1.113883.6.238,Eligible Clinicians,Functional Status Assessment for Total Hip Replacement,CMS56v14,Not Applicable,14,2f291003-3f2f-48af-bef9-e5aacb95ac3e,Ambulatory,Yes
Individual Characteristic,2.16.840.1.113762.1.4.1021.121,Federal Administrative Sex,20250228,eCQM Update 2025-05-08,Extensional,,,SNOMEDCT,2024-09,2.16.840.1.113883.6.96,Eligible Clinicians,Functional Status Assessment for Total Hip Replacement,CMS56v14,Not Applicable,14,2f291003-3f2f-48af-bef9-e5aacb95ac3e,Ambulatory,Yes
Individual Characteristic,2.16.840.1.114222.4.11.3591,Payer Type,20221118,eCQM Update 2025-05-08,Intensional,,,SOP,9.2,2.16.840.1.113883.3.221.5,Eligible Clinicians,Functional Status Assessment for Total Hip Replacement,CMS56v14,Not Applicable,14,2f291003-3f2f-48af-bef9-e5aacb95ac3e,Ambulatory,Yes
Individual Characteristic,2.16.840.1.114222.4.11.836,Race,20121025,eCQM Update 2025-05-08,Extensional,,,CDCREC,1.2,2.16.840.1.113883.6.238,Eligible Clinicians,Functional Status Assessment for Total Hip Replacement,CMS56v14,Not Applicable,14,2f291003-3f2f-48af-bef9-e5aacb95ac3e,Ambulatory,Yes
Intervention,2.16.840.1.113883.3.526.3.1584,Hospice Care Ambulatory,20210825,eCQM Update 2025-05-08,Grouping,2.16.840.1.113762.1.4.1108.15,Hospice Care Ambulatory,SNOMEDCT,2024-09,2.16.840.1.113883.6.96,Eligible Clinicians,Functional Status Assessment for Total Hip Replacement,CMS56v14,Not Applicable,14,2f291003-3f2f-48af-bef9-e5aacb95ac3e,Ambulatory,No
Intervention,2.16.840.1.113883.3.526.3.1584,Hospice Care Ambulatory,20210825,eCQM Update 2025-05-08,Grouping,2.16.840.1.113883.3.464.1003.1008,Hospice Care Ambulatory,HCPCS,2025,2.16.840.1.113883.6.285,Eligible Clinicians,Functional Status Assessment for Total Hip Replacement,CMS56v14,Not Applicable,14,2f291003-3f2f-48af-bef9-e5aacb95ac3e,Ambulatory,No
Intervention,2.16.840.1.113883.3.526.3.1584,Hospice Care Ambulatory,20210825,eCQM Update 2025-05-08,Grouping,2.16.840.1.113883.3.464.1003.1007,Hospice Care Ambulatory,CPT,2025,2.16.840.1.113883.6.12,Eligible Clinicians,Functional Status Assessment for Total Hip Replacement,CMS56v14,Not Applicable,14,2f291003-3f2f-48af-bef9-e5aacb95ac3e,Ambulatory,No
Procedure,2.16.840.1.113883.3.464.1003.1184,Partial Arthroplasty of Hip,20230722,eCQM Update 2025-05-08,Grouping,2.16.840.1.113883.3.464.1003.1234,Partial Arthroplasty of Hip,CPT,2025,2.16.840.1.113883.6.12,Eligible Clinicians,Functional Status Assessment for Total Hip Replacement,CMS56v14,Not Applicable,14,2f291003-3f2f-48af-bef9-e5aacb95ac3e,Ambulatory,No
Procedure,2.16.840.1.113883.3.464.1003.1184,Partial Arthroplasty of Hip,20230722,eCQM Update 2025-05-08,Grouping,2.16.840.1.113883.3.464.1003.1183,Partial Arthroplasty of Hip,ICD10PCS,2025,2.16.840.1.113883.6.4,Eligible Clinicians,Functional Status Assessment for Total Hip Replacement,CMS56v14,Not Applicable,14,2f291003-3f2f-48af-bef9-e5aacb95ac3e,Ambulatory,No
Procedure,2.16.840.1.113883.3.464.1003.1184,Partial Arthroplasty of Hip,20230722,eCQM Update 2025-05-08,Grouping,2.16.840.1.113883.3.464.1003.1233,Partial Arthroplasty of Hip,SNOMEDCT,2024-09,2.16.840.1.113883.6.96,Eligible Clinicians,Functional Status Assessment for Total Hip Replacement,CMS56v14,Not Applicable,14,2f291003-3f2f-48af-bef9-e5aacb95ac3e,Ambulatory,No
Procedure,2.16.840.1.113883.3.464.1003.198.12.1006,Primary THA Procedure,20230831,eCQM Update 2025-05-08,Grouping,2.16.840.1.113883.3.464.1003.198.11.1080,Primary THA Procedure,SNOMEDCT,2024-09,2.16.840.1.113883.6.96,Eligible Clinicians,Functional Status Assessment for Total Hip Replacement,CMS56v14,Not Applicable,14,2f291003-3f2f-48af-bef9-e5aacb95ac3e,Ambulatory,No
Procedure,2.16.840.1.113883.3.464.1003.198.12.1006,Primary THA Procedure,20230831,eCQM Update 2025-05-08,Grouping,2.16.840.1.113883.3.464.1003.198.11.1009,Primary THA Procedure,CPT,2025,2.16.840.1.113883.6.12,Eligible Clinicians,Functional Status Assessment for Total Hip Replacement,CMS56v14,Not Applicable,14,2f291003-3f2f-48af-bef9-e5aacb95ac3e,Ambulatory,No
Procedure,2.16.840.1.113883.3.464.1003.198.12.1006,Primary THA Procedure,20230831,eCQM Update 2025-05-08,Grouping,2.16.840.1.113883.3.464.1003.1238,Primary THA Procedure,ICD10PCS,2025,2.16.840.1.113883.6.4,Eligible Clinicians,Functional Status Assessment for Total Hip Replacement,CMS56v14,Not Applicable,14,2f291003-3f2f-48af-bef9-e5aacb95ac3e,Ambulatory,No
Procedure,2.16.840.1.113883.3.464.1003.1189,"Removal, Revision and Supplement Procedures of the Lower Body and Spine",20230722,eCQM Update 2025-05-08,Grouping,2.16.840.1.113883.3.464.1003.1235,"Removal, Revision and Supplement Procedures of the Lower Body and Spine",SNOMEDCT,2024-09,2.16.840.1.113883.6.96,Eligible Clinicians,Functional Status Assessment for Total Hip Replacement,CMS56v14,Not Applicable,14,2f291003-3f2f-48af-bef9-e5aacb95ac3e,Ambulatory,No
Procedure,2.16.840.1.113883.3.464.1003.1189,"Removal, Revision and Supplement Procedures of the Lower Body and Spine",20230722,eCQM Update 2025-05-08,Grouping,2.16.840.1.113883.3.464.1003.1237,"Removal, Revision and Supplement Procedures of the Lower Body and Spine",HCPCS,2025,2.16.840.1.113883.6.285,Eligible Clinicians,Functional Status Assessment for Total Hip Replacement,CMS56v14,Not Applicable,14,2f291003-3f2f-48af-bef9-e5aacb95ac3e,Ambulatory,No
Procedure,2.16.840.1.113883.3.464.1003.1189,"Removal, Revision and Supplement Procedures of the Lower Body and Spine",20230722,eCQM Update 2025-05-08,Grouping,2.16.840.1.113883.3.464.1003.1188,"Removal, Revision and Supplement Procedures of the Lower Body and Spine",ICD10PCS,2025,2.16.840.1.113883.6.4,Eligible Clinicians,Functional Status Assessment for Total Hip Replacement,CMS56v14,Not Applicable,14,2f291003-3f2f-48af-bef9-e5aacb95ac3e,Ambulatory,No
Procedure,2.16.840.1.113883.3.464.1003.1189,"Removal, Revision and Supplement Procedures of the Lower Body and Spine",20230722,eCQM Update 2025-05-08,Grouping,2.16.840.1.113883.3.464.1003.1236,"Removal, Revision and Supplement Procedures of the Lower Body and Spine",CPT,2025,2.16.840.1.113883.6.12,Eligible Clinicians,Functional Status Assessment for Total Hip Replacement,CMS56v14,Not Applicable,14,2f291003-3f2f-48af-bef9-e5aacb95ac3e,Ambulatory,No
Condition/Diagnosis/Problem,2.16.840.1.113883.3.526.3.319,Prostate Cancer,20200306,eCQM Update 2025-05-08,Grouping,2.16.840.1.113883.3.526.2.91,Prostate Cancer,ICD10CM,2025,2.16.840.1.113883.6.90,Eligible Clinicians,Bone Density Evaluation for Patients with Prostate Cancer and Receiving Androgen Deprivation Therapy,CMS645v9,Not Applicable,9,977b302e-cdf3-4ba2-8020-5e099d93ad18,Ambulatory,No
Condition/Diagnosis/Problem,2.16.840.1.113883.3.526.3.319,Prostate Cancer,20200306,eCQM Update 2025-05-08,Grouping,2.16.840.1.113883.3.526.2.92,Prostate Cancer,SNOMEDCT,2024-09,2.16.840.1.113883.6.96,Eligible Clinicians,Bone Density Evaluation for Patients with Prostate Cancer and Receiving Androgen Deprivation Therapy,CMS645v9,Not Applicable,9,977b302e-cdf3-4ba2-8020-5e099d93ad18,Ambulatory,No
Diagnostic Study,2.16.840.1.113762.1.4.1248.359,DEXA Bone Density for Urology Care,20250312,eCQM Update 2025-05-08,Extensional,,,LOINC,2.78,2.16.840.1.113883.6.1,Eligible Clinicians,Bone Density Evaluation for Patients with Prostate Cancer and Receiving Androgen Deprivation Therapy,CMS645v9,Not Applicable,9,977b302e-cdf3-4ba2-8020-5e099d93ad18,Ambulatory,No
Encounter,2.16.840.1.113883.3.464.1003.101.12.1001,Office Visit,20180310,eCQM Update 2025-05-08,Grouping,2.16.840.1.113883.3.464.1003.101.11.1005,Office Visit,CPT,2025,2.16.840.1.113883.6.12,Eligible Clinicians,Bone Density Evaluation for Patients with Prostate Cancer and Receiving Androgen Deprivation Therapy,CMS645v9,Not Applicable,9,977b302e-cdf3-4ba2-8020-5e099d93ad18,Ambulatory,No
Encounter,2.16.840.1.113883.3.464.1003.101.12.1001,Office Visit,20180310,eCQM Update 2025-05-08,Grouping,2.16.840.1.113883.3.464.1003.101.11.1264,Office Visit,SNOMEDCT,2024-09,2.16.840.1.113883.6.96,Eligible Clinicians,Bone Density Evaluation for Patients with Prostate Cancer and Receiving Androgen Deprivation Therapy,CMS645v9,Not Applicable,9,977b302e-cdf3-4ba2-8020-5e099d93ad18,Ambulatory,No
Individual Characteristic,2.16.840.1.114222.4.11.837,Ethnicity,20121025,eCQM Update 2025-05-08,Extensional,,,CDCREC,1.2,2.16.840.1.113883.6.238,Eligible Clinicians,Bone Density Evaluation for Patients with Prostate Cancer and Receiving Androgen Deprivation Therapy,CMS645v9,Not Applicable,9,977b302e-cdf3-4ba2-8020-5e099d93ad18,Ambulatory,Yes
Individual Characteristic,2.16.840.1.113762.1.4.1021.121,Federal Administrative Sex,20250228,eCQM Update 2025-05-08,Extensional,,,SNOMEDCT,2024-09,2.16.840.1.113883.6.96,Eligible Clinicians,Bone Density Evaluation for Patients with Prostate Cancer and Receiving Androgen Deprivation Therapy,CMS645v9,Not Applicable,9,977b302e-cdf3-4ba2-8020-5e099d93ad18,Ambulatory,Yes
Individual Characteristic,2.16.840.1.114222.4.11.3591,Payer Type,20221118,eCQM Update 2025-05-08,Intensional,,,SOP,9.2,2.16.840.1.113883.3.221.5,Eligible Clinicians,Bone Density Evaluation for Patients with Prostate Cancer and Receiving Androgen Deprivation Therapy,CMS645v9,Not Applicable,9,977b302e-cdf3-4ba2-8020-5e099d93ad18,Ambulatory,Yes
Individual Characteristic,2.16.840.1.114222.4.11.836,Race,20121025,eCQM Update 2025-05-08,Extensional,,,CDCREC,1.2,2.16.840.1.113883.6.238,Eligible Clinicians,Bone Density Evaluation for Patients with Prostate Cancer and Receiving Androgen Deprivation Therapy,CMS645v9,Not Applicable,9,977b302e-cdf3-4ba2-8020-5e099d93ad18,Ambulatory,Yes
Medication,2.16.840.1.113762.1.4.1248.352,Androgen Deprivation Therapy for Urology Care,20250312,eCQM Update 2025-05-08,Extensional,,,RXNORM,2025-01,2.16.840.1.113883.6.88,Eligible Clinicians,Bone Density Evaluation for Patients with Prostate Cancer and Receiving Androgen Deprivation Therapy,CMS645v9,Not Applicable,9,977b302e-cdf3-4ba2-8020-5e099d93ad18,Ambulatory,No
,2.16.840.1.113883.3.526.3.1582,Patient Declined,20200307,eCQM Update 2025-05-08,Grouping,2.16.840.1.113883.3.600.791,Patient Declined,SNOMEDCT,2024-09,2.16.840.1.113883.6.96,Eligible Clinicians,Bone Density Evaluation for Patients with Prostate Cancer and Receiving Androgen Deprivation Therapy,CMS645v9,Not Applicable,9,977b302e-cdf3-4ba2-8020-5e099d93ad18,Ambulatory,No
Condition/Diagnosis/Problem,2.16.840.1.113762.1.4.1248.354,Bladder Cancer for Urology Care,20250312,eCQM Update 2025-05-08,Extensional,,,ICD10CM,2025,2.16.840.1.113883.6.90,Eligible Clinicians,Intravesical Bacillus-Calmette-Guerin for Non-Muscle Invasive Bladder Cancer,CMS646v6,Not Applicable,6,224b1722-aef9-4e7f-97f8-284267fc1b00,Ambulatory,No
Condition/Diagnosis/Problem,2.16.840.1.113883.3.464.1003.120.12.1003,HIV,20240106,eCQM Update 2025-05-08,Grouping,2.16.840.1.113883.3.464.1003.120.11.1008,HIV 2,SNOMEDCT,2024-09,2.16.840.1.113883.6.96,Eligible Clinicians,Intravesical Bacillus-Calmette-Guerin for Non-Muscle Invasive Bladder Cancer,CMS646v6,Not Applicable,6,224b1722-aef9-4e7f-97f8-284267fc1b00,Ambulatory,No
Condition/Diagnosis/Problem,2.16.840.1.113883.3.464.1003.120.12.1003,HIV,20240106,eCQM Update 2025-05-08,Grouping,2.16.840.1.113883.3.464.1003.120.11.1010,HIV 2,ICD10CM,2025,2.16.840.1.113883.6.90,Eligible Clinicians,Intravesical Bacillus-Calmette-Guerin for Non-Muscle Invasive Bladder Cancer,CMS646v6,Not Applicable,6,224b1722-aef9-4e7f-97f8-284267fc1b00,Ambulatory,No
Condition/Diagnosis/Problem,2.16.840.1.113883.3.464.1003.120.12.1003,HIV,20240106,eCQM Update 2025-05-08,Grouping,2.16.840.1.113883.3.464.1003.120.11.1005,HIV 1,SNOMEDCT,"2024-09, 2021-09, 2020-09, 2018-09, 2018-03",2.16.840.1.113883.6.96,Eligible Clinicians,Intravesical Bacillus-Calmette-Guerin for Non-Muscle Invasive Bladder Cancer,CMS646v6,Not Applicable,6,224b1722-aef9-4e7f-97f8-284267fc1b00,Ambulatory,No
Condition/Diagnosis/Problem,2.16.840.1.113883.3.464.1003.120.12.1003,HIV,20240106,eCQM Update 2025-05-08,Grouping,2.16.840.1.113883.3.464.1003.120.11.1007,HIV 1,ICD10CM,2025,2.16.840.1.113883.6.90,Eligible Clinicians,Intravesical Bacillus-Calmette-Guerin for Non-Muscle Invasive Bladder Cancer,CMS646v6,Not Applicable,6,224b1722-aef9-4e7f-97f8-284267fc1b00,Ambulatory,No
Condition/Diagnosis/Problem,2.16.840.1.113762.1.4.1248.363,Immunocompromised Conditions,20250312,eCQM Update 2025-05-08,Grouping,2.16.840.1.113762.1.4.1248.362,Immunocompromised Conditions,SNOMEDCT,2024-09,2.16.840.1.113883.6.96,Eligible Clinicians,Intravesical Bacillus-Calmette-Guerin for Non-Muscle Invasive Bladder Cancer,CMS646v6,Not Applicable,6,224b1722-aef9-4e7f-97f8-284267fc1b00,Ambulatory,No
Condition/Diagnosis/Problem,2.16.840.1.113762.1.4.1248.363,Immunocompromised Conditions,20250312,eCQM Update 2025-05-08,Grouping,2.16.840.1.113762.1.4.1248.361,Immunocompromised Conditions,ICD10CM,2025,2.16.840.1.113883.6.90,Eligible Clinicians,Intravesical Bacillus-Calmette-Guerin for Non-Muscle Invasive Bladder Cancer,CMS646v6,Not Applicable,6,224b1722-aef9-4e7f-97f8-284267fc1b00,Ambulatory,No
Condition/Diagnosis/Problem,2.16.840.1.113762.1.4.1248.365,Mixed Histology Urothelial Cell Carcinoma for Urology Care,20250312,eCQM Update 2025-05-08,Extensional,,,SNOMEDCT,2024-09,2.16.840.1.113883.6.96,Eligible Clinicians,Intravesical Bacillus-Calmette-Guerin for Non-Muscle Invasive Bladder Cancer,CMS646v6,Not Applicable,6,224b1722-aef9-4e7f-97f8-284267fc1b00,Ambulatory,No
Condition/Diagnosis/Problem,2.16.840.1.113762.1.4.1248.351,Tuberculosis for Urology Care,20250312,eCQM Update 2025-05-08,Grouping,2.16.840.1.113762.1.4.1248.349,Tuberculosis for Urology Care,ICD10CM,2025,2.16.840.1.113883.6.90,Eligible Clinicians,Intravesical Bacillus-Calmette-Guerin for Non-Muscle Invasive Bladder Cancer,CMS646v6,Not Applicable,6,224b1722-aef9-4e7f-97f8-284267fc1b00,Ambulatory,No
Condition/Diagnosis/Problem,2.16.840.1.113762.1.4.1248.351,Tuberculosis for Urology Care,20250312,eCQM Update 2025-05-08,Grouping,2.16.840.1.113762.1.4.1248.350,Tuberculosis for Urology Care,SNOMEDCT,2024-09,2.16.840.1.113883.6.96,Eligible Clinicians,Intravesical Bacillus-Calmette-Guerin for Non-Muscle Invasive Bladder Cancer,CMS646v6,Not Applicable,6,224b1722-aef9-4e7f-97f8-284267fc1b00,Ambulatory,No
Encounter,2.16.840.1.113883.3.464.1003.101.12.1001,Office Visit,20180310,eCQM Update 2025-05-08,Grouping,2.16.840.1.113883.3.464.1003.101.11.1005,Office Visit,CPT,2025,2.16.840.1.113883.6.12,Eligible Clinicians,Intravesical Bacillus-Calmette-Guerin for Non-Muscle Invasive Bladder Cancer,CMS646v6,Not Applicable,6,224b1722-aef9-4e7f-97f8-284267fc1b00,Ambulatory,No
Encounter,2.16.840.1.113883.3.464.1003.101.12.1001,Office Visit,20180310,eCQM Update 2025-05-08,Grouping,2.16.840.1.113883.3.464.1003.101.11.1264,Office Visit,SNOMEDCT,2024-09,2.16.840.1.113883.6.96,Eligible Clinicians,Intravesical Bacillus-Calmette-Guerin for Non-Muscle Invasive Bladder Cancer,CMS646v6,Not Applicable,6,224b1722-aef9-4e7f-97f8-284267fc1b00,Ambulatory,No
Individual Characteristic,2.16.840.1.114222.4.11.837,Ethnicity,20121025,eCQM Update 2025-05-08,Extensional,,,CDCREC,1.2,2.16.840.1.113883.6.238,Eligible Clinicians,Intravesical Bacillus-Calmette-Guerin for Non-Muscle Invasive Bladder Cancer,CMS646v6,Not Applicable,6,224b1722-aef9-4e7f-97f8-284267fc1b00,Ambulatory,Yes
Individual Characteristic,2.16.840.1.113762.1.4.1021.121,Federal Administrative Sex,20250228,eCQM Update 2025-05-08,Extensional,,,SNOMEDCT,2024-09,2.16.840.1.113883.6.96,Eligible Clinicians,Intravesical Bacillus-Calmette-Guerin for Non-Muscle Invasive Bladder Cancer,CMS646v6,Not Applicable,6,224b1722-aef9-4e7f-97f8-284267fc1b00,Ambulatory,Yes
Individual Characteristic,2.16.840.1.114222.4.11.3591,Payer Type,20221118,eCQM Update 2025-05-08,Intensional,,,SOP,9.2,2.16.840.1.113883.3.221.5,Eligible Clinicians,Intravesical Bacillus-Calmette-Guerin for Non-Muscle Invasive Bladder Cancer,CMS646v6,Not Applicable,6,224b1722-aef9-4e7f-97f8-284267fc1b00,Ambulatory,Yes
Individual Characteristic,2.16.840.1.114222.4.11.836,Race,20121025,eCQM Update 2025-05-08,Extensional,,,CDCREC,1.2,2.16.840.1.113883.6.238,Eligible Clinicians,Intravesical Bacillus-Calmette-Guerin for Non-Muscle Invasive Bladder Cancer,CMS646v6,Not Applicable,6,224b1722-aef9-4e7f-97f8-284267fc1b00,Ambulatory,Yes
Medication,2.16.840.1.113762.1.4.1248.353,Bacillus Calmette Guerin for Urology Care,20250312,eCQM Update 2025-05-08,Extensional,,,RXNORM,2025-01,2.16.840.1.113883.6.88,Eligible Clinicians,Intravesical Bacillus-Calmette-Guerin for Non-Muscle Invasive Bladder Cancer,CMS646v6,Not Applicable,6,224b1722-aef9-4e7f-97f8-284267fc1b00,Ambulatory,No
Medication,2.16.840.1.113762.1.4.1248.355,Chemotherapy Agents for Advanced Cancer,20250312,eCQM Update 2025-05-08,Extensional,,,RXNORM,2025-01,2.16.840.1.113883.6.88,Eligible Clinicians,Intravesical Bacillus-Calmette-Guerin for Non-Muscle Invasive Bladder Cancer,CMS646v6,Not Applicable,6,224b1722-aef9-4e7f-97f8-284267fc1b00,Ambulatory,No
Medication,2.16.840.1.113762.1.4.1248.364,Immunosuppressive Drugs for Urology Care,20250312,eCQM Update 2025-05-08,Extensional,,,RXNORM,2025-01,2.16.840.1.113883.6.88,Eligible Clinicians,Intravesical Bacillus-Calmette-Guerin for Non-Muscle Invasive Bladder Cancer,CMS646v6,Not Applicable,6,224b1722-aef9-4e7f-97f8-284267fc1b00,Ambulatory,No
Procedure,2.16.840.1.113762.1.4.1248.358,Cystectomy for Urology Care,20250312,eCQM Update 2025-05-08,Grouping,2.16.840.1.113762.1.4.1248.357,Cystectomy for Urology Care,SNOMEDCT,2024-09,2.16.840.1.113883.6.96,Eligible Clinicians,Intravesical Bacillus-Calmette-Guerin for Non-Muscle Invasive Bladder Cancer,CMS646v6,Not Applicable,6,224b1722-aef9-4e7f-97f8-284267fc1b00,Ambulatory,No
Procedure,2.16.840.1.113762.1.4.1248.358,Cystectomy for Urology Care,20250312,eCQM Update 2025-05-08,Grouping,2.16.840.1.113762.1.4.1248.356,Cystectomy for Urology Care,CPT,2025,2.16.840.1.113883.6.12,Eligible Clinicians,Intravesical Bacillus-Calmette-Guerin for Non-Muscle Invasive Bladder Cancer,CMS646v6,Not Applicable,6,224b1722-aef9-4e7f-97f8-284267fc1b00,Ambulatory,No
,2.16.840.1.113762.1.4.1248.369,Unavailability of Bacillus Calmette Guerin for Urology Care,20250312,eCQM Update 2025-05-08,Extensional,,,SNOMEDCT,2024-09,2.16.840.1.113883.6.96,Eligible Clinicians,Intravesical Bacillus-Calmette-Guerin for Non-Muscle Invasive Bladder Cancer,CMS646v6,Not Applicable,6,224b1722-aef9-4e7f-97f8-284267fc1b00,Ambulatory,No
Encounter,2.16.840.1.113883.3.600.1.1834,Encounter to Document Medications,20210220,eCQM Update 2025-05-08,Grouping,2.16.840.1.113883.3.464.1003.101.11.1125,"Preventive Care Services Established Office Visit, 18 and Up",CPT,2025,2.16.840.1.113883.6.12,Eligible Clinicians,Documentation of Current Medications in the Medical Record,CMS68v15,Not Applicable,15,9a032d9c-3d9b-11e1-8634-00237d5bf174,Ambulatory,No
Encounter,2.16.840.1.113883.3.600.1.1834,Encounter to Document Medications,20210220,eCQM Update 2025-05-08,Grouping,2.16.840.1.113883.3.600.1.1917,Encounter to Document Medications,SNOMEDCT,2024-09,2.16.840.1.113883.6.96,Eligible Clinicians,Documentation of Current Medications in the Medical Record,CMS68v15,Not Applicable,15,9a032d9c-3d9b-11e1-8634-00237d5bf174,Ambulatory,No
Encounter,2.16.840.1.113883.3.600.1.1834,Encounter to Document Medications,20210220,eCQM Update 2025-05-08,Grouping,2.16.840.1.113883.3.464.1003.101.11.1115,"Preventive Care Services Initial Office Visit, 18 and Up",CPT,2025,2.16.840.1.113883.6.12,Eligible Clinicians,Documentation of Current Medications in the Medical Record,CMS68v15,Not Applicable,15,9a032d9c-3d9b-11e1-8634-00237d5bf174,Ambulatory,No
Encounter,2.16.840.1.113883.3.600.1.1834,Encounter to Document Medications,20210220,eCQM Update 2025-05-08,Grouping,2.16.840.1.113883.3.600.1.1608,Encounter to Document Medications,HCPCS,2025,2.16.840.1.113883.6.285,Eligible Clinicians,Documentation of Current Medications in the Medical Record,CMS68v15,Not Applicable,15,9a032d9c-3d9b-11e1-8634-00237d5bf174,Ambulatory,No
Encounter,2.16.840.1.113883.3.600.1.1834,Encounter to Document Medications,20210220,eCQM Update 2025-05-08,Grouping,2.16.840.1.113883.3.600.1.1609,Encounter to Document Medications,CPT,2025,2.16.840.1.113883.6.12,Eligible Clinicians,Documentation of Current Medications in the Medical Record,CMS68v15,Not Applicable,15,9a032d9c-3d9b-11e1-8634-00237d5bf174,Ambulatory,No
Individual Characteristic,2.16.840.1.114222.4.11.837,Ethnicity,20121025,eCQM Update 2025-05-08,Extensional,,,CDCREC,1.2,2.16.840.1.113883.6.238,Eligible Clinicians,Documentation of Current Medications in the Medical Record,CMS68v15,Not Applicable,15,9a032d9c-3d9b-11e1-8634-00237d5bf174,Ambulatory,Yes
Individual Characteristic,2.16.840.1.113762.1.4.1021.121,Federal Administrative Sex,20250228,eCQM Update 2025-05-08,Extensional,,,SNOMEDCT,2024-09,2.16.840.1.113883.6.96,Eligible Clinicians,Documentation of Current Medications in the Medical Record,CMS68v15,Not Applicable,15,9a032d9c-3d9b-11e1-8634-00237d5bf174,Ambulatory,Yes
Individual Characteristic,2.16.840.1.114222.4.11.3591,Payer Type,20221118,eCQM Update 2025-05-08,Intensional,,,SOP,9.2,2.16.840.1.113883.3.221.5,Eligible Clinicians,Documentation of Current Medications in the Medical Record,CMS68v15,Not Applicable,15,9a032d9c-3d9b-11e1-8634-00237d5bf174,Ambulatory,Yes
Individual Characteristic,2.16.840.1.114222.4.11.836,Race,20121025,eCQM Update 2025-05-08,Extensional,,,CDCREC,1.2,2.16.840.1.113883.6.238,Eligible Clinicians,Documentation of Current Medications in the Medical Record,CMS68v15,Not Applicable,15,9a032d9c-3d9b-11e1-8634-00237d5bf174,Ambulatory,Yes
Condition/Diagnosis/Problem,2.16.840.1.113883.3.464.1003.1165,Hospice Diagnosis,20220818,eCQM Update 2025-05-08,Grouping,2.16.840.1.113883.3.464.1003.1166,Hospice Diagnosis,SNOMEDCT,2024-09,2.16.840.1.113883.6.96,Eligible Clinicians,Preventive Care and Screening Body Mass Index (BMI) Screening and Follow Up Plan,CMS69v14,Not Applicable,14,9a031bb8-3d9b-11e1-8634-00237d5bf174,Ambulatory,No
Condition/Diagnosis/Problem,2.16.840.1.113762.1.4.1047.502,Overweight or Obese,20180309,eCQM Update 2025-05-08,Grouping,2.16.840.1.113762.1.4.1047.501,Overweight or Obese,ICD10CM,2025,2.16.840.1.113883.6.90,Eligible Clinicians,Preventive Care and Screening Body Mass Index (BMI) Screening and Follow Up Plan,CMS69v14,Not Applicable,14,9a031bb8-3d9b-11e1-8634-00237d5bf174,Ambulatory,No
Condition/Diagnosis/Problem,2.16.840.1.113762.1.4.1047.502,Overweight or Obese,20180309,eCQM Update 2025-05-08,Grouping,2.16.840.1.113883.3.600.2387,Overweight or Obese,SNOMEDCT,2024-09,2.16.840.1.113883.6.96,Eligible Clinicians,Preventive Care and Screening Body Mass Index (BMI) Screening and Follow Up Plan,CMS69v14,Not Applicable,14,9a031bb8-3d9b-11e1-8634-00237d5bf174,Ambulatory,No
Condition/Diagnosis/Problem,2.16.840.1.113883.3.464.1003.1167,Palliative Care Diagnosis,20220820,eCQM Update 2025-05-08,Grouping,2.16.840.1.113883.3.464.1003.1169,Palliative Care Diagnosis,ICD10CM,2025,2.16.840.1.113883.6.90,Eligible Clinicians,Preventive Care and Screening Body Mass Index (BMI) Screening and Follow Up Plan,CMS69v14,Not Applicable,14,9a031bb8-3d9b-11e1-8634-00237d5bf174,Ambulatory,No
Condition/Diagnosis/Problem,2.16.840.1.113883.3.464.1003.1167,Palliative Care Diagnosis,20220820,eCQM Update 2025-05-08,Grouping,2.16.840.1.113883.3.464.1003.1168,Palliative Care Diagnosis,SNOMEDCT,2024-09,2.16.840.1.113883.6.96,Eligible Clinicians,Preventive Care and Screening Body Mass Index (BMI) Screening and Follow Up Plan,CMS69v14,Not Applicable,14,9a031bb8-3d9b-11e1-8634-00237d5bf174,Ambulatory,No
Condition/Diagnosis/Problem,2.16.840.1.113883.3.526.3.378,Pregnancy,20210218,eCQM Update 2025-05-08,Grouping,2.16.840.1.113883.3.526.2.242,Pregnancy,ICD10CM,2025,2.16.840.1.113883.6.90,Eligible Clinicians,Preventive Care and Screening Body Mass Index (BMI) Screening and Follow Up Plan,CMS69v14,Not Applicable,14,9a031bb8-3d9b-11e1-8634-00237d5bf174,Ambulatory,No
Condition/Diagnosis/Problem,2.16.840.1.113883.3.526.3.378,Pregnancy,20210218,eCQM Update 2025-05-08,Grouping,2.16.840.1.113883.3.526.2.532,Pregnancy,SNOMEDCT,2024-09,2.16.840.1.113883.6.96,Eligible Clinicians,Preventive Care and Screening Body Mass Index (BMI) Screening and Follow Up Plan,CMS69v14,Not Applicable,14,9a031bb8-3d9b-11e1-8634-00237d5bf174,Ambulatory,No
Condition/Diagnosis/Problem,2.16.840.1.113883.3.526.3.1563,Underweight,20220302,eCQM Update 2025-05-08,Grouping,2.16.840.1.113883.3.600.2388,Underweight,SNOMEDCT,2024-09,2.16.840.1.113883.6.96,Eligible Clinicians,Preventive Care and Screening Body Mass Index (BMI) Screening and Follow Up Plan,CMS69v14,Not Applicable,14,9a031bb8-3d9b-11e1-8634-00237d5bf174,Ambulatory,No
Condition/Diagnosis/Problem,2.16.840.1.113883.3.526.3.1563,Underweight,20220302,eCQM Update 2025-05-08,Grouping,2.16.840.1.113762.1.4.1108.99,Underweight,ICD10CM,2025,2.16.840.1.113883.6.90,Eligible Clinicians,Preventive Care and Screening Body Mass Index (BMI) Screening and Follow Up Plan,CMS69v14,Not Applicable,14,9a031bb8-3d9b-11e1-8634-00237d5bf174,Ambulatory,No
Encounter,2.16.840.1.113883.3.666.5.307,Encounter Inpatient,20200307,eCQM Update 2025-05-08,Extensional,,,SNOMEDCT,2024-09,2.16.840.1.113883.6.96,Eligible Clinicians,Preventive Care and Screening Body Mass Index (BMI) Screening and Follow Up Plan,CMS69v14,Not Applicable,14,9a031bb8-3d9b-11e1-8634-00237d5bf174,Ambulatory,No
Encounter,2.16.840.1.113883.3.600.1.1751,Encounter to Evaluate BMI,20210220,eCQM Update 2025-05-08,Grouping,2.16.840.1.113883.3.600.1.695,Encounter to Evaluate BMI,CPT,2025,2.16.840.1.113883.6.12,Eligible Clinicians,Preventive Care and Screening Body Mass Index (BMI) Screening and Follow Up Plan,CMS69v14,Not Applicable,14,9a031bb8-3d9b-11e1-8634-00237d5bf174,Ambulatory,No
Encounter,2.16.840.1.113883.3.600.1.1751,Encounter to Evaluate BMI,20210220,eCQM Update 2025-05-08,Grouping,2.16.840.1.113883.3.600.1.886,Encounter to Evaluate BMI,SNOMEDCT,2024-09,2.16.840.1.113883.6.96,Eligible Clinicians,Preventive Care and Screening Body Mass Index (BMI) Screening and Follow Up Plan,CMS69v14,Not Applicable,14,9a031bb8-3d9b-11e1-8634-00237d5bf174,Ambulatory,No
Encounter,2.16.840.1.113883.3.600.1.1751,Encounter to Evaluate BMI,20210220,eCQM Update 2025-05-08,Grouping,2.16.840.1.113883.3.464.1003.101.11.1115,"Preventive Care Services Initial Office Visit, 18 and Up",CPT,2025,2.16.840.1.113883.6.12,Eligible Clinicians,Preventive Care and Screening Body Mass Index (BMI) Screening and Follow Up Plan,CMS69v14,Not Applicable,14,9a031bb8-3d9b-11e1-8634-00237d5bf174,Ambulatory,No
Encounter,2.16.840.1.113883.3.600.1.1751,Encounter to Evaluate BMI,20210220,eCQM Update 2025-05-08,Grouping,2.16.840.1.113883.3.600.1.885,Encounter to Evaluate BMI,HCPCS,2025,2.16.840.1.113883.6.285,Eligible Clinicians,Preventive Care and Screening Body Mass Index (BMI) Screening and Follow Up Plan,CMS69v14,Not Applicable,14,9a031bb8-3d9b-11e1-8634-00237d5bf174,Ambulatory,No
Encounter,2.16.840.1.113883.3.600.1.1751,Encounter to Evaluate BMI,20210220,eCQM Update 2025-05-08,Grouping,2.16.840.1.113883.3.464.1003.101.11.1125,"Preventive Care Services Established Office Visit, 18 and Up",CPT,2025,2.16.840.1.113883.6.12,Eligible Clinicians,Preventive Care and Screening Body Mass Index (BMI) Screening and Follow Up Plan,CMS69v14,Not Applicable,14,9a031bb8-3d9b-11e1-8634-00237d5bf174,Ambulatory,No
Encounter,2.16.840.1.113883.3.600.1.1751,Encounter to Evaluate BMI,20210220,eCQM Update 2025-05-08,Grouping,2.16.840.1.113883.3.600.2466,Dental Tooth Extraction,CDT,2023,2.16.840.1.113883.6.13,Eligible Clinicians,Preventive Care and Screening Body Mass Index (BMI) Screening and Follow Up Plan,CMS69v14,Not Applicable,14,9a031bb8-3d9b-11e1-8634-00237d5bf174,Ambulatory,No
Encounter,2.16.840.1.113883.3.464.1003.1003,Hospice Encounter,20210820,eCQM Update 2025-05-08,Grouping,2.16.840.1.113883.3.464.1003.1001,Hospice Encounter,HCPCS,2025,2.16.840.1.113883.6.285,Eligible Clinicians,Preventive Care and Screening Body Mass Index (BMI) Screening and Follow Up Plan,CMS69v14,Not Applicable,14,9a031bb8-3d9b-11e1-8634-00237d5bf174,Ambulatory,No
Encounter,2.16.840.1.113883.3.464.1003.1003,Hospice Encounter,20210820,eCQM Update 2025-05-08,Grouping,2.16.840.1.113883.3.464.1003.1002,Hospice Encounter,SNOMEDCT,2024-09,2.16.840.1.113883.6.96,Eligible Clinicians,Preventive Care and Screening Body Mass Index (BMI) Screening and Follow Up Plan,CMS69v14,Not Applicable,14,9a031bb8-3d9b-11e1-8634-00237d5bf174,Ambulatory,No
Encounter,2.16.840.1.113883.3.464.1003.101.12.1090,Palliative Care Encounter,20210224,eCQM Update 2025-05-08,Grouping,2.16.840.1.113883.3.464.1003.101.11.1286,Palliative Encounter,SNOMEDCT,2024-09,2.16.840.1.113883.6.96,Eligible Clinicians,Preventive Care and Screening Body Mass Index (BMI) Screening and Follow Up Plan,CMS69v14,Not Applicable,14,9a031bb8-3d9b-11e1-8634-00237d5bf174,Ambulatory,No
Encounter,2.16.840.1.113883.3.464.1003.101.12.1090,Palliative Care Encounter,20210224,eCQM Update 2025-05-08,Grouping,2.16.840.1.113883.3.464.1003.101.11.1285,Palliative Encounter,HCPCS,2025,2.16.840.1.113883.6.285,Eligible Clinicians,Preventive Care and Screening Body Mass Index (BMI) Screening and Follow Up Plan,CMS69v14,Not Applicable,14,9a031bb8-3d9b-11e1-8634-00237d5bf174,Ambulatory,No
Individual Characteristic,2.16.840.1.114222.4.11.837,Ethnicity,20121025,eCQM Update 2025-05-08,Extensional,,,CDCREC,1.2,2.16.840.1.113883.6.238,Eligible Clinicians,Preventive Care and Screening Body Mass Index (BMI) Screening and Follow Up Plan,CMS69v14,Not Applicable,14,9a031bb8-3d9b-11e1-8634-00237d5bf174,Ambulatory,Yes
Individual Characteristic,2.16.840.1.113762.1.4.1021.121,Federal Administrative Sex,20250228,eCQM Update 2025-05-08,Extensional,,,SNOMEDCT,2024-09,2.16.840.1.113883.6.96,Eligible Clinicians,Preventive Care and Screening Body Mass Index (BMI) Screening and Follow Up Plan,CMS69v14,Not Applicable,14,9a031bb8-3d9b-11e1-8634-00237d5bf174,Ambulatory,Yes
Individual Characteristic,2.16.840.1.114222.4.11.3591,Payer Type,20221118,eCQM Update 2025-05-08,Intensional,,,SOP,9.2,2.16.840.1.113883.3.221.5,Eligible Clinicians,Preventive Care and Screening Body Mass Index (BMI) Screening and Follow Up Plan,CMS69v14,Not Applicable,14,9a031bb8-3d9b-11e1-8634-00237d5bf174,Ambulatory,Yes
Individual Characteristic,2.16.840.1.114222.4.11.836,Race,20121025,eCQM Update 2025-05-08,Extensional,,,CDCREC,1.2,2.16.840.1.113883.6.238,Eligible Clinicians,Preventive Care and Screening Body Mass Index (BMI) Screening and Follow Up Plan,CMS69v14,Not Applicable,14,9a031bb8-3d9b-11e1-8634-00237d5bf174,Ambulatory,Yes
Intervention,2.16.840.1.113883.3.600.1.1525,Follow Up for Above Normal BMI,20250201,eCQM Update 2025-05-08,Grouping,2.16.840.1.113883.3.600.1.1526,Follow Up for Above Normal BMI,SNOMEDCT,2024-09,2.16.840.1.113883.6.96,Eligible Clinicians,Preventive Care and Screening Body Mass Index (BMI) Screening and Follow Up Plan,CMS69v14,Not Applicable,14,9a031bb8-3d9b-11e1-8634-00237d5bf174,Ambulatory,No
Intervention,2.16.840.1.113883.3.600.1.1525,Follow Up for Above Normal BMI,20250201,eCQM Update 2025-05-08,Grouping,2.16.840.1.113762.1.4.1047.515,Bariatric Procedures,CPT,2025,2.16.840.1.113883.6.12,Eligible Clinicians,Preventive Care and Screening Body Mass Index (BMI) Screening and Follow Up Plan,CMS69v14,Not Applicable,14,9a031bb8-3d9b-11e1-8634-00237d5bf174,Ambulatory,No
Intervention,2.16.840.1.113883.3.600.1.1525,Follow Up for Above Normal BMI,20250201,eCQM Update 2025-05-08,Grouping,2.16.840.1.113883.3.600.1.1523,Follow Up for Above Normal BMI,ICD10CM,2025,2.16.840.1.113883.6.90,Eligible Clinicians,Preventive Care and Screening Body Mass Index (BMI) Screening and Follow Up Plan,CMS69v14,Not Applicable,14,9a031bb8-3d9b-11e1-8634-00237d5bf174,Ambulatory,No
Intervention,2.16.840.1.113883.3.600.1.1525,Follow Up for Above Normal BMI,20250201,eCQM Update 2025-05-08,Grouping,2.16.840.1.113883.3.600.1.1524,Follow Up for BMI Outside Normal Parameters,CPT,2025,2.16.840.1.113883.6.12,Eligible Clinicians,Preventive Care and Screening Body Mass Index (BMI) Screening and Follow Up Plan,CMS69v14,Not Applicable,14,9a031bb8-3d9b-11e1-8634-00237d5bf174,Ambulatory,No
Intervention,2.16.840.1.113883.3.600.1.1525,Follow Up for Above Normal BMI,20250201,eCQM Update 2025-05-08,Grouping,2.16.840.1.113883.3.600.1.1519,Follow Up for Above Normal BMI,HCPCS,2025,2.16.840.1.113883.6.285,Eligible Clinicians,Preventive Care and Screening Body Mass Index (BMI) Screening and Follow Up Plan,CMS69v14,Not Applicable,14,9a031bb8-3d9b-11e1-8634-00237d5bf174,Ambulatory,No
Intervention,2.16.840.1.113883.3.600.1.1528,Follow Up for Below Normal BMI,20200307,eCQM Update 2025-05-08,Grouping,2.16.840.1.113883.3.600.1.1551,Follow Up for Below Normal BMI,SNOMEDCT,2024-09,2.16.840.1.113883.6.96,Eligible Clinicians,Preventive Care and Screening Body Mass Index (BMI) Screening and Follow Up Plan,CMS69v14,Not Applicable,14,9a031bb8-3d9b-11e1-8634-00237d5bf174,Ambulatory,No
Intervention,2.16.840.1.113883.3.600.1.1528,Follow Up for Below Normal BMI,20200307,eCQM Update 2025-05-08,Grouping,2.16.840.1.113883.3.600.1.1524,Follow Up for BMI Outside Normal Parameters,CPT,2025,2.16.840.1.113883.6.12,Eligible Clinicians,Preventive Care and Screening Body Mass Index (BMI) Screening and Follow Up Plan,CMS69v14,Not Applicable,14,9a031bb8-3d9b-11e1-8634-00237d5bf174,Ambulatory,No
Intervention,2.16.840.1.113883.3.600.1.1528,Follow Up for Below Normal BMI,20200307,eCQM Update 2025-05-08,Grouping,2.16.840.1.113883.3.600.1.1549,Follow Up for Below Normal BMI,ICD10CM,2025,2.16.840.1.113883.6.90,Eligible Clinicians,Preventive Care and Screening Body Mass Index (BMI) Screening and Follow Up Plan,CMS69v14,Not Applicable,14,9a031bb8-3d9b-11e1-8634-00237d5bf174,Ambulatory,No
Intervention,2.16.840.1.113883.3.600.1.1528,Follow Up for Below Normal BMI,20200307,eCQM Update 2025-05-08,Grouping,2.16.840.1.113883.3.600.1.1550,Follow Up for Below Normal BMI,HCPCS,2025,2.16.840.1.113883.6.285,Eligible Clinicians,Preventive Care and Screening Body Mass Index (BMI) Screening and Follow Up Plan,CMS69v14,Not Applicable,14,9a031bb8-3d9b-11e1-8634-00237d5bf174,Ambulatory,No
Intervention,2.16.840.1.113883.3.526.3.1584,Hospice Care Ambulatory,20210825,eCQM Update 2025-05-08,Grouping,2.16.840.1.113883.3.464.1003.1007,Hospice Care Ambulatory,CPT,2025,2.16.840.1.113883.6.12,Eligible Clinicians,Preventive Care and Screening Body Mass Index (BMI) Screening and Follow Up Plan,CMS69v14,Not Applicable,14,9a031bb8-3d9b-11e1-8634-00237d5bf174,Ambulatory,No
Intervention,2.16.840.1.113883.3.526.3.1584,Hospice Care Ambulatory,20210825,eCQM Update 2025-05-08,Grouping,2.16.840.1.113883.3.464.1003.1008,Hospice Care Ambulatory,HCPCS,2025,2.16.840.1.113883.6.285,Eligible Clinicians,Preventive Care and Screening Body Mass Index (BMI) Screening and Follow Up Plan,CMS69v14,Not Applicable,14,9a031bb8-3d9b-11e1-8634-00237d5bf174,Ambulatory,No
Intervention,2.16.840.1.113883.3.526.3.1584,Hospice Care Ambulatory,20210825,eCQM Update 2025-05-08,Grouping,2.16.840.1.113762.1.4.1108.15,Hospice Care Ambulatory,SNOMEDCT,2024-09,2.16.840.1.113883.6.96,Eligible Clinicians,Preventive Care and Screening Body Mass Index (BMI) Screening and Follow Up Plan,CMS69v14,Not Applicable,14,9a031bb8-3d9b-11e1-8634-00237d5bf174,Ambulatory,No
Intervention,2.16.840.1.113883.3.464.1003.198.12.1135,Palliative Care Intervention,20210224,eCQM Update 2025-05-08,Grouping,2.16.840.1.113883.3.464.1003.198.11.1148,Palliative Intervention,SNOMEDCT,2024-09,2.16.840.1.113883.6.96,Eligible Clinicians,Preventive Care and Screening Body Mass Index (BMI) Screening and Follow Up Plan,CMS69v14,Not Applicable,14,9a031bb8-3d9b-11e1-8634-00237d5bf174,Ambulatory,No
Intervention,2.16.840.1.113883.3.600.1.1527,Referrals Where Weight Assessment May Occur,20170504,eCQM Update 2025-05-08,Grouping,2.16.840.1.113883.3.600.1.1610,Referrals Where Weight Assessment May Occur,SNOMEDCT,2024-09,2.16.840.1.113883.6.96,Eligible Clinicians,Preventive Care and Screening Body Mass Index (BMI) Screening and Follow Up Plan,CMS69v14,Not Applicable,14,9a031bb8-3d9b-11e1-8634-00237d5bf174,Ambulatory,No
Medication,2.16.840.1.113883.3.526.3.1561,Medications for Above Normal BMI,20210220,eCQM Update 2025-05-08,Grouping,2.16.840.1.113883.3.600.1.1498,Medications for Above Normal BMI,RXNORM,2025-01,2.16.840.1.113883.6.88,Eligible Clinicians,Preventive Care and Screening Body Mass Index (BMI) Screening and Follow Up Plan,CMS69v14,Not Applicable,14,9a031bb8-3d9b-11e1-8634-00237d5bf174,Ambulatory,No
Medication,2.16.840.1.113883.3.526.3.1562,Medications for Below Normal BMI,20210220,eCQM Update 2025-05-08,Grouping,2.16.840.1.113883.3.600.1.1499,Medications for Below Normal BMI,RXNORM,2025-01,2.16.840.1.113883.6.88,Eligible Clinicians,Preventive Care and Screening Body Mass Index (BMI) Screening and Follow Up Plan,CMS69v14,Not Applicable,14,9a031bb8-3d9b-11e1-8634-00237d5bf174,Ambulatory,No
,2.16.840.1.113883.3.526.3.1007,Medical Reason,20170504,eCQM Update 2025-05-08,Grouping,2.16.840.1.113883.3.526.2.313,Medical Reason,SNOMEDCT,2024-09,2.16.840.1.113883.6.96,Eligible Clinicians,Preventive Care and Screening Body Mass Index (BMI) Screening and Follow Up Plan,CMS69v14,Not Applicable,14,9a031bb8-3d9b-11e1-8634-00237d5bf174,Ambulatory,No
,2.16.840.1.113883.3.526.3.1582,Patient Declined,20200307,eCQM Update 2025-05-08,Grouping,2.16.840.1.113883.3.600.791,Patient Declined,SNOMEDCT,2024-09,2.16.840.1.113883.6.96,Eligible Clinicians,Preventive Care and Screening Body Mass Index (BMI) Screening and Follow Up Plan,CMS69v14,Not Applicable,14,9a031bb8-3d9b-11e1-8634-00237d5bf174,Ambulatory,No
Condition/Diagnosis/Problem,2.16.840.1.113883.3.464.1003.1165,Hospice Diagnosis,20220818,eCQM Update 2025-05-08,Grouping,2.16.840.1.113883.3.464.1003.1166,Hospice Diagnosis,SNOMEDCT,2024-09,2.16.840.1.113883.6.96,Eligible Clinicians,Primary Caries Prevention Intervention as Offered by Dentists,CMS74v15,Not Applicable,15,0b81b6ba-3b30-41bf-a2f3-95bdc9f558f2,Ambulatory,No
Encounter,2.16.840.1.113883.3.464.1003.125.12.1003,Clinical Oral Evaluation,20170504,eCQM Update 2025-05-08,Grouping,2.16.840.1.113883.3.464.1003.125.11.1010,Clinical Oral Evaluation,CDT,2023,2.16.840.1.113883.6.13,Eligible Clinicians,Primary Caries Prevention Intervention as Offered by Dentists,CMS74v15,Not Applicable,15,0b81b6ba-3b30-41bf-a2f3-95bdc9f558f2,Ambulatory,No
Encounter,2.16.840.1.113883.3.666.5.307,Encounter Inpatient,20200307,eCQM Update 2025-05-08,Extensional,,,SNOMEDCT,2024-09,2.16.840.1.113883.6.96,Eligible Clinicians,Primary Caries Prevention Intervention as Offered by Dentists,CMS74v15,Not Applicable,15,0b81b6ba-3b30-41bf-a2f3-95bdc9f558f2,Ambulatory,No
Encounter,2.16.840.1.113883.3.464.1003.1003,Hospice Encounter,20210820,eCQM Update 2025-05-08,Grouping,2.16.840.1.113883.3.464.1003.1002,Hospice Encounter,SNOMEDCT,2024-09,2.16.840.1.113883.6.96,Eligible Clinicians,Primary Caries Prevention Intervention as Offered by Dentists,CMS74v15,Not Applicable,15,0b81b6ba-3b30-41bf-a2f3-95bdc9f558f2,Ambulatory,No
Encounter,2.16.840.1.113883.3.464.1003.1003,Hospice Encounter,20210820,eCQM Update 2025-05-08,Grouping,2.16.840.1.113883.3.464.1003.1001,Hospice Encounter,HCPCS,2025,2.16.840.1.113883.6.285,Eligible Clinicians,Primary Caries Prevention Intervention as Offered by Dentists,CMS74v15,Not Applicable,15,0b81b6ba-3b30-41bf-a2f3-95bdc9f558f2,Ambulatory,No
Individual Characteristic,2.16.840.1.114222.4.11.837,Ethnicity,20121025,eCQM Update 2025-05-08,Extensional,,,CDCREC,1.2,2.16.840.1.113883.6.238,Eligible Clinicians,Primary Caries Prevention Intervention as Offered by Dentists,CMS74v15,Not Applicable,15,0b81b6ba-3b30-41bf-a2f3-95bdc9f558f2,Ambulatory,Yes
Individual Characteristic,2.16.840.1.113762.1.4.1021.121,Federal Administrative Sex,20250228,eCQM Update 2025-05-08,Extensional,,,SNOMEDCT,2024-09,2.16.840.1.113883.6.96,Eligible Clinicians,Primary Caries Prevention Intervention as Offered by Dentists,CMS74v15,Not Applicable,15,0b81b6ba-3b30-41bf-a2f3-95bdc9f558f2,Ambulatory,Yes
Individual Characteristic,2.16.840.1.114222.4.11.3591,Payer Type,20221118,eCQM Update 2025-05-08,Intensional,,,SOP,9.2,2.16.840.1.113883.3.221.5,Eligible Clinicians,Primary Caries Prevention Intervention as Offered by Dentists,CMS74v15,Not Applicable,15,0b81b6ba-3b30-41bf-a2f3-95bdc9f558f2,Ambulatory,Yes
Individual Characteristic,2.16.840.1.114222.4.11.836,Race,20121025,eCQM Update 2025-05-08,Extensional,,,CDCREC,1.2,2.16.840.1.113883.6.238,Eligible Clinicians,Primary Caries Prevention Intervention as Offered by Dentists,CMS74v15,Not Applicable,15,0b81b6ba-3b30-41bf-a2f3-95bdc9f558f2,Ambulatory,Yes
Intervention,2.16.840.1.113883.3.526.3.1584,Hospice Care Ambulatory,20210825,eCQM Update 2025-05-08,Grouping,2.16.840.1.113883.3.464.1003.1007,Hospice Care Ambulatory,CPT,2025,2.16.840.1.113883.6.12,Eligible Clinicians,Primary Caries Prevention Intervention as Offered by Dentists,CMS74v15,Not Applicable,15,0b81b6ba-3b30-41bf-a2f3-95bdc9f558f2,Ambulatory,No
Intervention,2.16.840.1.113883.3.526.3.1584,Hospice Care Ambulatory,20210825,eCQM Update 2025-05-08,Grouping,2.16.840.1.113762.1.4.1108.15,Hospice Care Ambulatory,SNOMEDCT,2024-09,2.16.840.1.113883.6.96,Eligible Clinicians,Primary Caries Prevention Intervention as Offered by Dentists,CMS74v15,Not Applicable,15,0b81b6ba-3b30-41bf-a2f3-95bdc9f558f2,Ambulatory,No
Intervention,2.16.840.1.113883.3.526.3.1584,Hospice Care Ambulatory,20210825,eCQM Update 2025-05-08,Grouping,2.16.840.1.113883.3.464.1003.1008,Hospice Care Ambulatory,HCPCS,2025,2.16.840.1.113883.6.285,Eligible Clinicians,Primary Caries Prevention Intervention as Offered by Dentists,CMS74v15,Not Applicable,15,0b81b6ba-3b30-41bf-a2f3-95bdc9f558f2,Ambulatory,No
Procedure,2.16.840.1.113883.3.464.1003.125.12.1002,Fluoride Varnish Application for Children,20210928,eCQM Update 2025-05-08,Grouping,2.16.840.1.113883.3.464.1003.125.11.1011,Fluoride Varnish Application for Children,CDT,2023,2.16.840.1.113883.6.13,Eligible Clinicians,Primary Caries Prevention Intervention as Offered by Dentists,CMS74v15,Not Applicable,15,0b81b6ba-3b30-41bf-a2f3-95bdc9f558f2,Ambulatory,No
Procedure,2.16.840.1.113883.3.464.1003.125.12.1002,Fluoride Varnish Application for Children,20210928,eCQM Update 2025-05-08,Grouping,2.16.840.1.113883.3.464.1003.125.11.1004,Fluoride Varnish Application for Children,SNOMEDCT,2024-09,2.16.840.1.113883.6.96,Eligible Clinicians,Primary Caries Prevention Intervention as Offered by Dentists,CMS74v15,Not Applicable,15,0b81b6ba-3b30-41bf-a2f3-95bdc9f558f2,Ambulatory,No
Condition/Diagnosis/Problem,2.16.840.1.113883.3.464.1003.125.12.1004,Dental Caries,20210220,eCQM Update 2025-05-08,Grouping,2.16.840.1.113883.3.464.1003.125.11.1007,Dental Caries,SNOMEDCT,2024-09,2.16.840.1.113883.6.96,Eligible Clinicians,Children Who Have Dental Decay or Cavities,CMS75v14,Not Applicable,14,61947125-4376-4a7b-ab7a-ac2be9bd9138,Ambulatory,No
Condition/Diagnosis/Problem,2.16.840.1.113883.3.464.1003.125.12.1004,Dental Caries,20210220,eCQM Update 2025-05-08,Grouping,2.16.840.1.113883.3.464.1003.125.11.1009,Dental Caries,ICD10CM,2025,2.16.840.1.113883.6.90,Eligible Clinicians,Children Who Have Dental Decay or Cavities,CMS75v14,Not Applicable,14,61947125-4376-4a7b-ab7a-ac2be9bd9138,Ambulatory,No
Condition/Diagnosis/Problem,2.16.840.1.113883.3.464.1003.1165,Hospice Diagnosis,20220818,eCQM Update 2025-05-08,Grouping,2.16.840.1.113883.3.464.1003.1166,Hospice Diagnosis,SNOMEDCT,2024-09,2.16.840.1.113883.6.96,Eligible Clinicians,Children Who Have Dental Decay or Cavities,CMS75v14,Not Applicable,14,61947125-4376-4a7b-ab7a-ac2be9bd9138,Ambulatory,No
Encounter,2.16.840.1.113883.3.464.1003.125.12.1003,Clinical Oral Evaluation,20170504,eCQM Update 2025-05-08,Grouping,2.16.840.1.113883.3.464.1003.125.11.1010,Clinical Oral Evaluation,CDT,2023,2.16.840.1.113883.6.13,Eligible Clinicians,Children Who Have Dental Decay or Cavities,CMS75v14,Not Applicable,14,61947125-4376-4a7b-ab7a-ac2be9bd9138,Ambulatory,No
Encounter,2.16.840.1.113883.3.666.5.307,Encounter Inpatient,20200307,eCQM Update 2025-05-08,Extensional,,,SNOMEDCT,2024-09,2.16.840.1.113883.6.96,Eligible Clinicians,Children Who Have Dental Decay or Cavities,CMS75v14,Not Applicable,14,61947125-4376-4a7b-ab7a-ac2be9bd9138,Ambulatory,No
Encounter,2.16.840.1.113883.3.464.1003.1003,Hospice Encounter,20210820,eCQM Update 2025-05-08,Grouping,2.16.840.1.113883.3.464.1003.1001,Hospice Encounter,HCPCS,2025,2.16.840.1.113883.6.285,Eligible Clinicians,Children Who Have Dental Decay or Cavities,CMS75v14,Not Applicable,14,61947125-4376-4a7b-ab7a-ac2be9bd9138,Ambulatory,No
Encounter,2.16.840.1.113883.3.464.1003.1003,Hospice Encounter,20210820,eCQM Update 2025-05-08,Grouping,2.16.840.1.113883.3.464.1003.1002,Hospice Encounter,SNOMEDCT,2024-09,2.16.840.1.113883.6.96,Eligible Clinicians,Children Who Have Dental Decay or Cavities,CMS75v14,Not Applicable,14,61947125-4376-4a7b-ab7a-ac2be9bd9138,Ambulatory,No
Individual Characteristic,2.16.840.1.114222.4.11.837,Ethnicity,20121025,eCQM Update 2025-05-08,Extensional,,,CDCREC,1.2,2.16.840.1.113883.6.238,Eligible Clinicians,Children Who Have Dental Decay or Cavities,CMS75v14,Not Applicable,14,61947125-4376-4a7b-ab7a-ac2be9bd9138,Ambulatory,Yes
Individual Characteristic,2.16.840.1.113762.1.4.1021.121,Federal Administrative Sex,20250228,eCQM Update 2025-05-08,Extensional,,,SNOMEDCT,2024-09,2.16.840.1.113883.6.96,Eligible Clinicians,Children Who Have Dental Decay or Cavities,CMS75v14,Not Applicable,14,61947125-4376-4a7b-ab7a-ac2be9bd9138,Ambulatory,Yes
Individual Characteristic,2.16.840.1.114222.4.11.3591,Payer Type,20221118,eCQM Update 2025-05-08,Intensional,,,SOP,9.2,2.16.840.1.113883.3.221.5,Eligible Clinicians,Children Who Have Dental Decay or Cavities,CMS75v14,Not Applicable,14,61947125-4376-4a7b-ab7a-ac2be9bd9138,Ambulatory,Yes
Individual Characteristic,2.16.840.1.114222.4.11.836,Race,20121025,eCQM Update 2025-05-08,Extensional,,,CDCREC,1.2,2.16.840.1.113883.6.238,Eligible Clinicians,Children Who Have Dental Decay or Cavities,CMS75v14,Not Applicable,14,61947125-4376-4a7b-ab7a-ac2be9bd9138,Ambulatory,Yes
Intervention,2.16.840.1.113883.3.526.3.1584,Hospice Care Ambulatory,20210825,eCQM Update 2025-05-08,Grouping,2.16.840.1.113883.3.464.1003.1007,Hospice Care Ambulatory,CPT,2025,2.16.840.1.113883.6.12,Eligible Clinicians,Children Who Have Dental Decay or Cavities,CMS75v14,Not Applicable,14,61947125-4376-4a7b-ab7a-ac2be9bd9138,Ambulatory,No
Intervention,2.16.840.1.113883.3.526.3.1584,Hospice Care Ambulatory,20210825,eCQM Update 2025-05-08,Grouping,2.16.840.1.113883.3.464.1003.1008,Hospice Care Ambulatory,HCPCS,2025,2.16.840.1.113883.6.285,Eligible Clinicians,Children Who Have Dental Decay or Cavities,CMS75v14,Not Applicable,14,61947125-4376-4a7b-ab7a-ac2be9bd9138,Ambulatory,No
Intervention,2.16.840.1.113883.3.526.3.1584,Hospice Care Ambulatory,20210825,eCQM Update 2025-05-08,Grouping,2.16.840.1.113762.1.4.1108.15,Hospice Care Ambulatory,SNOMEDCT,2024-09,2.16.840.1.113883.6.96,Eligible Clinicians,Children Who Have Dental Decay or Cavities,CMS75v14,Not Applicable,14,61947125-4376-4a7b-ab7a-ac2be9bd9138,Ambulatory,No
Condition/Diagnosis/Problem,2.16.840.1.113762.1.4.1248.368,Morbid Obesity,20250312,eCQM Update 2025-05-08,Grouping,2.16.840.1.113762.1.4.1248.367,Morbid Obesity,SNOMEDCT,2024-09,2.16.840.1.113883.6.96,Eligible Clinicians,Urinary Symptom Score Change 6-12 Months After Diagnosis of Benign Prostatic Hyperplasia,CMS771v7,Not Applicable,7,1c05c6c0-8099-4270-83ce-292cf6e35c51,Ambulatory,No
Condition/Diagnosis/Problem,2.16.840.1.113762.1.4.1248.368,Morbid Obesity,20250312,eCQM Update 2025-05-08,Grouping,2.16.840.1.113762.1.4.1248.366,Morbid Obesity,ICD10CM,2025,2.16.840.1.113883.6.90,Eligible Clinicians,Urinary Symptom Score Change 6-12 Months After Diagnosis of Benign Prostatic Hyperplasia,CMS771v7,Not Applicable,7,1c05c6c0-8099-4270-83ce-292cf6e35c51,Ambulatory,No
Condition/Diagnosis/Problem,2.16.840.1.113762.1.4.1248.372,Urinary Retention,20250312,eCQM Update 2025-05-08,Grouping,2.16.840.1.113762.1.4.1248.371,Urinary Retention,SNOMEDCT,2024-09,2.16.840.1.113883.6.96,Eligible Clinicians,Urinary Symptom Score Change 6-12 Months After Diagnosis of Benign Prostatic Hyperplasia,CMS771v7,Not Applicable,7,1c05c6c0-8099-4270-83ce-292cf6e35c51,Ambulatory,No
Condition/Diagnosis/Problem,2.16.840.1.113762.1.4.1248.372,Urinary Retention,20250312,eCQM Update 2025-05-08,Grouping,2.16.840.1.113762.1.4.1248.370,Urinary Retention,ICD10CM,2025,2.16.840.1.113883.6.90,Eligible Clinicians,Urinary Symptom Score Change 6-12 Months After Diagnosis of Benign Prostatic Hyperplasia,CMS771v7,Not Applicable,7,1c05c6c0-8099-4270-83ce-292cf6e35c51,Ambulatory,No
Encounter,2.16.840.1.113762.1.4.1248.360,Hospital Services for Urology Care,20250312,eCQM Update 2025-05-08,Extensional,,,CPT,2025,2.16.840.1.113883.6.12,Eligible Clinicians,Urinary Symptom Score Change 6-12 Months After Diagnosis of Benign Prostatic Hyperplasia,CMS771v7,Not Applicable,7,1c05c6c0-8099-4270-83ce-292cf6e35c51,Ambulatory,No
Encounter,2.16.840.1.113883.3.464.1003.101.12.1001,Office Visit,20180310,eCQM Update 2025-05-08,Grouping,2.16.840.1.113883.3.464.1003.101.11.1005,Office Visit,CPT,2025,2.16.840.1.113883.6.12,Eligible Clinicians,Urinary Symptom Score Change 6-12 Months After Diagnosis of Benign Prostatic Hyperplasia,CMS771v7,Not Applicable,7,1c05c6c0-8099-4270-83ce-292cf6e35c51,Ambulatory,No
Encounter,2.16.840.1.113883.3.464.1003.101.12.1001,Office Visit,20180310,eCQM Update 2025-05-08,Grouping,2.16.840.1.113883.3.464.1003.101.11.1264,Office Visit,SNOMEDCT,2024-09,2.16.840.1.113883.6.96,Eligible Clinicians,Urinary Symptom Score Change 6-12 Months After Diagnosis of Benign Prostatic Hyperplasia,CMS771v7,Not Applicable,7,1c05c6c0-8099-4270-83ce-292cf6e35c51,Ambulatory,No
Individual Characteristic,2.16.840.1.114222.4.11.837,Ethnicity,20121025,eCQM Update 2025-05-08,Extensional,,,CDCREC,1.2,2.16.840.1.113883.6.238,Eligible Clinicians,Urinary Symptom Score Change 6-12 Months After Diagnosis of Benign Prostatic Hyperplasia,CMS771v7,Not Applicable,7,1c05c6c0-8099-4270-83ce-292cf6e35c51,Ambulatory,Yes
Individual Characteristic,2.16.840.1.113762.1.4.1021.121,Federal Administrative Sex,20250228,eCQM Update 2025-05-08,Extensional,,,SNOMEDCT,2024-09,2.16.840.1.113883.6.96,Eligible Clinicians,Urinary Symptom Score Change 6-12 Months After Diagnosis of Benign Prostatic Hyperplasia,CMS771v7,Not Applicable,7,1c05c6c0-8099-4270-83ce-292cf6e35c51,Ambulatory,Yes
Individual Characteristic,2.16.840.1.114222.4.11.3591,Payer Type,20221118,eCQM Update 2025-05-08,Intensional,,,SOP,9.2,2.16.840.1.113883.3.221.5,Eligible Clinicians,Urinary Symptom Score Change 6-12 Months After Diagnosis of Benign Prostatic Hyperplasia,CMS771v7,Not Applicable,7,1c05c6c0-8099-4270-83ce-292cf6e35c51,Ambulatory,Yes
Individual Characteristic,2.16.840.1.114222.4.11.836,Race,20121025,eCQM Update 2025-05-08,Extensional,,,CDCREC,1.2,2.16.840.1.113883.6.238,Eligible Clinicians,Urinary Symptom Score Change 6-12 Months After Diagnosis of Benign Prostatic Hyperplasia,CMS771v7,Not Applicable,7,1c05c6c0-8099-4270-83ce-292cf6e35c51,Ambulatory,Yes
Condition/Diagnosis/Problem,2.16.840.1.113883.3.526.3.376,Heart Failure,20210218,eCQM Update 2025-05-08,Grouping,2.16.840.1.113883.3.526.2.24,Heart Failure,ICD10CM,2025,2.16.840.1.113883.6.90,Eligible Clinicians,Functional Status Assessments for Heart Failure,CMS90v15,Not Applicable,15,bb9b8ef7-0354-40e0-bec7-d6891b7df519,Ambulatory,No
Condition/Diagnosis/Problem,2.16.840.1.113883.3.526.3.376,Heart Failure,20210218,eCQM Update 2025-05-08,Grouping,2.16.840.1.113883.3.526.2.25,Heart Failure,SNOMEDCT,2024-09,2.16.840.1.113883.6.96,Eligible Clinicians,Functional Status Assessments for Heart Failure,CMS90v15,Not Applicable,15,bb9b8ef7-0354-40e0-bec7-d6891b7df519,Ambulatory,No
Condition/Diagnosis/Problem,2.16.840.1.113883.3.464.1003.1165,Hospice Diagnosis,20220818,eCQM Update 2025-05-08,Grouping,2.16.840.1.113883.3.464.1003.1166,Hospice Diagnosis,SNOMEDCT,2024-09,2.16.840.1.113883.6.96,Eligible Clinicians,Functional Status Assessments for Heart Failure,CMS90v15,Not Applicable,15,bb9b8ef7-0354-40e0-bec7-d6891b7df519,Ambulatory,No
Encounter,2.16.840.1.113883.3.666.5.307,Encounter Inpatient,20200307,eCQM Update 2025-05-08,Extensional,,,SNOMEDCT,2024-09,2.16.840.1.113883.6.96,Eligible Clinicians,Functional Status Assessments for Heart Failure,CMS90v15,Not Applicable,15,bb9b8ef7-0354-40e0-bec7-d6891b7df519,Ambulatory,No
Encounter,2.16.840.1.113883.3.464.1003.1003,Hospice Encounter,20210820,eCQM Update 2025-05-08,Grouping,2.16.840.1.113883.3.464.1003.1002,Hospice Encounter,SNOMEDCT,2024-09,2.16.840.1.113883.6.96,Eligible Clinicians,Functional Status Assessments for Heart Failure,CMS90v15,Not Applicable,15,bb9b8ef7-0354-40e0-bec7-d6891b7df519,Ambulatory,No
Encounter,2.16.840.1.113883.3.464.1003.1003,Hospice Encounter,20210820,eCQM Update 2025-05-08,Grouping,2.16.840.1.113883.3.464.1003.1001,Hospice Encounter,HCPCS,2025,2.16.840.1.113883.6.285,Eligible Clinicians,Functional Status Assessments for Heart Failure,CMS90v15,Not Applicable,15,bb9b8ef7-0354-40e0-bec7-d6891b7df519,Ambulatory,No
Encounter,2.16.840.1.113883.3.464.1003.101.12.1001,Office Visit,20180310,eCQM Update 2025-05-08,Grouping,2.16.840.1.113883.3.464.1003.101.11.1005,Office Visit,CPT,2025,2.16.840.1.113883.6.12,Eligible Clinicians,Functional Status Assessments for Heart Failure,CMS90v15,Not Applicable,15,bb9b8ef7-0354-40e0-bec7-d6891b7df519,Ambulatory,No
Encounter,2.16.840.1.113883.3.464.1003.101.12.1001,Office Visit,20180310,eCQM Update 2025-05-08,Grouping,2.16.840.1.113883.3.464.1003.101.11.1264,Office Visit,SNOMEDCT,2024-09,2.16.840.1.113883.6.96,Eligible Clinicians,Functional Status Assessments for Heart Failure,CMS90v15,Not Applicable,15,bb9b8ef7-0354-40e0-bec7-d6891b7df519,Ambulatory,No
Encounter,2.16.840.1.113883.3.464.1003.101.12.1080,Telephone Visits,20250205,eCQM Update 2025-05-08,Grouping,2.16.840.1.113883.3.464.1003.101.11.1287,Telephone Visits,SNOMEDCT,2024-09,2.16.840.1.113883.6.96,Eligible Clinicians,Functional Status Assessments for Heart Failure,CMS90v15,Not Applicable,15,bb9b8ef7-0354-40e0-bec7-d6891b7df519,Ambulatory,No
Encounter,2.16.840.1.113883.3.464.1003.101.12.1080,Telephone Visits,20250205,eCQM Update 2025-05-08,Grouping,2.16.840.1.113883.3.464.1003.101.11.1260,Telephone Visits,CPT,"2025, 2024",2.16.840.1.113883.6.12,Eligible Clinicians,Functional Status Assessments for Heart Failure,CMS90v15,Not Applicable,15,bb9b8ef7-0354-40e0-bec7-d6891b7df519,Ambulatory,No
Encounter,2.16.840.1.113883.3.464.1003.101.12.1089,Virtual Encounter,20210224,eCQM Update 2025-05-08,Grouping,2.16.840.1.113883.3.464.1003.101.11.1282,Virtual Encounter,HCPCS,"2025, 2024",2.16.840.1.113883.6.285,Eligible Clinicians,Functional Status Assessments for Heart Failure,CMS90v15,Not Applicable,15,bb9b8ef7-0354-40e0-bec7-d6891b7df519,Ambulatory,No
Encounter,2.16.840.1.113883.3.464.1003.101.12.1089,Virtual Encounter,20210224,eCQM Update 2025-05-08,Grouping,2.16.840.1.113883.3.464.1003.101.11.1281,Virtual Encounter,CPT,2025,2.16.840.1.113883.6.12,Eligible Clinicians,Functional Status Assessments for Heart Failure,CMS90v15,Not Applicable,15,bb9b8ef7-0354-40e0-bec7-d6891b7df519,Ambulatory,No
Individual Characteristic,2.16.840.1.114222.4.11.837,Ethnicity,20121025,eCQM Update 2025-05-08,Extensional,,,CDCREC,1.2,2.16.840.1.113883.6.238,Eligible Clinicians,Functional Status Assessments for Heart Failure,CMS90v15,Not Applicable,15,bb9b8ef7-0354-40e0-bec7-d6891b7df519,Ambulatory,Yes
Individual Characteristic,2.16.840.1.113762.1.4.1021.121,Federal Administrative Sex,20250228,eCQM Update 2025-05-08,Extensional,,,SNOMEDCT,2024-09,2.16.840.1.113883.6.96,Eligible Clinicians,Functional Status Assessments for Heart Failure,CMS90v15,Not Applicable,15,bb9b8ef7-0354-40e0-bec7-d6891b7df519,Ambulatory,Yes
Individual Characteristic,2.16.840.1.114222.4.11.3591,Payer Type,20221118,eCQM Update 2025-05-08,Intensional,,,SOP,9.2,2.16.840.1.113883.3.221.5,Eligible Clinicians,Functional Status Assessments for Heart Failure,CMS90v15,Not Applicable,15,bb9b8ef7-0354-40e0-bec7-d6891b7df519,Ambulatory,Yes
Individual Characteristic,2.16.840.1.114222.4.11.836,Race,20121025,eCQM Update 2025-05-08,Extensional,,,CDCREC,1.2,2.16.840.1.113883.6.238,Eligible Clinicians,Functional Status Assessments for Heart Failure,CMS90v15,Not Applicable,15,bb9b8ef7-0354-40e0-bec7-d6891b7df519,Ambulatory,Yes
Intervention,2.16.840.1.113883.3.526.3.1584,Hospice Care Ambulatory,20210825,eCQM Update 2025-05-08,Grouping,2.16.840.1.113883.3.464.1003.1007,Hospice Care Ambulatory,CPT,2025,2.16.840.1.113883.6.12,Eligible Clinicians,Functional Status Assessments for Heart Failure,CMS90v15,Not Applicable,15,bb9b8ef7-0354-40e0-bec7-d6891b7df519,Ambulatory,No
Intervention,2.16.840.1.113883.3.526.3.1584,Hospice Care Ambulatory,20210825,eCQM Update 2025-05-08,Grouping,2.16.840.1.113762.1.4.1108.15,Hospice Care Ambulatory,SNOMEDCT,2024-09,2.16.840.1.113883.6.96,Eligible Clinicians,Functional Status Assessments for Heart Failure,CMS90v15,Not Applicable,15,bb9b8ef7-0354-40e0-bec7-d6891b7df519,Ambulatory,No
Intervention,2.16.840.1.113883.3.526.3.1584,Hospice Care Ambulatory,20210825,eCQM Update 2025-05-08,Grouping,2.16.840.1.113883.3.464.1003.1008,Hospice Care Ambulatory,HCPCS,2025,2.16.840.1.113883.6.285,Eligible Clinicians,Functional Status Assessments for Heart Failure,CMS90v15,Not Applicable,15,bb9b8ef7-0354-40e0-bec7-d6891b7df519,Ambulatory,No
Condition/Diagnosis/Problem,2.16.840.1.113883.3.526.3.1002,"Chronic Kidney Disease, Stage 5",20200307,eCQM Update 2025-05-08,Grouping,2.16.840.1.113883.3.526.2.1036,"Chronic Kidney Disease, Stage 5",ICD10CM,2025,2.16.840.1.113883.6.90,Eligible Clinicians,Kidney Health Evaluation,CMS951v4,Not Applicable,4,53ae1027-d9cc-4152-8454-874ab1b95324,Ambulatory,No
Condition/Diagnosis/Problem,2.16.840.1.113883.3.526.3.1002,"Chronic Kidney Disease, Stage 5",20200307,eCQM Update 2025-05-08,Grouping,2.16.840.1.113883.3.526.2.1037,"Chronic Kidney Disease, Stage 5",SNOMEDCT,2024-09,2.16.840.1.113883.6.96,Eligible Clinicians,Kidney Health Evaluation,CMS951v4,Not Applicable,4,53ae1027-d9cc-4152-8454-874ab1b95324,Ambulatory,No
Condition/Diagnosis/Problem,2.16.840.1.113883.3.464.1003.103.12.1001,Diabetes,20250115,eCQM Update 2025-05-08,Grouping,2.16.840.1.113883.3.464.1003.1272,Diabetes,ICD10CM,2025,2.16.840.1.113883.6.90,Eligible Clinicians,Kidney Health Evaluation,CMS951v4,Not Applicable,4,53ae1027-d9cc-4152-8454-874ab1b95324,Ambulatory,No
Condition/Diagnosis/Problem,2.16.840.1.113883.3.464.1003.103.12.1001,Diabetes,20250115,eCQM Update 2025-05-08,Grouping,2.16.840.1.113883.3.464.1003.1273,Diabetes,SNOMEDCT,2024-09,2.16.840.1.113883.6.96,Eligible Clinicians,Kidney Health Evaluation,CMS951v4,Not Applicable,4,53ae1027-d9cc-4152-8454-874ab1b95324,Ambulatory,No
Condition/Diagnosis/Problem,2.16.840.1.113883.3.526.3.353,End Stage Renal Disease,20200307,eCQM Update 2025-05-08,Grouping,2.16.840.1.113883.3.526.2.589,End Stage Renal Disease,ICD10CM,2025,2.16.840.1.113883.6.90,Eligible Clinicians,Kidney Health Evaluation,CMS951v4,Not Applicable,4,53ae1027-d9cc-4152-8454-874ab1b95324,Ambulatory,No
Condition/Diagnosis/Problem,2.16.840.1.113883.3.526.3.353,End Stage Renal Disease,20200307,eCQM Update 2025-05-08,Grouping,2.16.840.1.113883.3.526.2.590,End Stage Renal Disease,SNOMEDCT,2024-09,2.16.840.1.113883.6.96,Eligible Clinicians,Kidney Health Evaluation,CMS951v4,Not Applicable,4,53ae1027-d9cc-4152-8454-874ab1b95324,Ambulatory,No
Condition/Diagnosis/Problem,2.16.840.1.113883.3.464.1003.1165,Hospice Diagnosis,20220818,eCQM Update 2025-05-08,Grouping,2.16.840.1.113883.3.464.1003.1166,Hospice Diagnosis,SNOMEDCT,2024-09,2.16.840.1.113883.6.96,Eligible Clinicians,Kidney Health Evaluation,CMS951v4,Not Applicable,4,53ae1027-d9cc-4152-8454-874ab1b95324,Ambulatory,No
Condition/Diagnosis/Problem,2.16.840.1.113883.3.464.1003.1167,Palliative Care Diagnosis,20220820,eCQM Update 2025-05-08,Grouping,2.16.840.1.113883.3.464.1003.1168,Palliative Care Diagnosis,SNOMEDCT,2024-09,2.16.840.1.113883.6.96,Eligible Clinicians,Kidney Health Evaluation,CMS951v4,Not Applicable,4,53ae1027-d9cc-4152-8454-874ab1b95324,Ambulatory,No
Condition/Diagnosis/Problem,2.16.840.1.113883.3.464.1003.1167,Palliative Care Diagnosis,20220820,eCQM Update 2025-05-08,Grouping,2.16.840.1.113883.3.464.1003.1169,Palliative Care Diagnosis,ICD10CM,2025,2.16.840.1.113883.6.90,Eligible Clinicians,Kidney Health Evaluation,CMS951v4,Not Applicable,4,53ae1027-d9cc-4152-8454-874ab1b95324,Ambulatory,No
Encounter,2.16.840.1.113883.3.526.3.1240,Annual Wellness Visit,20190315,eCQM Update 2025-05-08,Grouping,2.16.840.1.113883.3.526.2.1772,Annual Wellness Visit,SNOMEDCT,2024-09,2.16.840.1.113883.6.96,Eligible Clinicians,Kidney Health Evaluation,CMS951v4,Not Applicable,4,53ae1027-d9cc-4152-8454-874ab1b95324,Ambulatory,No
Encounter,2.16.840.1.113883.3.526.3.1240,Annual Wellness Visit,20190315,eCQM Update 2025-05-08,Grouping,2.16.840.1.113883.3.526.2.1363,Annual Wellness Visit,HCPCS,2025,2.16.840.1.113883.6.285,Eligible Clinicians,Kidney Health Evaluation,CMS951v4,Not Applicable,4,53ae1027-d9cc-4152-8454-874ab1b95324,Ambulatory,No
Encounter,2.16.840.1.113883.3.666.5.307,Encounter Inpatient,20200307,eCQM Update 2025-05-08,Extensional,,,SNOMEDCT,2024-09,2.16.840.1.113883.6.96,Eligible Clinicians,Kidney Health Evaluation,CMS951v4,Not Applicable,4,53ae1027-d9cc-4152-8454-874ab1b95324,Ambulatory,No
Encounter,2.16.840.1.113883.3.464.1003.101.12.1016,Home Healthcare Services,20240110,eCQM Update 2025-05-08,Grouping,2.16.840.1.113883.3.464.1003.101.11.1080,Home Healthcare Services,CPT,2025,2.16.840.1.113883.6.12,Eligible Clinicians,Kidney Health Evaluation,CMS951v4,Not Applicable,4,53ae1027-d9cc-4152-8454-874ab1b95324,Ambulatory,No
Encounter,2.16.840.1.113883.3.464.1003.101.12.1016,Home Healthcare Services,20240110,eCQM Update 2025-05-08,Grouping,2.16.840.1.113883.3.464.1003.101.11.1265,Home Healthcare Services,SNOMEDCT,2024-09,2.16.840.1.113883.6.96,Eligible Clinicians,Kidney Health Evaluation,CMS951v4,Not Applicable,4,53ae1027-d9cc-4152-8454-874ab1b95324,Ambulatory,No
Encounter,2.16.840.1.113883.3.464.1003.1003,Hospice Encounter,20210820,eCQM Update 2025-05-08,Grouping,2.16.840.1.113883.3.464.1003.1002,Hospice Encounter,SNOMEDCT,2024-09,2.16.840.1.113883.6.96,Eligible Clinicians,Kidney Health Evaluation,CMS951v4,Not Applicable,4,53ae1027-d9cc-4152-8454-874ab1b95324,Ambulatory,No
Encounter,2.16.840.1.113883.3.464.1003.1003,Hospice Encounter,20210820,eCQM Update 2025-05-08,Grouping,2.16.840.1.113883.3.464.1003.1001,Hospice Encounter,HCPCS,2025,2.16.840.1.113883.6.285,Eligible Clinicians,Kidney Health Evaluation,CMS951v4,Not Applicable,4,53ae1027-d9cc-4152-8454-874ab1b95324,Ambulatory,No
Encounter,2.16.840.1.113883.3.464.1003.101.12.1001,Office Visit,20180310,eCQM Update 2025-05-08,Grouping,2.16.840.1.113883.3.464.1003.101.11.1264,Office Visit,SNOMEDCT,2024-09,2.16.840.1.113883.6.96,Eligible Clinicians,Kidney Health Evaluation,CMS951v4,Not Applicable,4,53ae1027-d9cc-4152-8454-874ab1b95324,Ambulatory,No
Encounter,2.16.840.1.113883.3.464.1003.101.12.1001,Office Visit,20180310,eCQM Update 2025-05-08,Grouping,2.16.840.1.113883.3.464.1003.101.11.1005,Office Visit,CPT,2025,2.16.840.1.113883.6.12,Eligible Clinicians,Kidney Health Evaluation,CMS951v4,Not Applicable,4,53ae1027-d9cc-4152-8454-874ab1b95324,Ambulatory,No
Encounter,2.16.840.1.113883.3.464.1003.101.12.1008,Outpatient Consultation,20240110,eCQM Update 2025-05-08,Grouping,2.16.840.1.113883.3.464.1003.101.11.1040,Outpatient Consultation,CPT,2025,2.16.840.1.113883.6.12,Eligible Clinicians,Kidney Health Evaluation,CMS951v4,Not Applicable,4,53ae1027-d9cc-4152-8454-874ab1b95324,Ambulatory,No
Encounter,2.16.840.1.113883.3.464.1003.101.12.1008,Outpatient Consultation,20240110,eCQM Update 2025-05-08,Grouping,2.16.840.1.113883.3.464.1003.101.11.1266,Outpatient Consultation,SNOMEDCT,2024-09,2.16.840.1.113883.6.96,Eligible Clinicians,Kidney Health Evaluation,CMS951v4,Not Applicable,4,53ae1027-d9cc-4152-8454-874ab1b95324,Ambulatory,No
Encounter,2.16.840.1.113883.3.464.1003.101.12.1090,Palliative Care Encounter,20210224,eCQM Update 2025-05-08,Grouping,2.16.840.1.113883.3.464.1003.101.11.1285,Palliative Encounter,HCPCS,2025,2.16.840.1.113883.6.285,Eligible Clinicians,Kidney Health Evaluation,CMS951v4,Not Applicable,4,53ae1027-d9cc-4152-8454-874ab1b95324,Ambulatory,No
Encounter,2.16.840.1.113883.3.464.1003.101.12.1090,Palliative Care Encounter,20210224,eCQM Update 2025-05-08,Grouping,2.16.840.1.113883.3.464.1003.101.11.1286,Palliative Encounter,SNOMEDCT,2024-09,2.16.840.1.113883.6.96,Eligible Clinicians,Kidney Health Evaluation,CMS951v4,Not Applicable,4,53ae1027-d9cc-4152-8454-874ab1b95324,Ambulatory,No
Encounter,2.16.840.1.113883.3.464.1003.101.12.1025,"Preventive Care Services Established Office Visit, 18 and Up",20170504,eCQM Update 2025-05-08,Grouping,2.16.840.1.113883.3.464.1003.101.11.1125,"Preventive Care Services Established Office Visit, 18 and Up",CPT,2025,2.16.840.1.113883.6.12,Eligible Clinicians,Kidney Health Evaluation,CMS951v4,Not Applicable,4,53ae1027-d9cc-4152-8454-874ab1b95324,Ambulatory,No
Encounter,2.16.840.1.113883.3.464.1003.101.12.1023,"Preventive Care Services Initial Office Visit, 18 and Up",20170504,eCQM Update 2025-05-08,Grouping,2.16.840.1.113883.3.464.1003.101.11.1115,"Preventive Care Services Initial Office Visit, 18 and Up",CPT,2025,2.16.840.1.113883.6.12,Eligible Clinicians,Kidney Health Evaluation,CMS951v4,Not Applicable,4,53ae1027-d9cc-4152-8454-874ab1b95324,Ambulatory,No
Encounter,2.16.840.1.113883.3.464.1003.101.12.1080,Telephone Visits,20250205,eCQM Update 2025-05-08,Grouping,2.16.840.1.113883.3.464.1003.101.11.1260,Telephone Visits,CPT,"2025, 2024",2.16.840.1.113883.6.12,Eligible Clinicians,Kidney Health Evaluation,CMS951v4,Not Applicable,4,53ae1027-d9cc-4152-8454-874ab1b95324,Ambulatory,No
Encounter,2.16.840.1.113883.3.464.1003.101.12.1080,Telephone Visits,20250205,eCQM Update 2025-05-08,Grouping,2.16.840.1.113883.3.464.1003.101.11.1287,Telephone Visits,SNOMEDCT,2024-09,2.16.840.1.113883.6.96,Eligible Clinicians,Kidney Health Evaluation,CMS951v4,Not Applicable,4,53ae1027-d9cc-4152-8454-874ab1b95324,Ambulatory,No
Individual Characteristic,2.16.840.1.114222.4.11.837,Ethnicity,20121025,eCQM Update 2025-05-08,Extensional,,,CDCREC,1.2,2.16.840.1.113883.6.238,Eligible Clinicians,Kidney Health Evaluation,CMS951v4,Not Applicable,4,53ae1027-d9cc-4152-8454-874ab1b95324,Ambulatory,Yes
Individual Characteristic,2.16.840.1.113762.1.4.1021.121,Federal Administrative Sex,20250228,eCQM Update 2025-05-08,Extensional,,,SNOMEDCT,2024-09,2.16.840.1.113883.6.96,Eligible Clinicians,Kidney Health Evaluation,CMS951v4,Not Applicable,4,53ae1027-d9cc-4152-8454-874ab1b95324,Ambulatory,Yes
Individual Characteristic,2.16.840.1.114222.4.11.3591,Payer Type,20221118,eCQM Update 2025-05-08,Intensional,,,SOP,9.2,2.16.840.1.113883.3.221.5,Eligible Clinicians,Kidney Health Evaluation,CMS951v4,Not Applicable,4,53ae1027-d9cc-4152-8454-874ab1b95324,Ambulatory,Yes
Individual Characteristic,2.16.840.1.114222.4.11.836,Race,20121025,eCQM Update 2025-05-08,Extensional,,,CDCREC,1.2,2.16.840.1.113883.6.238,Eligible Clinicians,Kidney Health Evaluation,CMS951v4,Not Applicable,4,53ae1027-d9cc-4152-8454-874ab1b95324,Ambulatory,Yes
Intervention,2.16.840.1.113883.3.526.3.1584,Hospice Care Ambulatory,20210825,eCQM Update 2025-05-08,Grouping,2.16.840.1.113883.3.464.1003.1008,Hospice Care Ambulatory,HCPCS,2025,2.16.840.1.113883.6.285,Eligible Clinicians,Kidney Health Evaluation,CMS951v4,Not Applicable,4,53ae1027-d9cc-4152-8454-874ab1b95324,Ambulatory,No
Intervention,2.16.840.1.113883.3.526.3.1584,Hospice Care Ambulatory,20210825,eCQM Update 2025-05-08,Grouping,2.16.840.1.113883.3.464.1003.1007,Hospice Care Ambulatory,CPT,2025,2.16.840.1.113883.6.12,Eligible Clinicians,Kidney Health Evaluation,CMS951v4,Not Applicable,4,53ae1027-d9cc-4152-8454-874ab1b95324,Ambulatory,No
Intervention,2.16.840.1.113883.3.526.3.1584,Hospice Care Ambulatory,20210825,eCQM Update 2025-05-08,Grouping,2.16.840.1.113762.1.4.1108.15,Hospice Care Ambulatory,SNOMEDCT,2024-09,2.16.840.1.113883.6.96,Eligible Clinicians,Kidney Health Evaluation,CMS951v4,Not Applicable,4,53ae1027-d9cc-4152-8454-874ab1b95324,Ambulatory,No
Intervention,2.16.840.1.113883.3.464.1003.198.12.1135,Palliative Care Intervention,20210224,eCQM Update 2025-05-08,Grouping,2.16.840.1.113883.3.464.1003.198.11.1148,Palliative Intervention,SNOMEDCT,2024-09,2.16.840.1.113883.6.96,Eligible Clinicians,Kidney Health Evaluation,CMS951v4,Not Applicable,4,53ae1027-d9cc-4152-8454-874ab1b95324,Ambulatory,No
Laboratory Test,2.16.840.1.113883.3.6929.3.1000,Estimated Glomerular Filtration Rate,20190531,eCQM Update 2025-05-08,Grouping,2.16.840.1.113883.3.6929.2.1000,Estimated Glomerular Filtration Rate,LOINC,2.78,2.16.840.1.113883.6.1,Eligible Clinicians,Kidney Health Evaluation,CMS951v4,Not Applicable,4,53ae1027-d9cc-4152-8454-874ab1b95324,Ambulatory,No
Laboratory Test,2.16.840.1.113762.1.4.1178.88,Urine Albumin,20231019,eCQM Update 2025-05-08,Extensional,,,LOINC,2.78,2.16.840.1.113883.6.1,Eligible Clinicians,Kidney Health Evaluation,CMS951v4,Not Applicable,4,53ae1027-d9cc-4152-8454-874ab1b95324,Ambulatory,No
Laboratory Test,2.16.840.1.113883.3.6929.3.1007,Urine Albumin Creatinine Ratio,20190531,eCQM Update 2025-05-08,Grouping,2.16.840.1.113883.3.6929.2.1002,Urine Albumin Creatinine Ratio,LOINC,2.78,2.16.840.1.113883.6.1,Eligible Clinicians,Kidney Health Evaluation,CMS951v4,Not Applicable,4,53ae1027-d9cc-4152-8454-874ab1b95324,Ambulatory,No
Laboratory Test,2.16.840.1.113762.1.4.1178.87,Urine Creatinine,20250329,eCQM Update 2025-05-08,Extensional,,,LOINC,2.78,2.16.840.1.113883.6.1,Eligible Clinicians,Kidney Health Evaluation,CMS951v4,Not Applicable,4,53ae1027-d9cc-4152-8454-874ab1b95324,Ambulatory,No
,2.16.840.1.113762.1.4.1248.272,Undetectable Lab Result Value,20241024,eCQM Update 2025-05-08,Grouping,2.16.840.1.113762.1.4.1248.271,Undetectable Lab Result Value,SNOMEDCT,2024-09,2.16.840.1.113883.6.96,Eligible Clinicians,Kidney Health Evaluation,CMS951v4,Not Applicable,4,53ae1027-d9cc-4152-8454-874ab1b95324,Ambulatory,No
Adverse Event,2.16.840.1.113762.1.4.1147.171,Inpatient Falls,20210605,eCQM Update 2025-05-08,Grouping,2.16.840.1.113762.1.4.1147.119,Inpatient Falls,ICD10CM,2025,2.16.840.1.113883.6.90,Hospital Inpatient,Hospital Harm - Falls with Injury,CMS1017v2,4120e,2,e7b2323f-934a-4e2f-abb1-3391011dc5b0,Acute,No
Adverse Event,2.16.840.1.113762.1.4.1147.171,Inpatient Falls,20210605,eCQM Update 2025-05-08,Grouping,2.16.840.1.113762.1.4.1147.122,Inpatient Falls,SNOMEDCT,2024-09,2.16.840.1.113883.6.96,Hospital Inpatient,Hospital Harm - Falls with Injury,CMS1017v2,4120e,2,e7b2323f-934a-4e2f-abb1-3391011dc5b0,Acute,No
Encounter,2.16.840.1.113883.3.117.1.7.1.292,Emergency Department Visit,20210611,eCQM Update 2025-05-08,Extensional,,,SNOMEDCT,2024-09,2.16.840.1.113883.6.96,Hospital Inpatient,Hospital Harm - Falls with Injury,CMS1017v2,4120e,2,e7b2323f-934a-4e2f-abb1-3391011dc5b0,Acute,No
Encounter,2.16.840.1.113883.3.666.5.307,Encounter Inpatient,20200307,eCQM Update 2025-05-08,Extensional,,,SNOMEDCT,2024-09,2.16.840.1.113883.6.96,Hospital Inpatient,Hospital Harm - Falls with Injury,CMS1017v2,4120e,2,e7b2323f-934a-4e2f-abb1-3391011dc5b0,Acute,No
Encounter,2.16.840.1.113762.1.4.1111.143,Observation Services,20210611,eCQM Update 2025-05-08,Extensional,,,SNOMEDCT,2024-09,2.16.840.1.113883.6.96,Hospital Inpatient,Hospital Harm - Falls with Injury,CMS1017v2,4120e,2,e7b2323f-934a-4e2f-abb1-3391011dc5b0,Acute,No
Individual Characteristic,2.16.840.1.114222.4.11.837,Ethnicity,20121025,eCQM Update 2025-05-08,Extensional,,,CDCREC,1.2,2.16.840.1.113883.6.238,Hospital Inpatient,Hospital Harm - Falls with Injury,CMS1017v2,4120e,2,e7b2323f-934a-4e2f-abb1-3391011dc5b0,Acute,Yes
Individual Characteristic,2.16.840.1.113762.1.4.1021.121,Federal Administrative Sex,20250228,eCQM Update 2025-05-08,Extensional,,,SNOMEDCT,2024-09,2.16.840.1.113883.6.96,Hospital Inpatient,Hospital Harm - Falls with Injury,CMS1017v2,4120e,2,e7b2323f-934a-4e2f-abb1-3391011dc5b0,Acute,Yes
Individual Characteristic,2.16.840.1.114222.4.11.3591,Payer Type,20221118,eCQM Update 2025-05-08,Intensional,,,SOP,9.2,2.16.840.1.113883.3.221.5,Hospital Inpatient,Hospital Harm - Falls with Injury,CMS1017v2,4120e,2,e7b2323f-934a-4e2f-abb1-3391011dc5b0,Acute,Yes
Individual Characteristic,2.16.840.1.114222.4.11.836,Race,20121025,eCQM Update 2025-05-08,Extensional,,,CDCREC,1.2,2.16.840.1.113883.6.238,Hospital Inpatient,Hospital Harm - Falls with Injury,CMS1017v2,4120e,2,e7b2323f-934a-4e2f-abb1-3391011dc5b0,Acute,Yes
Medication,2.16.840.1.113762.1.4.1248.22,Anticoagulants for All Indications,20220608,eCQM Update 2025-05-08,Grouping,2.16.840.1.113762.1.4.1147.131,Anticoagulants for Indications Other than VTE Prophylaxis,RXNORM,2025-01,2.16.840.1.113883.6.88,Hospital Inpatient,Hospital Harm - Falls with Injury,CMS1017v2,4120e,2,e7b2323f-934a-4e2f-abb1-3391011dc5b0,Acute,No
Medication,2.16.840.1.113762.1.4.1248.22,Anticoagulants for All Indications,20220608,eCQM Update 2025-05-08,Grouping,2.16.840.1.113762.1.4.1147.130,Anticoagulants for VTE Prophylaxis,RXNORM,2025-01,2.16.840.1.113883.6.88,Hospital Inpatient,Hospital Harm - Falls with Injury,CMS1017v2,4120e,2,e7b2323f-934a-4e2f-abb1-3391011dc5b0,Acute,No
Medication,2.16.840.1.113762.1.4.1248.163,Antidepressants,20240119,eCQM Update 2025-05-08,Extensional,,,RXNORM,2025-01,2.16.840.1.113883.6.88,Hospital Inpatient,Hospital Harm - Falls with Injury,CMS1017v2,4120e,2,e7b2323f-934a-4e2f-abb1-3391011dc5b0,Acute,No
Medication,2.16.840.1.113762.1.4.1248.164,Antihypertensives,20240120,eCQM Update 2025-05-08,Extensional,,,RXNORM,2025-01,2.16.840.1.113883.6.88,Hospital Inpatient,Hospital Harm - Falls with Injury,CMS1017v2,4120e,2,e7b2323f-934a-4e2f-abb1-3391011dc5b0,Acute,No
Medication,2.16.840.1.113762.1.4.1248.134,Central Nervous System Depressants,20250211,eCQM Update 2025-05-08,Extensional,,,RXNORM,2025-01,2.16.840.1.113883.6.88,Hospital Inpatient,Hospital Harm - Falls with Injury,CMS1017v2,4120e,2,e7b2323f-934a-4e2f-abb1-3391011dc5b0,Acute,No
Medication,2.16.840.1.113762.1.4.1248.170,Diuretics,20240118,eCQM Update 2025-05-08,Extensional,,,RXNORM,2025-01,2.16.840.1.113883.6.88,Hospital Inpatient,Hospital Harm - Falls with Injury,CMS1017v2,4120e,2,e7b2323f-934a-4e2f-abb1-3391011dc5b0,Acute,No
Medication,2.16.840.1.113762.1.4.1248.120,Opioids,20250206,eCQM Update 2025-05-08,Extensional,,,RXNORM,2025-01,2.16.840.1.113883.6.88,Hospital Inpatient,Hospital Harm - Falls with Injury,CMS1017v2,4120e,2,e7b2323f-934a-4e2f-abb1-3391011dc5b0,Acute,No
,2.16.840.1.113762.1.4.1258.2,Abnormal Weight Loss,20241012,eCQM Update 2025-05-08,Extensional,,,ICD10CM,2025,2.16.840.1.113883.6.90,Hospital Inpatient,Hospital Harm - Falls with Injury,CMS1017v2,4120e,2,e7b2323f-934a-4e2f-abb1-3391011dc5b0,Acute,No
,2.16.840.1.113762.1.4.1248.23,Coagulation Disorders,20250205,eCQM Update 2025-05-08,Extensional,,,ICD10CM,2025,2.16.840.1.113883.6.90,Hospital Inpatient,Hospital Harm - Falls with Injury,CMS1017v2,4120e,2,e7b2323f-934a-4e2f-abb1-3391011dc5b0,Acute,No
,2.16.840.1.113762.1.4.1248.168,Delirium or Dementia and Other Psychoses,20221006,eCQM Update 2025-05-08,Grouping,2.16.840.1.113762.1.4.1248.165,Delirium,ICD10CM,2025,2.16.840.1.113883.6.90,Hospital Inpatient,Hospital Harm - Falls with Injury,CMS1017v2,4120e,2,e7b2323f-934a-4e2f-abb1-3391011dc5b0,Acute,No
,2.16.840.1.113762.1.4.1248.168,Delirium or Dementia and Other Psychoses,20221006,eCQM Update 2025-05-08,Grouping,2.16.840.1.113762.1.4.1248.166,Dementia,ICD10CM,2025,2.16.840.1.113883.6.90,Hospital Inpatient,Hospital Harm - Falls with Injury,CMS1017v2,4120e,2,e7b2323f-934a-4e2f-abb1-3391011dc5b0,Acute,No
,2.16.840.1.113762.1.4.1248.168,Delirium or Dementia and Other Psychoses,20221006,eCQM Update 2025-05-08,Grouping,2.16.840.1.113762.1.4.1248.167,Psychosis,ICD10CM,2025,2.16.840.1.113883.6.90,Hospital Inpatient,Hospital Harm - Falls with Injury,CMS1017v2,4120e,2,e7b2323f-934a-4e2f-abb1-3391011dc5b0,Acute,No
,2.16.840.1.113762.1.4.1248.169,Depression,20221006,eCQM Update 2025-05-08,Extensional,,,ICD10CM,2025,2.16.840.1.113883.6.90,Hospital Inpatient,Hospital Harm - Falls with Injury,CMS1017v2,4120e,2,e7b2323f-934a-4e2f-abb1-3391011dc5b0,Acute,No
,2.16.840.1.113762.1.4.1248.171,Epilepsy,20250205,eCQM Update 2025-05-08,Extensional,,,ICD10CM,2025,2.16.840.1.113883.6.90,Hospital Inpatient,Hospital Harm - Falls with Injury,CMS1017v2,4120e,2,e7b2323f-934a-4e2f-abb1-3391011dc5b0,Acute,No
,2.16.840.1.113762.1.4.1248.136,Leukemia or Lymphoma,20221006,eCQM Update 2025-05-08,Extensional,,,ICD10CM,2025,2.16.840.1.113883.6.90,Hospital Inpatient,Hospital Harm - Falls with Injury,CMS1017v2,4120e,2,e7b2323f-934a-4e2f-abb1-3391011dc5b0,Acute,No
,2.16.840.1.113762.1.4.1248.137,Liver Disease Moderate to Severe,20221006,eCQM Update 2025-05-08,Extensional,,,ICD10CM,2025,2.16.840.1.113883.6.90,Hospital Inpatient,Hospital Harm - Falls with Injury,CMS1017v2,4120e,2,e7b2323f-934a-4e2f-abb1-3391011dc5b0,Acute,No
,2.16.840.1.113762.1.4.1147.120,Major Injuries,20240112,eCQM Update 2025-05-08,Extensional,,,ICD10CM,2025,2.16.840.1.113883.6.90,Hospital Inpatient,Hospital Harm - Falls with Injury,CMS1017v2,4120e,2,e7b2323f-934a-4e2f-abb1-3391011dc5b0,Acute,No
,2.16.840.1.113762.1.4.1248.24,Malignant Bone Disease,20221006,eCQM Update 2025-05-08,Extensional,,,ICD10CM,2025,2.16.840.1.113883.6.90,Hospital Inpatient,Hospital Harm - Falls with Injury,CMS1017v2,4120e,2,e7b2323f-934a-4e2f-abb1-3391011dc5b0,Acute,No
,2.16.840.1.113762.1.4.1272.1,Malnutrition,20241012,eCQM Update 2025-05-08,Extensional,,,ICD10CM,2025,2.16.840.1.113883.6.90,Hospital Inpatient,Hospital Harm - Falls with Injury,CMS1017v2,4120e,2,e7b2323f-934a-4e2f-abb1-3391011dc5b0,Acute,No
,2.16.840.1.113762.1.4.1248.205,Moderate Injuries,20240112,eCQM Update 2025-05-08,Extensional,,,ICD10CM,2025,2.16.840.1.113883.6.90,Hospital Inpatient,Hospital Harm - Falls with Injury,CMS1017v2,4120e,2,e7b2323f-934a-4e2f-abb1-3391011dc5b0,Acute,No
,2.16.840.1.113762.1.4.1248.174,Neurologic Movement and Related Disorders,20221006,eCQM Update 2025-05-08,Grouping,2.16.840.1.113762.1.4.1248.172,Neurologic Movement Disorders,ICD10CM,2025,2.16.840.1.113883.6.90,Hospital Inpatient,Hospital Harm - Falls with Injury,CMS1017v2,4120e,2,e7b2323f-934a-4e2f-abb1-3391011dc5b0,Acute,No
,2.16.840.1.113762.1.4.1248.174,Neurologic Movement and Related Disorders,20221006,eCQM Update 2025-05-08,Grouping,2.16.840.1.113762.1.4.1248.173,"Neurologic Disorders, Other",ICD10CM,2025,2.16.840.1.113883.6.90,Hospital Inpatient,Hospital Harm - Falls with Injury,CMS1017v2,4120e,2,e7b2323f-934a-4e2f-abb1-3391011dc5b0,Acute,No
,2.16.840.1.113762.1.4.1147.198,Not Present On Admission or Documentation Insufficient to Determine,20220415,eCQM Update 2025-05-08,Extensional,,,PresentOnAdmission,2021,2.16.840.1.113883.6.301.11,Hospital Inpatient,Hospital Harm - Falls with Injury,CMS1017v2,4120e,2,e7b2323f-934a-4e2f-abb1-3391011dc5b0,Acute,No
,2.16.840.1.113762.1.4.1248.162,Obesity,20250211,eCQM Update 2025-05-08,Extensional,,,ICD10CM,2025,2.16.840.1.113883.6.90,Hospital Inpatient,Hospital Harm - Falls with Injury,CMS1017v2,4120e,2,e7b2323f-934a-4e2f-abb1-3391011dc5b0,Acute,No
,2.16.840.1.113762.1.4.1248.256,Osteoporosis,20250206,eCQM Update 2025-05-08,Extensional,,,ICD10CM,2025,2.16.840.1.113883.6.90,Hospital Inpatient,Hospital Harm - Falls with Injury,CMS1017v2,4120e,2,e7b2323f-934a-4e2f-abb1-3391011dc5b0,Acute,No
,2.16.840.1.113762.1.4.1248.175,Peripheral Neuropathy,20221006,eCQM Update 2025-05-08,Extensional,,,ICD10CM,2025,2.16.840.1.113883.6.90,Hospital Inpatient,Hospital Harm - Falls with Injury,CMS1017v2,4120e,2,e7b2323f-934a-4e2f-abb1-3391011dc5b0,Acute,No
,2.16.840.1.113762.1.4.1147.197,Present on Admission or Clinically Undetermined,20220415,eCQM Update 2025-05-08,Extensional,,,PresentOnAdmission,2021,2.16.840.1.113883.6.301.11,Hospital Inpatient,Hospital Harm - Falls with Injury,CMS1017v2,4120e,2,e7b2323f-934a-4e2f-abb1-3391011dc5b0,Acute,No
,2.16.840.1.113762.1.4.1248.176,Stroke,20240112,eCQM Update 2025-05-08,Extensional,,,ICD10CM,2025,2.16.840.1.113883.6.90,Hospital Inpatient,Hospital Harm - Falls with Injury,CMS1017v2,4120e,2,e7b2323f-934a-4e2f-abb1-3391011dc5b0,Acute,No
,2.16.840.1.113762.1.4.1248.130,Suicide Attempt,20230425,eCQM Update 2025-05-08,Extensional,,,ICD10CM,2025,2.16.840.1.113883.6.90,Hospital Inpatient,Hospital Harm - Falls with Injury,CMS1017v2,4120e,2,e7b2323f-934a-4e2f-abb1-3391011dc5b0,Acute,No
Assessment,2.16.840.1.113762.1.4.1045.26,Estimated Gestational Age at Delivery,20210611,eCQM Update 2025-05-08,Extensional,,,LOINC,2.78,2.16.840.1.113883.6.1,Hospital Inpatient,Severe Obstetric Complications,CMS1028v4,Not Applicable,4,44eb11cf-56d6-4dc2-b986-c58c72474b16,Acute,No
Encounter,2.16.840.1.113762.1.4.1029.369,ED Visit and OB Triage,20210611,eCQM Update 2025-05-08,Grouping,2.16.840.1.113883.3.117.1.7.1.292,Emergency Department Visit,SNOMEDCT,2024-09,2.16.840.1.113883.6.96,Hospital Inpatient,Severe Obstetric Complications,CMS1028v4,Not Applicable,4,44eb11cf-56d6-4dc2-b986-c58c72474b16,Acute,No
Encounter,2.16.840.1.113762.1.4.1029.369,ED Visit and OB Triage,20210611,eCQM Update 2025-05-08,Grouping,2.16.840.1.113762.1.4.1029.368,Preadmission Observation Undelivered Mother,SNOMEDCT,2024-09,2.16.840.1.113883.6.96,Hospital Inpatient,Severe Obstetric Complications,CMS1028v4,Not Applicable,4,44eb11cf-56d6-4dc2-b986-c58c72474b16,Acute,No
Encounter,2.16.840.1.113883.3.666.5.307,Encounter Inpatient,20200307,eCQM Update 2025-05-08,Extensional,,,SNOMEDCT,2024-09,2.16.840.1.113883.6.96,Hospital Inpatient,Severe Obstetric Complications,CMS1028v4,Not Applicable,4,44eb11cf-56d6-4dc2-b986-c58c72474b16,Acute,No
Encounter,2.16.840.1.113762.1.4.1111.143,Observation Services,20210611,eCQM Update 2025-05-08,Extensional,,,SNOMEDCT,2024-09,2.16.840.1.113883.6.96,Hospital Inpatient,Severe Obstetric Complications,CMS1028v4,Not Applicable,4,44eb11cf-56d6-4dc2-b986-c58c72474b16,Acute,No
Individual Characteristic,2.16.840.1.114222.4.11.837,Ethnicity,20121025,eCQM Update 2025-05-08,Extensional,,,CDCREC,1.2,2.16.840.1.113883.6.238,Hospital Inpatient,Severe Obstetric Complications,CMS1028v4,Not Applicable,4,44eb11cf-56d6-4dc2-b986-c58c72474b16,Acute,Yes
Individual Characteristic,2.16.840.1.113762.1.4.1021.121,Federal Administrative Sex,20250228,eCQM Update 2025-05-08,Extensional,,,SNOMEDCT,2024-09,2.16.840.1.113883.6.96,Hospital Inpatient,Severe Obstetric Complications,CMS1028v4,Not Applicable,4,44eb11cf-56d6-4dc2-b986-c58c72474b16,Acute,Yes
Individual Characteristic,2.16.840.1.114222.4.11.3591,Payer Type,20221118,eCQM Update 2025-05-08,Intensional,,,SOP,9.2,2.16.840.1.113883.3.221.5,Hospital Inpatient,Severe Obstetric Complications,CMS1028v4,Not Applicable,4,44eb11cf-56d6-4dc2-b986-c58c72474b16,Acute,Yes
Individual Characteristic,2.16.840.1.114222.4.11.836,Race,20121025,eCQM Update 2025-05-08,Extensional,,,CDCREC,1.2,2.16.840.1.113883.6.238,Hospital Inpatient,Severe Obstetric Complications,CMS1028v4,Not Applicable,4,44eb11cf-56d6-4dc2-b986-c58c72474b16,Acute,Yes
Laboratory Test,2.16.840.1.113762.1.4.1045.114,Hematocrit Lab Test,20250207,eCQM Update 2025-05-08,Extensional,,,LOINC,2.78,2.16.840.1.113883.6.1,Hospital Inpatient,Severe Obstetric Complications,CMS1028v4,Not Applicable,4,44eb11cf-56d6-4dc2-b986-c58c72474b16,Acute,No
Laboratory Test,2.16.840.1.113762.1.4.1045.129,White Blood Cells Count Lab Test,20230214,eCQM Update 2025-05-08,Extensional,,,LOINC,2.78,2.16.840.1.113883.6.1,Hospital Inpatient,Severe Obstetric Complications,CMS1028v4,Not Applicable,4,44eb11cf-56d6-4dc2-b986-c58c72474b16,Acute,No
Procedure,2.16.840.1.113762.1.4.1029.213,Blood Transfusion,20220127,eCQM Update 2025-05-08,Grouping,2.16.840.1.113762.1.4.1029.246,Blood Transfusion,SNOMEDCT,2024-09,2.16.840.1.113883.6.96,Hospital Inpatient,Severe Obstetric Complications,CMS1028v4,Not Applicable,4,44eb11cf-56d6-4dc2-b986-c58c72474b16,Acute,No
Procedure,2.16.840.1.113762.1.4.1029.213,Blood Transfusion,20220127,eCQM Update 2025-05-08,Grouping,2.16.840.1.113762.1.4.1029.245,Blood Transfusion,ICD10PCS,2025,2.16.840.1.113883.6.4,Hospital Inpatient,Severe Obstetric Complications,CMS1028v4,Not Applicable,4,44eb11cf-56d6-4dc2-b986-c58c72474b16,Acute,No
Procedure,2.16.840.1.113762.1.4.1029.357,Conversion of Cardiac Rhythm,20210121,eCQM Update 2025-05-08,Grouping,2.16.840.1.113762.1.4.1029.248,Conversion of Cardiac Rhythm,SNOMEDCT,2024-09,2.16.840.1.113883.6.96,Hospital Inpatient,Severe Obstetric Complications,CMS1028v4,Not Applicable,4,44eb11cf-56d6-4dc2-b986-c58c72474b16,Acute,No
Procedure,2.16.840.1.113762.1.4.1029.357,Conversion of Cardiac Rhythm,20210121,eCQM Update 2025-05-08,Grouping,2.16.840.1.113762.1.4.1029.247,Conversion of Cardiac Rhythm,ICD10PCS,2025,2.16.840.1.113883.6.4,Hospital Inpatient,Severe Obstetric Complications,CMS1028v4,Not Applicable,4,44eb11cf-56d6-4dc2-b986-c58c72474b16,Acute,No
Procedure,2.16.840.1.113762.1.4.1045.59,Delivery Procedures,20210611,eCQM Update 2025-05-08,Grouping,2.16.840.1.113883.3.117.1.7.1.401,Delivery Procedures,SNOMEDCT,2024-09,2.16.840.1.113883.6.96,Hospital Inpatient,Severe Obstetric Complications,CMS1028v4,Not Applicable,4,44eb11cf-56d6-4dc2-b986-c58c72474b16,Acute,No
Procedure,2.16.840.1.113762.1.4.1045.59,Delivery Procedures,20210611,eCQM Update 2025-05-08,Grouping,2.16.840.1.113762.1.4.1045.58,Delivery Procedures,ICD10PCS,2025,2.16.840.1.113883.6.4,Hospital Inpatient,Severe Obstetric Complications,CMS1028v4,Not Applicable,4,44eb11cf-56d6-4dc2-b986-c58c72474b16,Acute,No
Procedure,2.16.840.1.113762.1.4.1029.358,Hysterectomy,20210121,eCQM Update 2025-05-08,Grouping,2.16.840.1.113762.1.4.1029.250,Hysterectomy,SNOMEDCT,2024-09,2.16.840.1.113883.6.96,Hospital Inpatient,Severe Obstetric Complications,CMS1028v4,Not Applicable,4,44eb11cf-56d6-4dc2-b986-c58c72474b16,Acute,No
Procedure,2.16.840.1.113762.1.4.1029.358,Hysterectomy,20210121,eCQM Update 2025-05-08,Grouping,2.16.840.1.113762.1.4.1029.249,Hysterectomy,ICD10PCS,2025,2.16.840.1.113883.6.4,Hospital Inpatient,Severe Obstetric Complications,CMS1028v4,Not Applicable,4,44eb11cf-56d6-4dc2-b986-c58c72474b16,Acute,No
Procedure,2.16.840.1.113762.1.4.1029.256,Severe Maternal Morbidity Procedures,20230218,eCQM Update 2025-05-08,Grouping,2.16.840.1.113762.1.4.1029.247,Conversion of Cardiac Rhythm,ICD10PCS,2025,2.16.840.1.113883.6.4,Hospital Inpatient,Severe Obstetric Complications,CMS1028v4,Not Applicable,4,44eb11cf-56d6-4dc2-b986-c58c72474b16,Acute,No
Procedure,2.16.840.1.113762.1.4.1029.256,Severe Maternal Morbidity Procedures,20230218,eCQM Update 2025-05-08,Grouping,2.16.840.1.113762.1.4.1029.254,Ventilation,SNOMEDCT,2024-09,2.16.840.1.113883.6.96,Hospital Inpatient,Severe Obstetric Complications,CMS1028v4,Not Applicable,4,44eb11cf-56d6-4dc2-b986-c58c72474b16,Acute,No
Procedure,2.16.840.1.113762.1.4.1029.256,Severe Maternal Morbidity Procedures,20230218,eCQM Update 2025-05-08,Grouping,2.16.840.1.113762.1.4.1029.252,Tracheostomy,SNOMEDCT,2024-09,2.16.840.1.113883.6.96,Hospital Inpatient,Severe Obstetric Complications,CMS1028v4,Not Applicable,4,44eb11cf-56d6-4dc2-b986-c58c72474b16,Acute,No
Procedure,2.16.840.1.113762.1.4.1029.256,Severe Maternal Morbidity Procedures,20230218,eCQM Update 2025-05-08,Grouping,2.16.840.1.113762.1.4.1029.250,Hysterectomy,SNOMEDCT,2024-09,2.16.840.1.113883.6.96,Hospital Inpatient,Severe Obstetric Complications,CMS1028v4,Not Applicable,4,44eb11cf-56d6-4dc2-b986-c58c72474b16,Acute,No
Procedure,2.16.840.1.113762.1.4.1029.256,Severe Maternal Morbidity Procedures,20230218,eCQM Update 2025-05-08,Grouping,2.16.840.1.113762.1.4.1029.249,Hysterectomy,ICD10PCS,2025,2.16.840.1.113883.6.4,Hospital Inpatient,Severe Obstetric Complications,CMS1028v4,Not Applicable,4,44eb11cf-56d6-4dc2-b986-c58c72474b16,Acute,No
Procedure,2.16.840.1.113762.1.4.1029.256,Severe Maternal Morbidity Procedures,20230218,eCQM Update 2025-05-08,Grouping,2.16.840.1.113762.1.4.1029.248,Conversion of Cardiac Rhythm,SNOMEDCT,2024-09,2.16.840.1.113883.6.96,Hospital Inpatient,Severe Obstetric Complications,CMS1028v4,Not Applicable,4,44eb11cf-56d6-4dc2-b986-c58c72474b16,Acute,No
Procedure,2.16.840.1.113762.1.4.1029.256,Severe Maternal Morbidity Procedures,20230218,eCQM Update 2025-05-08,Grouping,2.16.840.1.113762.1.4.1029.251,Tracheostomy,ICD10PCS,2025,2.16.840.1.113883.6.4,Hospital Inpatient,Severe Obstetric Complications,CMS1028v4,Not Applicable,4,44eb11cf-56d6-4dc2-b986-c58c72474b16,Acute,No
Procedure,2.16.840.1.113762.1.4.1029.256,Severe Maternal Morbidity Procedures,20230218,eCQM Update 2025-05-08,Grouping,2.16.840.1.113762.1.4.1029.253,Ventilation,ICD10PCS,2025,2.16.840.1.113883.6.4,Hospital Inpatient,Severe Obstetric Complications,CMS1028v4,Not Applicable,4,44eb11cf-56d6-4dc2-b986-c58c72474b16,Acute,No
Procedure,2.16.840.1.113762.1.4.1029.359,Tracheostomy,20210121,eCQM Update 2025-05-08,Grouping,2.16.840.1.113762.1.4.1029.252,Tracheostomy,SNOMEDCT,2024-09,2.16.840.1.113883.6.96,Hospital Inpatient,Severe Obstetric Complications,CMS1028v4,Not Applicable,4,44eb11cf-56d6-4dc2-b986-c58c72474b16,Acute,No
Procedure,2.16.840.1.113762.1.4.1029.359,Tracheostomy,20210121,eCQM Update 2025-05-08,Grouping,2.16.840.1.113762.1.4.1029.251,Tracheostomy,ICD10PCS,2025,2.16.840.1.113883.6.4,Hospital Inpatient,Severe Obstetric Complications,CMS1028v4,Not Applicable,4,44eb11cf-56d6-4dc2-b986-c58c72474b16,Acute,No
Procedure,2.16.840.1.113762.1.4.1029.360,Ventilation,20210121,eCQM Update 2025-05-08,Grouping,2.16.840.1.113762.1.4.1029.253,Ventilation,ICD10PCS,2025,2.16.840.1.113883.6.4,Hospital Inpatient,Severe Obstetric Complications,CMS1028v4,Not Applicable,4,44eb11cf-56d6-4dc2-b986-c58c72474b16,Acute,No
Procedure,2.16.840.1.113762.1.4.1029.360,Ventilation,20210121,eCQM Update 2025-05-08,Grouping,2.16.840.1.113762.1.4.1029.254,Ventilation,SNOMEDCT,2024-09,2.16.840.1.113883.6.96,Hospital Inpatient,Severe Obstetric Complications,CMS1028v4,Not Applicable,4,44eb11cf-56d6-4dc2-b986-c58c72474b16,Acute,No
,2.16.840.1.113762.1.4.1110.67,20 to 42 Plus Weeks Gestation,20230217,eCQM Update 2025-05-08,Grouping,2.16.840.1.113762.1.4.1110.70,20 to 42 Plus Weeks Gestation,ICD10CM,2025,2.16.840.1.113883.6.90,Hospital Inpatient,Severe Obstetric Complications,CMS1028v4,Not Applicable,4,44eb11cf-56d6-4dc2-b986-c58c72474b16,Acute,No
,2.16.840.1.113762.1.4.1110.67,20 to 42 Plus Weeks Gestation,20230217,eCQM Update 2025-05-08,Grouping,2.16.840.1.113762.1.4.1110.71,20 to 42 Plus Weeks Gestation,SNOMEDCT,2024-09,2.16.840.1.113883.6.96,Hospital Inpatient,Severe Obstetric Complications,CMS1028v4,Not Applicable,4,44eb11cf-56d6-4dc2-b986-c58c72474b16,Acute,No
,2.16.840.1.113762.1.4.1029.233,Acute Heart Failure,20220127,eCQM Update 2025-05-08,Extensional,,,ICD10CM,2025,2.16.840.1.113883.6.90,Hospital Inpatient,Severe Obstetric Complications,CMS1028v4,Not Applicable,4,44eb11cf-56d6-4dc2-b986-c58c72474b16,Acute,No
,2.16.840.1.113883.3.666.5.623,Acute Myocardial Infarction,20240210,eCQM Update 2025-05-08,Extensional,,,ICD10CM,2025,2.16.840.1.113883.6.90,Hospital Inpatient,Severe Obstetric Complications,CMS1028v4,Not Applicable,4,44eb11cf-56d6-4dc2-b986-c58c72474b16,Acute,No
,2.16.840.1.113762.1.4.1110.53,Acute Renal Failure,20240210,eCQM Update 2025-05-08,Extensional,,,ICD10CM,2025,2.16.840.1.113883.6.90,Hospital Inpatient,Severe Obstetric Complications,CMS1028v4,Not Applicable,4,44eb11cf-56d6-4dc2-b986-c58c72474b16,Acute,No
,2.16.840.1.113762.1.4.1029.214,Acute Respiratory Distress Syndrome,20220127,eCQM Update 2025-05-08,Extensional,,,ICD10CM,2025,2.16.840.1.113883.6.90,Hospital Inpatient,Severe Obstetric Complications,CMS1028v4,Not Applicable,4,44eb11cf-56d6-4dc2-b986-c58c72474b16,Acute,No
,2.16.840.1.113883.3.117.1.7.1.271,Acute or Persistent Asthma,20220127,eCQM Update 2025-05-08,Grouping,2.16.840.1.113883.3.117.1.7.1.270,Acute or Persistent Asthma,ICD10CM,2025,2.16.840.1.113883.6.90,Hospital Inpatient,Severe Obstetric Complications,CMS1028v4,Not Applicable,4,44eb11cf-56d6-4dc2-b986-c58c72474b16,Acute,No
,2.16.840.1.113762.1.4.1029.243,Air and Thrombotic Embolism,20250207,eCQM Update 2025-05-08,Extensional,,,ICD10CM,2025,2.16.840.1.113883.6.90,Hospital Inpatient,Severe Obstetric Complications,CMS1028v4,Not Applicable,4,44eb11cf-56d6-4dc2-b986-c58c72474b16,Acute,No
,2.16.840.1.113762.1.4.1029.217,Amniotic Fluid Embolism,20220127,eCQM Update 2025-05-08,Extensional,,,ICD10CM,2025,2.16.840.1.113883.6.90,Hospital Inpatient,Severe Obstetric Complications,CMS1028v4,Not Applicable,4,44eb11cf-56d6-4dc2-b986-c58c72474b16,Acute,No
,2.16.840.1.113762.1.4.1029.323,Anemia,20220127,eCQM Update 2025-05-08,Grouping,2.16.840.1.113762.1.4.1029.321,Anemia,ICD10CM,2025,2.16.840.1.113883.6.90,Hospital Inpatient,Severe Obstetric Complications,CMS1028v4,Not Applicable,4,44eb11cf-56d6-4dc2-b986-c58c72474b16,Acute,No
,2.16.840.1.113762.1.4.1029.219,Aortic Aneurysm,20230217,eCQM Update 2025-05-08,Extensional,,,ICD10CM,2025,2.16.840.1.113883.6.90,Hospital Inpatient,Severe Obstetric Complications,CMS1028v4,Not Applicable,4,44eb11cf-56d6-4dc2-b986-c58c72474b16,Acute,No
,2.16.840.1.113762.1.4.1029.311,Autoimmune Disease,20220127,eCQM Update 2025-05-08,Grouping,2.16.840.1.113762.1.4.1029.309,Autoimmune Disease,ICD10CM,2025,2.16.840.1.113883.6.90,Hospital Inpatient,Severe Obstetric Complications,CMS1028v4,Not Applicable,4,44eb11cf-56d6-4dc2-b986-c58c72474b16,Acute,No
,2.16.840.1.113762.1.4.1029.317,Bariatric Surgery,20220127,eCQM Update 2025-05-08,Grouping,2.16.840.1.113762.1.4.1029.315,Bariatric Surgery,ICD10CM,2025,2.16.840.1.113883.6.90,Hospital Inpatient,Severe Obstetric Complications,CMS1028v4,Not Applicable,4,44eb11cf-56d6-4dc2-b986-c58c72474b16,Acute,No
,2.16.840.1.113762.1.4.1029.287,Bleeding Disorder,20220127,eCQM Update 2025-05-08,Grouping,2.16.840.1.113762.1.4.1029.286,Bleeding Disorder,ICD10CM,2025,2.16.840.1.113883.6.90,Hospital Inpatient,Severe Obstetric Complications,CMS1028v4,Not Applicable,4,44eb11cf-56d6-4dc2-b986-c58c72474b16,Acute,No
,2.16.840.1.113762.1.4.1029.221,Cardiac Arrest Ventricular Fibrillation,20220127,eCQM Update 2025-05-08,Extensional,,,ICD10CM,2025,2.16.840.1.113883.6.90,Hospital Inpatient,Severe Obstetric Complications,CMS1028v4,Not Applicable,4,44eb11cf-56d6-4dc2-b986-c58c72474b16,Acute,No
,2.16.840.1.113762.1.4.1029.341,Cardiac Disease,20220127,eCQM Update 2025-05-08,Grouping,2.16.840.1.113762.1.4.1029.339,Cardiac Disease,ICD10CM,2025,2.16.840.1.113883.6.90,Hospital Inpatient,Severe Obstetric Complications,CMS1028v4,Not Applicable,4,44eb11cf-56d6-4dc2-b986-c58c72474b16,Acute,No
,2.16.840.1.113762.1.4.1029.223,Disseminated Intravascular Coagulation,20230217,eCQM Update 2025-05-08,Extensional,,,ICD10CM,2025,2.16.840.1.113883.6.90,Hospital Inpatient,Severe Obstetric Complications,CMS1028v4,Not Applicable,4,44eb11cf-56d6-4dc2-b986-c58c72474b16,Acute,No
,2.16.840.1.113762.1.4.1029.225,Eclampsia,20220127,eCQM Update 2025-05-08,Extensional,,,ICD10CM,2025,2.16.840.1.113883.6.90,Hospital Inpatient,Severe Obstetric Complications,CMS1028v4,Not Applicable,4,44eb11cf-56d6-4dc2-b986-c58c72474b16,Acute,No
,2.16.840.1.113762.1.4.1029.292,Economic Housing Instability,20220127,eCQM Update 2025-05-08,Grouping,2.16.840.1.113762.1.4.1029.291,Economic Housing Instability,ICD10CM,2025,2.16.840.1.113883.6.90,Hospital Inpatient,Severe Obstetric Complications,CMS1028v4,Not Applicable,4,44eb11cf-56d6-4dc2-b986-c58c72474b16,Acute,No
,2.16.840.1.113762.1.4.1029.338,Gastrointestinal Disease,20220127,eCQM Update 2025-05-08,Grouping,2.16.840.1.113762.1.4.1029.336,Gastrointestinal Disease,ICD10CM,2025,2.16.840.1.113883.6.90,Hospital Inpatient,Severe Obstetric Complications,CMS1028v4,Not Applicable,4,44eb11cf-56d6-4dc2-b986-c58c72474b16,Acute,No
,2.16.840.1.113762.1.4.1029.269,Gestational Diabetes,20220127,eCQM Update 2025-05-08,Grouping,2.16.840.1.113762.1.4.1029.267,Gestational Diabetes,ICD10CM,2025,2.16.840.1.113883.6.90,Hospital Inpatient,Severe Obstetric Complications,CMS1028v4,Not Applicable,4,44eb11cf-56d6-4dc2-b986-c58c72474b16,Acute,No
,2.16.840.1.113762.1.4.1029.272,HIV in Pregnancy Childbirth and Puerperium,20220127,eCQM Update 2025-05-08,Grouping,2.16.840.1.113762.1.4.1029.271,HIV in Pregnancy Childbirth and Puerperium,ICD10CM,2025,2.16.840.1.113883.6.90,Hospital Inpatient,Severe Obstetric Complications,CMS1028v4,Not Applicable,4,44eb11cf-56d6-4dc2-b986-c58c72474b16,Acute,No
,2.16.840.1.113762.1.4.1029.227,Heart Failure Cardiac Arrest Related to Procedure or Surgery,20220127,eCQM Update 2025-05-08,Extensional,,,ICD10CM,2025,2.16.840.1.113883.6.90,Hospital Inpatient,Severe Obstetric Complications,CMS1028v4,Not Applicable,4,44eb11cf-56d6-4dc2-b986-c58c72474b16,Acute,No
,2.16.840.1.113762.1.4.1029.332,Hypertension,20220127,eCQM Update 2025-05-08,Grouping,2.16.840.1.113762.1.4.1029.330,Hypertension,ICD10CM,2025,2.16.840.1.113883.6.90,Hospital Inpatient,Severe Obstetric Complications,CMS1028v4,Not Applicable,4,44eb11cf-56d6-4dc2-b986-c58c72474b16,Acute,No
,2.16.840.1.113762.1.4.1029.366,Long Term Anticoagulant Use,20220127,eCQM Update 2025-05-08,Grouping,2.16.840.1.113762.1.4.1029.364,Long Term Anticoagulant Use,ICD10CM,2025,2.16.840.1.113883.6.90,Hospital Inpatient,Severe Obstetric Complications,CMS1028v4,Not Applicable,4,44eb11cf-56d6-4dc2-b986-c58c72474b16,Acute,No
,2.16.840.1.113762.1.4.1029.314,Mental Health Disorder,20220127,eCQM Update 2025-05-08,Grouping,2.16.840.1.113762.1.4.1029.312,Mental Health Disorder,ICD10CM,2025,2.16.840.1.113883.6.90,Hospital Inpatient,Severe Obstetric Complications,CMS1028v4,Not Applicable,4,44eb11cf-56d6-4dc2-b986-c58c72474b16,Acute,No
,2.16.840.1.113762.1.4.1029.329,Mild or Moderate Preeclampsia,20220127,eCQM Update 2025-05-08,Grouping,2.16.840.1.113762.1.4.1029.326,Mild or Moderate Preeclampsia,ICD10CM,2025,2.16.840.1.113883.6.90,Hospital Inpatient,Severe Obstetric Complications,CMS1028v4,Not Applicable,4,44eb11cf-56d6-4dc2-b986-c58c72474b16,Acute,No
,2.16.840.1.113762.1.4.1029.290,Morbid or Severe Obesity,20220127,eCQM Update 2025-05-08,Grouping,2.16.840.1.113762.1.4.1029.289,Morbid or Severe Obesity,ICD10CM,2025,2.16.840.1.113883.6.90,Hospital Inpatient,Severe Obstetric Complications,CMS1028v4,Not Applicable,4,44eb11cf-56d6-4dc2-b986-c58c72474b16,Acute,No
,2.16.840.1.113762.1.4.1029.284,Multiple Pregnancy,20220127,eCQM Update 2025-05-08,Grouping,2.16.840.1.113762.1.4.1029.282,Multiple Pregnancy,ICD10CM,2025,2.16.840.1.113883.6.90,Hospital Inpatient,Severe Obstetric Complications,CMS1028v4,Not Applicable,4,44eb11cf-56d6-4dc2-b986-c58c72474b16,Acute,No
,2.16.840.1.113762.1.4.1029.308,Neuromuscular Disease,20220127,eCQM Update 2025-05-08,Grouping,2.16.840.1.113762.1.4.1029.306,Neuromuscular Disease,ICD10CM,2025,2.16.840.1.113883.6.90,Hospital Inpatient,Severe Obstetric Complications,CMS1028v4,Not Applicable,4,44eb11cf-56d6-4dc2-b986-c58c72474b16,Acute,No
,2.16.840.1.113883.3.117.1.7.1.309,Patient Expired,20210611,eCQM Update 2025-05-08,Extensional,,,SNOMEDCT,2024-09,2.16.840.1.113883.6.96,Hospital Inpatient,Severe Obstetric Complications,CMS1028v4,Not Applicable,4,44eb11cf-56d6-4dc2-b986-c58c72474b16,Acute,No
,2.16.840.1.113762.1.4.1029.302,Placenta Accreta,20220127,eCQM Update 2025-05-08,Grouping,2.16.840.1.113762.1.4.1029.300,Placenta Accreta,ICD10CM,2025,2.16.840.1.113883.6.90,Hospital Inpatient,Severe Obstetric Complications,CMS1028v4,Not Applicable,4,44eb11cf-56d6-4dc2-b986-c58c72474b16,Acute,No
,2.16.840.1.113762.1.4.1029.388,Placenta Increta or Percreta,20240223,eCQM Update 2025-05-08,Grouping,2.16.840.1.113762.1.4.1029.387,Placenta Increta or Percreta,ICD10CM,2025,2.16.840.1.113883.6.90,Hospital Inpatient,Severe Obstetric Complications,CMS1028v4,Not Applicable,4,44eb11cf-56d6-4dc2-b986-c58c72474b16,Acute,No
,2.16.840.1.113762.1.4.1110.78,Placenta Previa,20231111,eCQM Update 2025-05-08,Grouping,2.16.840.1.113762.1.4.1110.35,Placenta Previa,ICD10CM,2025,2.16.840.1.113883.6.90,Hospital Inpatient,Severe Obstetric Complications,CMS1028v4,Not Applicable,4,44eb11cf-56d6-4dc2-b986-c58c72474b16,Acute,No
,2.16.840.1.113762.1.4.1029.305,Placental Abruption,20220127,eCQM Update 2025-05-08,Grouping,2.16.840.1.113762.1.4.1029.303,Placental Abruption,ICD10CM,2025,2.16.840.1.113883.6.90,Hospital Inpatient,Severe Obstetric Complications,CMS1028v4,Not Applicable,4,44eb11cf-56d6-4dc2-b986-c58c72474b16,Acute,No
,2.16.840.1.113762.1.4.1029.275,Preexisting Diabetes,20220127,eCQM Update 2025-05-08,Grouping,2.16.840.1.113762.1.4.1029.274,Preexisting Diabetes,ICD10CM,2025,2.16.840.1.113883.6.90,Hospital Inpatient,Severe Obstetric Complications,CMS1028v4,Not Applicable,4,44eb11cf-56d6-4dc2-b986-c58c72474b16,Acute,No
,2.16.840.1.113762.1.4.1110.63,Present On Admission is Yes or Exempt,20220127,eCQM Update 2025-05-08,Extensional,,,PresentOnAdmission,2021,2.16.840.1.113883.6.301.11,Hospital Inpatient,Severe Obstetric Complications,CMS1028v4,Not Applicable,4,44eb11cf-56d6-4dc2-b986-c58c72474b16,Acute,No
,2.16.840.1.113762.1.4.1029.370,Present on Admission is No or Unable To Determine,20220127,eCQM Update 2025-05-08,Extensional,,,PresentOnAdmission,2021,2.16.840.1.113883.6.301.11,Hospital Inpatient,Severe Obstetric Complications,CMS1028v4,Not Applicable,4,44eb11cf-56d6-4dc2-b986-c58c72474b16,Acute,No
,2.16.840.1.113762.1.4.1029.299,Preterm Birth,20220127,eCQM Update 2025-05-08,Grouping,2.16.840.1.113762.1.4.1029.297,Preterm Birth,ICD10CM,2025,2.16.840.1.113883.6.90,Hospital Inpatient,Severe Obstetric Complications,CMS1028v4,Not Applicable,4,44eb11cf-56d6-4dc2-b986-c58c72474b16,Acute,No
,2.16.840.1.113762.1.4.1029.278,Previous Cesarean,20220316,eCQM Update 2025-05-08,Grouping,2.16.840.1.113762.1.4.1029.277,Previous Cesarean,ICD10CM,2025,2.16.840.1.113883.6.90,Hospital Inpatient,Severe Obstetric Complications,CMS1028v4,Not Applicable,4,44eb11cf-56d6-4dc2-b986-c58c72474b16,Acute,No
,2.16.840.1.113762.1.4.1029.229,Puerperal Cerebrovascular Disorder,20250207,eCQM Update 2025-05-08,Extensional,,,ICD10CM,2025,2.16.840.1.113883.6.90,Hospital Inpatient,Severe Obstetric Complications,CMS1028v4,Not Applicable,4,44eb11cf-56d6-4dc2-b986-c58c72474b16,Acute,No
,2.16.840.1.113762.1.4.1029.231,Pulmonary Edema,20220127,eCQM Update 2025-05-08,Extensional,,,ICD10CM,2025,2.16.840.1.113883.6.90,Hospital Inpatient,Severe Obstetric Complications,CMS1028v4,Not Applicable,4,44eb11cf-56d6-4dc2-b986-c58c72474b16,Acute,No
,2.16.840.1.113762.1.4.1029.281,Pulmonary Hypertension,20220127,eCQM Update 2025-05-08,Grouping,2.16.840.1.113762.1.4.1029.279,Pulmonary Hypertension,ICD10CM,2025,2.16.840.1.113883.6.90,Hospital Inpatient,Severe Obstetric Complications,CMS1028v4,Not Applicable,4,44eb11cf-56d6-4dc2-b986-c58c72474b16,Acute,No
,2.16.840.1.113762.1.4.1029.335,Renal Disease,20220127,eCQM Update 2025-05-08,Grouping,2.16.840.1.113762.1.4.1029.333,Renal Disease,ICD10CM,2025,2.16.840.1.113883.6.90,Hospital Inpatient,Severe Obstetric Complications,CMS1028v4,Not Applicable,4,44eb11cf-56d6-4dc2-b986-c58c72474b16,Acute,No
,2.16.840.1.113762.1.4.1029.237,Sepsis,20240210,eCQM Update 2025-05-08,Extensional,,,ICD10CM,2025,2.16.840.1.113883.6.90,Hospital Inpatient,Severe Obstetric Complications,CMS1028v4,Not Applicable,4,44eb11cf-56d6-4dc2-b986-c58c72474b16,Acute,No
,2.16.840.1.113762.1.4.1029.235,Severe Anesthesia Complications,20220127,eCQM Update 2025-05-08,Extensional,,,ICD10CM,2025,2.16.840.1.113883.6.90,Hospital Inpatient,Severe Obstetric Complications,CMS1028v4,Not Applicable,4,44eb11cf-56d6-4dc2-b986-c58c72474b16,Acute,No
,2.16.840.1.113762.1.4.1029.255,Severe Maternal Morbidity Diagnoses,20220127,eCQM Update 2025-05-08,Grouping,2.16.840.1.113762.1.4.1029.214,Acute Respiratory Distress Syndrome,ICD10CM,2025,2.16.840.1.113883.6.90,Hospital Inpatient,Severe Obstetric Complications,CMS1028v4,Not Applicable,4,44eb11cf-56d6-4dc2-b986-c58c72474b16,Acute,No
,2.16.840.1.113762.1.4.1029.255,Severe Maternal Morbidity Diagnoses,20220127,eCQM Update 2025-05-08,Grouping,2.16.840.1.113762.1.4.1029.231,Pulmonary Edema,ICD10CM,2025,2.16.840.1.113883.6.90,Hospital Inpatient,Severe Obstetric Complications,CMS1028v4,Not Applicable,4,44eb11cf-56d6-4dc2-b986-c58c72474b16,Acute,No
,2.16.840.1.113762.1.4.1029.255,Severe Maternal Morbidity Diagnoses,20220127,eCQM Update 2025-05-08,Grouping,2.16.840.1.113762.1.4.1029.237,Sepsis,ICD10CM,2025,2.16.840.1.113883.6.90,Hospital Inpatient,Severe Obstetric Complications,CMS1028v4,Not Applicable,4,44eb11cf-56d6-4dc2-b986-c58c72474b16,Acute,No
,2.16.840.1.113762.1.4.1029.255,Severe Maternal Morbidity Diagnoses,20220127,eCQM Update 2025-05-08,Grouping,2.16.840.1.113762.1.4.1029.217,Amniotic Fluid Embolism,ICD10CM,2025,2.16.840.1.113883.6.90,Hospital Inpatient,Severe Obstetric Complications,CMS1028v4,Not Applicable,4,44eb11cf-56d6-4dc2-b986-c58c72474b16,Acute,No
,2.16.840.1.113762.1.4.1029.255,Severe Maternal Morbidity Diagnoses,20220127,eCQM Update 2025-05-08,Grouping,2.16.840.1.113762.1.4.1029.223,Disseminated Intravascular Coagulation,ICD10CM,2025,2.16.840.1.113883.6.90,Hospital Inpatient,Severe Obstetric Complications,CMS1028v4,Not Applicable,4,44eb11cf-56d6-4dc2-b986-c58c72474b16,Acute,No
,2.16.840.1.113762.1.4.1029.255,Severe Maternal Morbidity Diagnoses,20220127,eCQM Update 2025-05-08,Grouping,2.16.840.1.113762.1.4.1029.233,Acute Heart Failure,ICD10CM,2025,2.16.840.1.113883.6.90,Hospital Inpatient,Severe Obstetric Complications,CMS1028v4,Not Applicable,4,44eb11cf-56d6-4dc2-b986-c58c72474b16,Acute,No
,2.16.840.1.113762.1.4.1029.255,Severe Maternal Morbidity Diagnoses,20220127,eCQM Update 2025-05-08,Grouping,2.16.840.1.113762.1.4.1029.219,Aortic Aneurysm,ICD10CM,2025,2.16.840.1.113883.6.90,Hospital Inpatient,Severe Obstetric Complications,CMS1028v4,Not Applicable,4,44eb11cf-56d6-4dc2-b986-c58c72474b16,Acute,No
,2.16.840.1.113762.1.4.1029.255,Severe Maternal Morbidity Diagnoses,20220127,eCQM Update 2025-05-08,Grouping,2.16.840.1.113762.1.4.1029.241,Sickle Cell Disease with Crisis,ICD10CM,2025,2.16.840.1.113883.6.90,Hospital Inpatient,Severe Obstetric Complications,CMS1028v4,Not Applicable,4,44eb11cf-56d6-4dc2-b986-c58c72474b16,Acute,No
,2.16.840.1.113762.1.4.1029.255,Severe Maternal Morbidity Diagnoses,20220127,eCQM Update 2025-05-08,Grouping,2.16.840.1.113762.1.4.1029.229,Puerperal Cerebrovascular Disorder,ICD10CM,2025,2.16.840.1.113883.6.90,Hospital Inpatient,Severe Obstetric Complications,CMS1028v4,Not Applicable,4,44eb11cf-56d6-4dc2-b986-c58c72474b16,Acute,No
,2.16.840.1.113762.1.4.1029.255,Severe Maternal Morbidity Diagnoses,20220127,eCQM Update 2025-05-08,Grouping,2.16.840.1.113762.1.4.1029.221,Cardiac Arrest Ventricular Fibrillation,ICD10CM,2025,2.16.840.1.113883.6.90,Hospital Inpatient,Severe Obstetric Complications,CMS1028v4,Not Applicable,4,44eb11cf-56d6-4dc2-b986-c58c72474b16,Acute,No
,2.16.840.1.113762.1.4.1029.255,Severe Maternal Morbidity Diagnoses,20220127,eCQM Update 2025-05-08,Grouping,2.16.840.1.113762.1.4.1029.227,Heart Failure Cardiac Arrest Related to Procedure or Surgery,ICD10CM,2025,2.16.840.1.113883.6.90,Hospital Inpatient,Severe Obstetric Complications,CMS1028v4,Not Applicable,4,44eb11cf-56d6-4dc2-b986-c58c72474b16,Acute,No
,2.16.840.1.113762.1.4.1029.255,Severe Maternal Morbidity Diagnoses,20220127,eCQM Update 2025-05-08,Grouping,2.16.840.1.113762.1.4.1029.239,Shock,ICD10CM,2025,2.16.840.1.113883.6.90,Hospital Inpatient,Severe Obstetric Complications,CMS1028v4,Not Applicable,4,44eb11cf-56d6-4dc2-b986-c58c72474b16,Acute,No
,2.16.840.1.113762.1.4.1029.255,Severe Maternal Morbidity Diagnoses,20220127,eCQM Update 2025-05-08,Grouping,2.16.840.1.113762.1.4.1029.225,Eclampsia,ICD10CM,2025,2.16.840.1.113883.6.90,Hospital Inpatient,Severe Obstetric Complications,CMS1028v4,Not Applicable,4,44eb11cf-56d6-4dc2-b986-c58c72474b16,Acute,No
,2.16.840.1.113762.1.4.1029.255,Severe Maternal Morbidity Diagnoses,20220127,eCQM Update 2025-05-08,Grouping,2.16.840.1.113762.1.4.1110.53,Acute Renal Failure,ICD10CM,2025,2.16.840.1.113883.6.90,Hospital Inpatient,Severe Obstetric Complications,CMS1028v4,Not Applicable,4,44eb11cf-56d6-4dc2-b986-c58c72474b16,Acute,No
,2.16.840.1.113762.1.4.1029.255,Severe Maternal Morbidity Diagnoses,20220127,eCQM Update 2025-05-08,Grouping,2.16.840.1.113883.3.666.5.623,Acute Myocardial Infarction,ICD10CM,2025,2.16.840.1.113883.6.90,Hospital Inpatient,Severe Obstetric Complications,CMS1028v4,Not Applicable,4,44eb11cf-56d6-4dc2-b986-c58c72474b16,Acute,No
,2.16.840.1.113762.1.4.1029.255,Severe Maternal Morbidity Diagnoses,20220127,eCQM Update 2025-05-08,Grouping,2.16.840.1.113762.1.4.1029.243,Air and Thrombotic Embolism,ICD10CM,2025,2.16.840.1.113883.6.90,Hospital Inpatient,Severe Obstetric Complications,CMS1028v4,Not Applicable,4,44eb11cf-56d6-4dc2-b986-c58c72474b16,Acute,No
,2.16.840.1.113762.1.4.1029.255,Severe Maternal Morbidity Diagnoses,20220127,eCQM Update 2025-05-08,Grouping,2.16.840.1.113762.1.4.1029.235,Severe Anesthesia Complications,ICD10CM,2025,2.16.840.1.113883.6.90,Hospital Inpatient,Severe Obstetric Complications,CMS1028v4,Not Applicable,4,44eb11cf-56d6-4dc2-b986-c58c72474b16,Acute,No
,2.16.840.1.113762.1.4.1029.327,Severe Preeclampsia,20220127,eCQM Update 2025-05-08,Grouping,2.16.840.1.113762.1.4.1029.324,Severe Preeclampsia,ICD10CM,2025,2.16.840.1.113883.6.90,Hospital Inpatient,Severe Obstetric Complications,CMS1028v4,Not Applicable,4,44eb11cf-56d6-4dc2-b986-c58c72474b16,Acute,No
,2.16.840.1.113762.1.4.1029.239,Shock,20220127,eCQM Update 2025-05-08,Extensional,,,ICD10CM,2025,2.16.840.1.113883.6.90,Hospital Inpatient,Severe Obstetric Complications,CMS1028v4,Not Applicable,4,44eb11cf-56d6-4dc2-b986-c58c72474b16,Acute,No
,2.16.840.1.113762.1.4.1029.241,Sickle Cell Disease with Crisis,20240210,eCQM Update 2025-05-08,Extensional,,,ICD10CM,2025,2.16.840.1.113883.6.90,Hospital Inpatient,Severe Obstetric Complications,CMS1028v4,Not Applicable,4,44eb11cf-56d6-4dc2-b986-c58c72474b16,Acute,No
,2.16.840.1.113762.1.4.1029.320,Substance Abuse,20220127,eCQM Update 2025-05-08,Grouping,2.16.840.1.113762.1.4.1029.318,Substance Abuse,ICD10CM,2025,2.16.840.1.113883.6.90,Hospital Inpatient,Severe Obstetric Complications,CMS1028v4,Not Applicable,4,44eb11cf-56d6-4dc2-b986-c58c72474b16,Acute,No
,2.16.840.1.113762.1.4.1029.296,Thyrotoxicosis,20220127,eCQM Update 2025-05-08,Grouping,2.16.840.1.113762.1.4.1029.295,Thyrotoxicosis,ICD10CM,2025,2.16.840.1.113883.6.90,Hospital Inpatient,Severe Obstetric Complications,CMS1028v4,Not Applicable,4,44eb11cf-56d6-4dc2-b986-c58c72474b16,Acute,No
,2.16.840.1.113762.1.4.1029.363,Venous Thromboembolism in Pregnancy,20220127,eCQM Update 2025-05-08,Grouping,2.16.840.1.113762.1.4.1029.361,Venous Thromboembolism in Pregnancy,ICD10CM,2025,2.16.840.1.113883.6.90,Hospital Inpatient,Severe Obstetric Complications,CMS1028v4,Not Applicable,4,44eb11cf-56d6-4dc2-b986-c58c72474b16,Acute,No
Encounter,2.16.840.1.113883.3.117.1.7.1.292,Emergency Department Visit,20210611,eCQM Update 2025-05-08,Extensional,,,SNOMEDCT,2024-09,2.16.840.1.113883.6.96,Hospital Inpatient,Discharged on Antithrombotic Therapy,CMS104v14,Not Applicable,14,42bf391f-38a3-4c0f-9ece-dcd47e9609d9,Acute,No
Encounter,2.16.840.1.113883.3.117.1.7.1.424,Nonelective Inpatient Encounter,20250206,eCQM Update 2025-05-08,Extensional,,,SNOMEDCT,2024-09,2.16.840.1.113883.6.96,Hospital Inpatient,Discharged on Antithrombotic Therapy,CMS104v14,Not Applicable,14,42bf391f-38a3-4c0f-9ece-dcd47e9609d9,Acute,No
Encounter,2.16.840.1.113762.1.4.1111.143,Observation Services,20210611,eCQM Update 2025-05-08,Extensional,,,SNOMEDCT,2024-09,2.16.840.1.113883.6.96,Hospital Inpatient,Discharged on Antithrombotic Therapy,CMS104v14,Not Applicable,14,42bf391f-38a3-4c0f-9ece-dcd47e9609d9,Acute,No
Individual Characteristic,2.16.840.1.114222.4.11.837,Ethnicity,20121025,eCQM Update 2025-05-08,Extensional,,,CDCREC,1.2,2.16.840.1.113883.6.238,Hospital Inpatient,Discharged on Antithrombotic Therapy,CMS104v14,Not Applicable,14,42bf391f-38a3-4c0f-9ece-dcd47e9609d9,Acute,Yes
Individual Characteristic,2.16.840.1.113762.1.4.1021.121,Federal Administrative Sex,20250228,eCQM Update 2025-05-08,Extensional,,,SNOMEDCT,2024-09,2.16.840.1.113883.6.96,Hospital Inpatient,Discharged on Antithrombotic Therapy,CMS104v14,Not Applicable,14,42bf391f-38a3-4c0f-9ece-dcd47e9609d9,Acute,Yes
Individual Characteristic,2.16.840.1.114222.4.11.3591,Payer Type,20221118,eCQM Update 2025-05-08,Intensional,,,SOP,9.2,2.16.840.1.113883.3.221.5,Hospital Inpatient,Discharged on Antithrombotic Therapy,CMS104v14,Not Applicable,14,42bf391f-38a3-4c0f-9ece-dcd47e9609d9,Acute,Yes
Individual Characteristic,2.16.840.1.114222.4.11.836,Race,20121025,eCQM Update 2025-05-08,Extensional,,,CDCREC,1.2,2.16.840.1.113883.6.238,Hospital Inpatient,Discharged on Antithrombotic Therapy,CMS104v14,Not Applicable,14,42bf391f-38a3-4c0f-9ece-dcd47e9609d9,Acute,Yes
Intervention,1.3.6.1.4.1.33895.1.3.0.45,Comfort Measures,20210220,eCQM Update 2025-05-08,Extensional,,,SNOMEDCT,2024-09,2.16.840.1.113883.6.96,Hospital Inpatient,Discharged on Antithrombotic Therapy,CMS104v14,Not Applicable,14,42bf391f-38a3-4c0f-9ece-dcd47e9609d9,Acute,No
Medication,2.16.840.1.113762.1.4.1110.62,Antithrombotic Therapy for Ischemic Stroke,20210409,eCQM Update 2025-05-08,Grouping,2.16.840.1.113762.1.4.1110.61,Antithrombotic Therapy Antiplatelet,RXNORM,2025-01,2.16.840.1.113883.6.88,Hospital Inpatient,Discharged on Antithrombotic Therapy,CMS104v14,Not Applicable,14,42bf391f-38a3-4c0f-9ece-dcd47e9609d9,Acute,No
Medication,2.16.840.1.113762.1.4.1110.62,Antithrombotic Therapy for Ischemic Stroke,20210409,eCQM Update 2025-05-08,Grouping,2.16.840.1.113883.3.117.1.7.1.201,Antithrombotic Therapy Anticoagulant,RXNORM,2025-01,2.16.840.1.113883.6.88,Hospital Inpatient,Discharged on Antithrombotic Therapy,CMS104v14,Not Applicable,14,42bf391f-38a3-4c0f-9ece-dcd47e9609d9,Acute,No
Medication,2.16.840.1.113762.1.4.1110.52,Pharmacological Contraindications For Antithrombotic Therapy,20220219,eCQM Update 2025-05-08,Grouping,2.16.840.1.113762.1.4.1110.51,Prasugrel,RXNORM,2025-01,2.16.840.1.113883.6.88,Hospital Inpatient,Discharged on Antithrombotic Therapy,CMS104v14,Not Applicable,14,42bf391f-38a3-4c0f-9ece-dcd47e9609d9,Acute,No
,2.16.840.1.113883.3.117.1.7.1.87,Discharge To Acute Care Facility,20210611,eCQM Update 2025-05-08,Extensional,,,SNOMEDCT,2024-09,2.16.840.1.113883.6.96,Hospital Inpatient,Discharged on Antithrombotic Therapy,CMS104v14,Not Applicable,14,42bf391f-38a3-4c0f-9ece-dcd47e9609d9,Acute,No
,2.16.840.1.113883.3.117.1.7.1.207,Discharged to Health Care Facility for Hospice Care,20210611,eCQM Update 2025-05-08,Extensional,,,SNOMEDCT,2024-09,2.16.840.1.113883.6.96,Hospital Inpatient,Discharged on Antithrombotic Therapy,CMS104v14,Not Applicable,14,42bf391f-38a3-4c0f-9ece-dcd47e9609d9,Acute,No
,2.16.840.1.113883.3.117.1.7.1.209,Discharged to Home for Hospice Care,20210220,eCQM Update 2025-05-08,Extensional,,,SNOMEDCT,2024-09,2.16.840.1.113883.6.96,Hospital Inpatient,Discharged on Antithrombotic Therapy,CMS104v14,Not Applicable,14,42bf391f-38a3-4c0f-9ece-dcd47e9609d9,Acute,No
,2.16.840.1.113883.3.117.1.7.1.247,Ischemic Stroke,20210220,eCQM Update 2025-05-08,Grouping,2.16.840.1.113762.1.4.1110.58,Ischemic Stroke Thrombosis,ICD10CM,2025,2.16.840.1.113883.6.90,Hospital Inpatient,Discharged on Antithrombotic Therapy,CMS104v14,Not Applicable,14,42bf391f-38a3-4c0f-9ece-dcd47e9609d9,Acute,No
,2.16.840.1.113883.3.117.1.7.1.247,Ischemic Stroke,20210220,eCQM Update 2025-05-08,Grouping,2.16.840.1.113762.1.4.1110.60,Ischemic Stroke Other,SNOMEDCT,2024-09,2.16.840.1.113883.6.96,Hospital Inpatient,Discharged on Antithrombotic Therapy,CMS104v14,Not Applicable,14,42bf391f-38a3-4c0f-9ece-dcd47e9609d9,Acute,No
,2.16.840.1.113883.3.117.1.7.1.247,Ischemic Stroke,20210220,eCQM Update 2025-05-08,Grouping,2.16.840.1.113883.3.117.1.7.1.251,Ischemic Stroke Embolism,ICD10CM,2025,2.16.840.1.113883.6.90,Hospital Inpatient,Discharged on Antithrombotic Therapy,CMS104v14,Not Applicable,14,42bf391f-38a3-4c0f-9ece-dcd47e9609d9,Acute,No
,2.16.840.1.113883.3.117.1.7.1.247,Ischemic Stroke,20210220,eCQM Update 2025-05-08,Grouping,2.16.840.1.113883.3.117.1.7.1.252,Ischemic Stroke Embolism,SNOMEDCT,2024-09,2.16.840.1.113883.6.96,Hospital Inpatient,Discharged on Antithrombotic Therapy,CMS104v14,Not Applicable,14,42bf391f-38a3-4c0f-9ece-dcd47e9609d9,Acute,No
,2.16.840.1.113883.3.117.1.7.1.247,Ischemic Stroke,20210220,eCQM Update 2025-05-08,Grouping,2.16.840.1.113762.1.4.1110.59,Ischemic Stroke Other,ICD10CM,2025,2.16.840.1.113883.6.90,Hospital Inpatient,Discharged on Antithrombotic Therapy,CMS104v14,Not Applicable,14,42bf391f-38a3-4c0f-9ece-dcd47e9609d9,Acute,No
,2.16.840.1.113883.3.117.1.7.1.247,Ischemic Stroke,20210220,eCQM Update 2025-05-08,Grouping,2.16.840.1.113762.1.4.1110.57,Ischemic Stroke Thrombosis,SNOMEDCT,2024-09,2.16.840.1.113883.6.96,Hospital Inpatient,Discharged on Antithrombotic Therapy,CMS104v14,Not Applicable,14,42bf391f-38a3-4c0f-9ece-dcd47e9609d9,Acute,No
,2.16.840.1.113883.3.117.1.7.1.308,Left Against Medical Advice,20210220,eCQM Update 2025-05-08,Extensional,,,SNOMEDCT,2024-09,2.16.840.1.113883.6.96,Hospital Inpatient,Discharged on Antithrombotic Therapy,CMS104v14,Not Applicable,14,42bf391f-38a3-4c0f-9ece-dcd47e9609d9,Acute,No
,2.16.840.1.113883.3.117.1.7.1.473,Medical Reason For Not Providing Treatment,20220212,eCQM Update 2025-05-08,Extensional,,,SNOMEDCT,2024-09,2.16.840.1.113883.6.96,Hospital Inpatient,Discharged on Antithrombotic Therapy,CMS104v14,Not Applicable,14,42bf391f-38a3-4c0f-9ece-dcd47e9609d9,Acute,No
,2.16.840.1.113883.3.117.1.7.1.309,Patient Expired,20210611,eCQM Update 2025-05-08,Extensional,,,SNOMEDCT,2024-09,2.16.840.1.113883.6.96,Hospital Inpatient,Discharged on Antithrombotic Therapy,CMS104v14,Not Applicable,14,42bf391f-38a3-4c0f-9ece-dcd47e9609d9,Acute,No
,2.16.840.1.113883.3.117.1.7.1.93,Patient Refusal,20250206,eCQM Update 2025-05-08,Extensional,,,SNOMEDCT,2024-09,2.16.840.1.113883.6.96,Hospital Inpatient,Discharged on Antithrombotic Therapy,CMS104v14,Not Applicable,14,42bf391f-38a3-4c0f-9ece-dcd47e9609d9,Acute,No
Encounter,2.16.840.1.113883.3.666.5.307,Encounter Inpatient,20200307,eCQM Update 2025-05-08,Extensional,,,SNOMEDCT,2024-09,2.16.840.1.113883.6.96,Hospital Inpatient,Excessive Radiation Dose or Inadequate Image Quality for Diagnostic Computed Tomography (CT) in Adults (Facility IQR),CMS1074v3,3663e,3,208faa56-5ce9-4181-84d9-f100a5693062,Acute,No
Individual Characteristic,2.16.840.1.114222.4.11.837,Ethnicity,20121025,eCQM Update 2025-05-08,Extensional,,,CDCREC,1.2,2.16.840.1.113883.6.238,Hospital Inpatient,Excessive Radiation Dose or Inadequate Image Quality for Diagnostic Computed Tomography (CT) in Adults (Facility IQR),CMS1074v3,3663e,3,208faa56-5ce9-4181-84d9-f100a5693062,Acute,Yes
Individual Characteristic,2.16.840.1.113762.1.4.1021.121,Federal Administrative Sex,20250228,eCQM Update 2025-05-08,Extensional,,,SNOMEDCT,2024-09,2.16.840.1.113883.6.96,Hospital Inpatient,Excessive Radiation Dose or Inadequate Image Quality for Diagnostic Computed Tomography (CT) in Adults (Facility IQR),CMS1074v3,3663e,3,208faa56-5ce9-4181-84d9-f100a5693062,Acute,Yes
Individual Characteristic,2.16.840.1.114222.4.11.3591,Payer Type,20221118,eCQM Update 2025-05-08,Intensional,,,SOP,9.2,2.16.840.1.113883.3.221.5,Hospital Inpatient,Excessive Radiation Dose or Inadequate Image Quality for Diagnostic Computed Tomography (CT) in Adults (Facility IQR),CMS1074v3,3663e,3,208faa56-5ce9-4181-84d9-f100a5693062,Acute,Yes
Individual Characteristic,2.16.840.1.114222.4.11.836,Race,20121025,eCQM Update 2025-05-08,Extensional,,,CDCREC,1.2,2.16.840.1.113883.6.238,Hospital Inpatient,Excessive Radiation Dose or Inadequate Image Quality for Diagnostic Computed Tomography (CT) in Adults (Facility IQR),CMS1074v3,3663e,3,208faa56-5ce9-4181-84d9-f100a5693062,Acute,Yes
Condition/Diagnosis/Problem,2.16.840.1.113883.3.117.1.7.1.202,Atrial Fibrillation or Flutter,20240209,eCQM Update 2025-05-08,Grouping,2.16.840.1.113883.3.117.1.7.1.245,Atrial Fibrillation or Flutter,ICD10CM,2025,2.16.840.1.113883.6.90,Hospital Inpatient,Venous Thromboembolism Prophylaxis,CMS108v14,Not Applicable,14,38b0b5ec-0f63-466f-8fe3-2cd20ddd1622,Acute,No
Condition/Diagnosis/Problem,2.16.840.1.113883.3.117.1.7.1.202,Atrial Fibrillation or Flutter,20240209,eCQM Update 2025-05-08,Grouping,2.16.840.1.113883.3.117.1.7.1.246,Atrial Fibrillation or Flutter,SNOMEDCT,2024-09,2.16.840.1.113883.6.96,Hospital Inpatient,Venous Thromboembolism Prophylaxis,CMS108v14,Not Applicable,14,38b0b5ec-0f63-466f-8fe3-2cd20ddd1622,Acute,No
Condition/Diagnosis/Problem,2.16.840.1.113883.3.117.1.7.1.279,Venous Thromboembolism,20210220,eCQM Update 2025-05-08,Grouping,2.16.840.1.113883.3.117.1.7.1.328,Venous Thromboembolism,ICD10CM,2025,2.16.840.1.113883.6.90,Hospital Inpatient,Venous Thromboembolism Prophylaxis,CMS108v14,Not Applicable,14,38b0b5ec-0f63-466f-8fe3-2cd20ddd1622,Acute,No
Condition/Diagnosis/Problem,2.16.840.1.113883.3.117.1.7.1.279,Venous Thromboembolism,20210220,eCQM Update 2025-05-08,Grouping,2.16.840.1.113883.3.117.1.7.1.330,Venous Thromboembolism,SNOMEDCT,2024-09,2.16.840.1.113883.6.96,Hospital Inpatient,Venous Thromboembolism Prophylaxis,CMS108v14,Not Applicable,14,38b0b5ec-0f63-466f-8fe3-2cd20ddd1622,Acute,No
Device,2.16.840.1.113883.3.117.1.7.1.256,Graduated compression stockings,20240203,eCQM Update 2025-05-08,Extensional,,,SNOMEDCT,2024-09,2.16.840.1.113883.6.96,Hospital Inpatient,Venous Thromboembolism Prophylaxis,CMS108v14,Not Applicable,14,38b0b5ec-0f63-466f-8fe3-2cd20ddd1622,Acute,No
Device,2.16.840.1.113883.3.117.1.7.1.214,Intermittent pneumatic compression devices,20230117,eCQM Update 2025-05-08,Extensional,,,SNOMEDCT,2024-09,2.16.840.1.113883.6.96,Hospital Inpatient,Venous Thromboembolism Prophylaxis,CMS108v14,Not Applicable,14,38b0b5ec-0f63-466f-8fe3-2cd20ddd1622,Acute,No
Device,2.16.840.1.113883.3.117.1.7.1.230,Venous foot pumps,20210220,eCQM Update 2025-05-08,Extensional,,,SNOMEDCT,2024-09,2.16.840.1.113883.6.96,Hospital Inpatient,Venous Thromboembolism Prophylaxis,CMS108v14,Not Applicable,14,38b0b5ec-0f63-466f-8fe3-2cd20ddd1622,Acute,No
Encounter,2.16.840.1.113883.3.117.1.7.1.292,Emergency Department Visit,20210611,eCQM Update 2025-05-08,Extensional,,,SNOMEDCT,2024-09,2.16.840.1.113883.6.96,Hospital Inpatient,Venous Thromboembolism Prophylaxis,CMS108v14,Not Applicable,14,38b0b5ec-0f63-466f-8fe3-2cd20ddd1622,Acute,No
Encounter,2.16.840.1.113883.3.666.5.307,Encounter Inpatient,20200307,eCQM Update 2025-05-08,Extensional,,,SNOMEDCT,2024-09,2.16.840.1.113883.6.96,Hospital Inpatient,Venous Thromboembolism Prophylaxis,CMS108v14,Not Applicable,14,38b0b5ec-0f63-466f-8fe3-2cd20ddd1622,Acute,No
Encounter,2.16.840.1.113762.1.4.1111.143,Observation Services,20210611,eCQM Update 2025-05-08,Extensional,,,SNOMEDCT,2024-09,2.16.840.1.113883.6.96,Hospital Inpatient,Venous Thromboembolism Prophylaxis,CMS108v14,Not Applicable,14,38b0b5ec-0f63-466f-8fe3-2cd20ddd1622,Acute,No
Individual Characteristic,2.16.840.1.114222.4.11.837,Ethnicity,20121025,eCQM Update 2025-05-08,Extensional,,,CDCREC,1.2,2.16.840.1.113883.6.238,Hospital Inpatient,Venous Thromboembolism Prophylaxis,CMS108v14,Not Applicable,14,38b0b5ec-0f63-466f-8fe3-2cd20ddd1622,Acute,Yes
Individual Characteristic,2.16.840.1.113762.1.4.1021.121,Federal Administrative Sex,20250228,eCQM Update 2025-05-08,Extensional,,,SNOMEDCT,2024-09,2.16.840.1.113883.6.96,Hospital Inpatient,Venous Thromboembolism Prophylaxis,CMS108v14,Not Applicable,14,38b0b5ec-0f63-466f-8fe3-2cd20ddd1622,Acute,Yes
Individual Characteristic,2.16.840.1.114222.4.11.3591,Payer Type,20221118,eCQM Update 2025-05-08,Intensional,,,SOP,9.2,2.16.840.1.113883.3.221.5,Hospital Inpatient,Venous Thromboembolism Prophylaxis,CMS108v14,Not Applicable,14,38b0b5ec-0f63-466f-8fe3-2cd20ddd1622,Acute,Yes
Individual Characteristic,2.16.840.1.114222.4.11.836,Race,20121025,eCQM Update 2025-05-08,Extensional,,,CDCREC,1.2,2.16.840.1.113883.6.238,Hospital Inpatient,Venous Thromboembolism Prophylaxis,CMS108v14,Not Applicable,14,38b0b5ec-0f63-466f-8fe3-2cd20ddd1622,Acute,Yes
Intervention,1.3.6.1.4.1.33895.1.3.0.45,Comfort Measures,20210220,eCQM Update 2025-05-08,Extensional,,,SNOMEDCT,2024-09,2.16.840.1.113883.6.96,Hospital Inpatient,Venous Thromboembolism Prophylaxis,CMS108v14,Not Applicable,14,38b0b5ec-0f63-466f-8fe3-2cd20ddd1622,Acute,No
Laboratory Test,2.16.840.1.113883.3.117.1.7.1.213,INR,20210220,eCQM Update 2025-05-08,Extensional,,,LOINC,2.78,2.16.840.1.113883.6.1,Hospital Inpatient,Venous Thromboembolism Prophylaxis,CMS108v14,Not Applicable,14,38b0b5ec-0f63-466f-8fe3-2cd20ddd1622,Acute,No
Medication,2.16.840.1.113883.3.117.1.7.1.205,Direct Thrombin Inhibitor,20240203,eCQM Update 2025-05-08,Extensional,,,RXNORM,2025-01,2.16.840.1.113883.6.88,Hospital Inpatient,Venous Thromboembolism Prophylaxis,CMS108v14,Not Applicable,14,38b0b5ec-0f63-466f-8fe3-2cd20ddd1622,Acute,No
Medication,2.16.840.1.113762.1.4.1045.41,Glycoprotein IIb IIIa Inhibitors,20230117,eCQM Update 2025-05-08,Extensional,,,RXNORM,2025-01,2.16.840.1.113883.6.88,Hospital Inpatient,Venous Thromboembolism Prophylaxis,CMS108v14,Not Applicable,14,38b0b5ec-0f63-466f-8fe3-2cd20ddd1622,Acute,No
Medication,2.16.840.1.113883.3.117.1.7.1.211,Injectable Factor Xa Inhibitor for VTE Prophylaxis,20210220,eCQM Update 2025-05-08,Extensional,,,RXNORM,2025-01,2.16.840.1.113883.6.88,Hospital Inpatient,Venous Thromboembolism Prophylaxis,CMS108v14,Not Applicable,14,38b0b5ec-0f63-466f-8fe3-2cd20ddd1622,Acute,No
Medication,2.16.840.1.113762.1.4.1045.39,Low Dose Unfractionated Heparin for VTE Prophylaxis,20240203,eCQM Update 2025-05-08,Extensional,,,RXNORM,2025-01,2.16.840.1.113883.6.88,Hospital Inpatient,Venous Thromboembolism Prophylaxis,CMS108v14,Not Applicable,14,38b0b5ec-0f63-466f-8fe3-2cd20ddd1622,Acute,No
Medication,2.16.840.1.113883.3.117.1.7.1.219,Low Molecular Weight Heparin for VTE Prophylaxis,20230117,eCQM Update 2025-05-08,Extensional,,,RXNORM,2025-01,2.16.840.1.113883.6.88,Hospital Inpatient,Venous Thromboembolism Prophylaxis,CMS108v14,Not Applicable,14,38b0b5ec-0f63-466f-8fe3-2cd20ddd1622,Acute,No
Medication,2.16.840.1.113883.3.117.1.7.1.134,Oral Factor Xa Inhibitor for VTE Prophylaxis or VTE Treatment,20220212,eCQM Update 2025-05-08,Extensional,,,RXNORM,2025-01,2.16.840.1.113883.6.88,Hospital Inpatient,Venous Thromboembolism Prophylaxis,CMS108v14,Not Applicable,14,38b0b5ec-0f63-466f-8fe3-2cd20ddd1622,Acute,No
Medication,2.16.840.1.113762.1.4.1110.50,Rivaroxaban for VTE Prophylaxis,20220219,eCQM Update 2025-05-08,Extensional,,,RXNORM,2025-01,2.16.840.1.113883.6.88,Hospital Inpatient,Venous Thromboembolism Prophylaxis,CMS108v14,Not Applicable,14,38b0b5ec-0f63-466f-8fe3-2cd20ddd1622,Acute,No
Medication,2.16.840.1.113883.3.117.1.7.1.218,Unfractionated Heparin,20210220,eCQM Update 2025-05-08,Extensional,,,RXNORM,2025-01,2.16.840.1.113883.6.88,Hospital Inpatient,Venous Thromboembolism Prophylaxis,CMS108v14,Not Applicable,14,38b0b5ec-0f63-466f-8fe3-2cd20ddd1622,Acute,No
Medication,2.16.840.1.113883.3.117.1.7.1.232,Warfarin,20210220,eCQM Update 2025-05-08,Extensional,,,RXNORM,2025-01,2.16.840.1.113883.6.88,Hospital Inpatient,Venous Thromboembolism Prophylaxis,CMS108v14,Not Applicable,14,38b0b5ec-0f63-466f-8fe3-2cd20ddd1622,Acute,No
Procedure,2.16.840.1.113762.1.4.1110.66,Application of Graduated Compression Stockings,20220212,eCQM Update 2025-05-08,Extensional,,,SNOMEDCT,2024-09,2.16.840.1.113883.6.96,Hospital Inpatient,Venous Thromboembolism Prophylaxis,CMS108v14,Not Applicable,14,38b0b5ec-0f63-466f-8fe3-2cd20ddd1622,Acute,No
Procedure,2.16.840.1.113762.1.4.1110.65,Application of Intermittent Pneumatic Compression Devices,20220212,eCQM Update 2025-05-08,Extensional,,,SNOMEDCT,2024-09,2.16.840.1.113883.6.96,Hospital Inpatient,Venous Thromboembolism Prophylaxis,CMS108v14,Not Applicable,14,38b0b5ec-0f63-466f-8fe3-2cd20ddd1622,Acute,No
Procedure,2.16.840.1.113762.1.4.1110.64,Application of Venous Foot Pumps,20220212,eCQM Update 2025-05-08,Extensional,,,SNOMEDCT,2024-09,2.16.840.1.113883.6.96,Hospital Inpatient,Venous Thromboembolism Prophylaxis,CMS108v14,Not Applicable,14,38b0b5ec-0f63-466f-8fe3-2cd20ddd1622,Acute,No
Procedure,2.16.840.1.113883.3.117.1.7.1.255,General Surgery,20210220,eCQM Update 2025-05-08,Grouping,2.16.840.1.113883.3.117.1.7.1.361,General Surgery,ICD10PCS,2025,2.16.840.1.113883.6.4,Hospital Inpatient,Venous Thromboembolism Prophylaxis,CMS108v14,Not Applicable,14,38b0b5ec-0f63-466f-8fe3-2cd20ddd1622,Acute,No
Procedure,2.16.840.1.113883.3.117.1.7.1.255,General Surgery,20210220,eCQM Update 2025-05-08,Grouping,2.16.840.1.113883.3.117.1.7.1.365,General Surgery,SNOMEDCT,2024-09,2.16.840.1.113883.6.96,Hospital Inpatient,Venous Thromboembolism Prophylaxis,CMS108v14,Not Applicable,14,38b0b5ec-0f63-466f-8fe3-2cd20ddd1622,Acute,No
Procedure,2.16.840.1.113883.3.666.5.1743,General or Neuraxial Anesthesia,20210220,eCQM Update 2025-05-08,Grouping,2.16.840.1.113883.3.117.1.7.1.348,General or Neuraxial Anesthesia,SNOMEDCT,2024-09,2.16.840.1.113883.6.96,Hospital Inpatient,Venous Thromboembolism Prophylaxis,CMS108v14,Not Applicable,14,38b0b5ec-0f63-466f-8fe3-2cd20ddd1622,Acute,No
Procedure,2.16.840.1.113883.3.666.5.1743,General or Neuraxial Anesthesia,20210220,eCQM Update 2025-05-08,Grouping,2.16.840.1.113762.1.4.1045.38,General Or Neuraxial Anesthesia,ICD10PCS,2025,2.16.840.1.113883.6.4,Hospital Inpatient,Venous Thromboembolism Prophylaxis,CMS108v14,Not Applicable,14,38b0b5ec-0f63-466f-8fe3-2cd20ddd1622,Acute,No
Procedure,2.16.840.1.113883.3.117.1.7.1.257,Gynecological Surgery,20210220,eCQM Update 2025-05-08,Grouping,2.16.840.1.113883.3.117.1.7.1.310,Gynecological Surgery,SNOMEDCT,2024-09,2.16.840.1.113883.6.96,Hospital Inpatient,Venous Thromboembolism Prophylaxis,CMS108v14,Not Applicable,14,38b0b5ec-0f63-466f-8fe3-2cd20ddd1622,Acute,No
Procedure,2.16.840.1.113883.3.117.1.7.1.257,Gynecological Surgery,20210220,eCQM Update 2025-05-08,Grouping,2.16.840.1.113883.3.117.1.7.1.313,Gynecological Surgery,ICD10PCS,2025,2.16.840.1.113883.6.4,Hospital Inpatient,Venous Thromboembolism Prophylaxis,CMS108v14,Not Applicable,14,38b0b5ec-0f63-466f-8fe3-2cd20ddd1622,Acute,No
Procedure,2.16.840.1.113883.3.117.1.7.1.258,Hip Fracture Surgery,20210220,eCQM Update 2025-05-08,Grouping,2.16.840.1.113883.3.117.1.7.1.325,Hip Fracture Surgery,ICD10PCS,2025,2.16.840.1.113883.6.4,Hospital Inpatient,Venous Thromboembolism Prophylaxis,CMS108v14,Not Applicable,14,38b0b5ec-0f63-466f-8fe3-2cd20ddd1622,Acute,No
Procedure,2.16.840.1.113883.3.117.1.7.1.258,Hip Fracture Surgery,20210220,eCQM Update 2025-05-08,Grouping,2.16.840.1.113883.3.117.1.7.1.323,Hip Fracture Surgery,SNOMEDCT,2024-09,2.16.840.1.113883.6.96,Hospital Inpatient,Venous Thromboembolism Prophylaxis,CMS108v14,Not Applicable,14,38b0b5ec-0f63-466f-8fe3-2cd20ddd1622,Acute,No
Procedure,2.16.840.1.113883.3.117.1.7.1.259,Hip Replacement Surgery,20210220,eCQM Update 2025-05-08,Grouping,2.16.840.1.113883.3.117.1.7.1.321,Hip Replacement Surgery,ICD10PCS,2025,2.16.840.1.113883.6.4,Hospital Inpatient,Venous Thromboembolism Prophylaxis,CMS108v14,Not Applicable,14,38b0b5ec-0f63-466f-8fe3-2cd20ddd1622,Acute,No
Procedure,2.16.840.1.113883.3.117.1.7.1.259,Hip Replacement Surgery,20210220,eCQM Update 2025-05-08,Grouping,2.16.840.1.113883.3.117.1.7.1.319,Hip Replacement Surgery,SNOMEDCT,2024-09,2.16.840.1.113883.6.96,Hospital Inpatient,Venous Thromboembolism Prophylaxis,CMS108v14,Not Applicable,14,38b0b5ec-0f63-466f-8fe3-2cd20ddd1622,Acute,No
Procedure,2.16.840.1.113883.3.117.1.7.1.260,Intracranial Neurosurgery,20210220,eCQM Update 2025-05-08,Grouping,2.16.840.1.113883.3.117.1.7.1.344,Intracranial Neurosurgery,ICD10PCS,2025,2.16.840.1.113883.6.4,Hospital Inpatient,Venous Thromboembolism Prophylaxis,CMS108v14,Not Applicable,14,38b0b5ec-0f63-466f-8fe3-2cd20ddd1622,Acute,No
Procedure,2.16.840.1.113883.3.117.1.7.1.260,Intracranial Neurosurgery,20210220,eCQM Update 2025-05-08,Grouping,2.16.840.1.113883.3.117.1.7.1.346,Intracranial Neurosurgery,SNOMEDCT,2024-09,2.16.840.1.113883.6.96,Hospital Inpatient,Venous Thromboembolism Prophylaxis,CMS108v14,Not Applicable,14,38b0b5ec-0f63-466f-8fe3-2cd20ddd1622,Acute,No
Procedure,2.16.840.1.113883.3.117.1.7.1.261,Knee Replacement Surgery,20210220,eCQM Update 2025-05-08,Grouping,2.16.840.1.113883.3.117.1.7.1.315,Knee Replacement Surgery,SNOMEDCT,2024-09,2.16.840.1.113883.6.96,Hospital Inpatient,Venous Thromboembolism Prophylaxis,CMS108v14,Not Applicable,14,38b0b5ec-0f63-466f-8fe3-2cd20ddd1622,Acute,No
Procedure,2.16.840.1.113883.3.117.1.7.1.261,Knee Replacement Surgery,20210220,eCQM Update 2025-05-08,Grouping,2.16.840.1.113883.3.117.1.7.1.317,Knee Replacement Surgery,ICD10PCS,2025,2.16.840.1.113883.6.4,Hospital Inpatient,Venous Thromboembolism Prophylaxis,CMS108v14,Not Applicable,14,38b0b5ec-0f63-466f-8fe3-2cd20ddd1622,Acute,No
Procedure,2.16.840.1.113883.3.117.1.7.1.272,Urological Surgery,20210220,eCQM Update 2025-05-08,Grouping,2.16.840.1.113883.3.117.1.7.1.331,Urological Surgery,ICD10PCS,2025,2.16.840.1.113883.6.4,Hospital Inpatient,Venous Thromboembolism Prophylaxis,CMS108v14,Not Applicable,14,38b0b5ec-0f63-466f-8fe3-2cd20ddd1622,Acute,No
Procedure,2.16.840.1.113883.3.117.1.7.1.272,Urological Surgery,20210220,eCQM Update 2025-05-08,Grouping,2.16.840.1.113883.3.117.1.7.1.333,Urological Surgery,SNOMEDCT,2024-09,2.16.840.1.113883.6.96,Hospital Inpatient,Venous Thromboembolism Prophylaxis,CMS108v14,Not Applicable,14,38b0b5ec-0f63-466f-8fe3-2cd20ddd1622,Acute,No
,2.16.840.1.113883.3.117.1.7.1.212,Hemorrhagic Stroke,20210220,eCQM Update 2025-05-08,Grouping,2.16.840.1.113883.3.117.1.7.1.234,Hemorrhagic Stroke,ICD10CM,2025,2.16.840.1.113883.6.90,Hospital Inpatient,Venous Thromboembolism Prophylaxis,CMS108v14,Not Applicable,14,38b0b5ec-0f63-466f-8fe3-2cd20ddd1622,Acute,No
,2.16.840.1.113883.3.117.1.7.1.212,Hemorrhagic Stroke,20210220,eCQM Update 2025-05-08,Grouping,2.16.840.1.113883.3.117.1.7.1.235,Hemorrhagic Stroke,SNOMEDCT,2024-09,2.16.840.1.113883.6.96,Hospital Inpatient,Venous Thromboembolism Prophylaxis,CMS108v14,Not Applicable,14,38b0b5ec-0f63-466f-8fe3-2cd20ddd1622,Acute,No
,2.16.840.1.113762.1.4.1029.206,Intensive Care Unit,20210220,eCQM Update 2025-05-08,Grouping,2.16.840.1.113762.1.4.1110.23,Intensive Care Unit,SNOMEDCT,2024-09,2.16.840.1.113883.6.96,Hospital Inpatient,Venous Thromboembolism Prophylaxis,CMS108v14,Not Applicable,14,38b0b5ec-0f63-466f-8fe3-2cd20ddd1622,Acute,No
,2.16.840.1.113762.1.4.1029.206,Intensive Care Unit,20210220,eCQM Update 2025-05-08,Grouping,2.16.840.1.113762.1.4.1029.204,Intensive Care Unit,HSLOC,2022,2.16.840.1.113883.6.259,Hospital Inpatient,Venous Thromboembolism Prophylaxis,CMS108v14,Not Applicable,14,38b0b5ec-0f63-466f-8fe3-2cd20ddd1622,Acute,No
,2.16.840.1.113883.3.117.1.7.1.222,Intravenous route,20210220,eCQM Update 2025-05-08,Extensional,,,SNOMEDCT,2024-09,2.16.840.1.113883.6.96,Hospital Inpatient,Venous Thromboembolism Prophylaxis,CMS108v14,Not Applicable,14,38b0b5ec-0f63-466f-8fe3-2cd20ddd1622,Acute,No
,2.16.840.1.113883.3.117.1.7.1.247,Ischemic Stroke,20210220,eCQM Update 2025-05-08,Grouping,2.16.840.1.113762.1.4.1110.60,Ischemic Stroke Other,SNOMEDCT,2024-09,2.16.840.1.113883.6.96,Hospital Inpatient,Venous Thromboembolism Prophylaxis,CMS108v14,Not Applicable,14,38b0b5ec-0f63-466f-8fe3-2cd20ddd1622,Acute,No
,2.16.840.1.113883.3.117.1.7.1.247,Ischemic Stroke,20210220,eCQM Update 2025-05-08,Grouping,2.16.840.1.113762.1.4.1110.57,Ischemic Stroke Thrombosis,SNOMEDCT,2024-09,2.16.840.1.113883.6.96,Hospital Inpatient,Venous Thromboembolism Prophylaxis,CMS108v14,Not Applicable,14,38b0b5ec-0f63-466f-8fe3-2cd20ddd1622,Acute,No
,2.16.840.1.113883.3.117.1.7.1.247,Ischemic Stroke,20210220,eCQM Update 2025-05-08,Grouping,2.16.840.1.113883.3.117.1.7.1.251,Ischemic Stroke Embolism,ICD10CM,2025,2.16.840.1.113883.6.90,Hospital Inpatient,Venous Thromboembolism Prophylaxis,CMS108v14,Not Applicable,14,38b0b5ec-0f63-466f-8fe3-2cd20ddd1622,Acute,No
,2.16.840.1.113883.3.117.1.7.1.247,Ischemic Stroke,20210220,eCQM Update 2025-05-08,Grouping,2.16.840.1.113883.3.117.1.7.1.252,Ischemic Stroke Embolism,SNOMEDCT,2024-09,2.16.840.1.113883.6.96,Hospital Inpatient,Venous Thromboembolism Prophylaxis,CMS108v14,Not Applicable,14,38b0b5ec-0f63-466f-8fe3-2cd20ddd1622,Acute,No
,2.16.840.1.113883.3.117.1.7.1.247,Ischemic Stroke,20210220,eCQM Update 2025-05-08,Grouping,2.16.840.1.113762.1.4.1110.58,Ischemic Stroke Thrombosis,ICD10CM,2025,2.16.840.1.113883.6.90,Hospital Inpatient,Venous Thromboembolism Prophylaxis,CMS108v14,Not Applicable,14,38b0b5ec-0f63-466f-8fe3-2cd20ddd1622,Acute,No
,2.16.840.1.113883.3.117.1.7.1.247,Ischemic Stroke,20210220,eCQM Update 2025-05-08,Grouping,2.16.840.1.113762.1.4.1110.59,Ischemic Stroke Other,ICD10CM,2025,2.16.840.1.113883.6.90,Hospital Inpatient,Venous Thromboembolism Prophylaxis,CMS108v14,Not Applicable,14,38b0b5ec-0f63-466f-8fe3-2cd20ddd1622,Acute,No
,2.16.840.1.113883.3.117.1.7.1.400,Low Risk,20240203,eCQM Update 2025-05-08,Extensional,,,SNOMEDCT,2024-09,2.16.840.1.113883.6.96,Hospital Inpatient,Venous Thromboembolism Prophylaxis,CMS108v14,Not Applicable,14,38b0b5ec-0f63-466f-8fe3-2cd20ddd1622,Acute,No
,2.16.840.1.113883.3.117.1.7.1.473,Medical Reason For Not Providing Treatment,20220212,eCQM Update 2025-05-08,Extensional,,,SNOMEDCT,2024-09,2.16.840.1.113883.6.96,Hospital Inpatient,Venous Thromboembolism Prophylaxis,CMS108v14,Not Applicable,14,38b0b5ec-0f63-466f-8fe3-2cd20ddd1622,Acute,No
,2.16.840.1.113883.3.464.1003.105.12.1004,Mental Health Diagnoses,20210220,eCQM Update 2025-05-08,Grouping,2.16.840.1.113883.3.464.1003.105.11.1010,Mental Health Diagnoses,SNOMEDCT,2024-09,2.16.840.1.113883.6.96,Hospital Inpatient,Venous Thromboembolism Prophylaxis,CMS108v14,Not Applicable,14,38b0b5ec-0f63-466f-8fe3-2cd20ddd1622,Acute,No
,2.16.840.1.113883.3.464.1003.105.12.1004,Mental Health Diagnoses,20210220,eCQM Update 2025-05-08,Grouping,2.16.840.1.113883.3.464.1003.105.11.1012,Mental Health Diagnoses,ICD10CM,2025,2.16.840.1.113883.6.90,Hospital Inpatient,Venous Thromboembolism Prophylaxis,CMS108v14,Not Applicable,14,38b0b5ec-0f63-466f-8fe3-2cd20ddd1622,Acute,No
,2.16.840.1.113883.3.117.1.7.1.263,Obstetrical or Pregnancy Related Conditions,20210220,eCQM Update 2025-05-08,Grouping,2.16.840.1.113883.3.117.1.7.1.335,Obstetrical or Pregnancy Related Conditions,ICD10CM,2025,2.16.840.1.113883.6.90,Hospital Inpatient,Venous Thromboembolism Prophylaxis,CMS108v14,Not Applicable,14,38b0b5ec-0f63-466f-8fe3-2cd20ddd1622,Acute,No
,2.16.840.1.113883.3.117.1.7.1.263,Obstetrical or Pregnancy Related Conditions,20210220,eCQM Update 2025-05-08,Grouping,2.16.840.1.113883.3.117.1.7.1.337,Obstetrical or Pregnancy Related Conditions,SNOMEDCT,2024-09,2.16.840.1.113883.6.96,Hospital Inpatient,Venous Thromboembolism Prophylaxis,CMS108v14,Not Applicable,14,38b0b5ec-0f63-466f-8fe3-2cd20ddd1622,Acute,No
,2.16.840.1.113883.3.117.1.7.1.264,Obstetrics VTE,20210220,eCQM Update 2025-05-08,Grouping,2.16.840.1.113883.3.117.1.7.1.338,Obstetrics VTE,ICD10CM,2025,2.16.840.1.113883.6.90,Hospital Inpatient,Venous Thromboembolism Prophylaxis,CMS108v14,Not Applicable,14,38b0b5ec-0f63-466f-8fe3-2cd20ddd1622,Acute,No
,2.16.840.1.113883.3.117.1.7.1.264,Obstetrics VTE,20210220,eCQM Update 2025-05-08,Grouping,2.16.840.1.113883.3.117.1.7.1.340,Obstetrics VTE,SNOMEDCT,2024-09,2.16.840.1.113883.6.96,Hospital Inpatient,Venous Thromboembolism Prophylaxis,CMS108v14,Not Applicable,14,38b0b5ec-0f63-466f-8fe3-2cd20ddd1622,Acute,No
,2.16.840.1.113883.3.117.1.7.1.93,Patient Refusal,20250206,eCQM Update 2025-05-08,Extensional,,,SNOMEDCT,2024-09,2.16.840.1.113883.6.96,Hospital Inpatient,Venous Thromboembolism Prophylaxis,CMS108v14,Not Applicable,14,38b0b5ec-0f63-466f-8fe3-2cd20ddd1622,Acute,No
,2.16.840.1.113883.3.117.1.7.1.223,Subcutaneous route,20210220,eCQM Update 2025-05-08,Extensional,,,SNOMEDCT,2024-09,2.16.840.1.113883.6.96,Hospital Inpatient,Venous Thromboembolism Prophylaxis,CMS108v14,Not Applicable,14,38b0b5ec-0f63-466f-8fe3-2cd20ddd1622,Acute,No
Assessment,2.16.840.1.113762.1.4.1248.213,Non Invasive Oxygen Therapy,20230512,eCQM Update 2025-05-08,Grouping,2.16.840.1.113762.1.4.1248.214,Non Invasive Oxygen Therapy Devices,SNOMEDCT,2024-09,2.16.840.1.113883.6.96,Hospital Inpatient,Hospital Harm - Postoperative Respiratory Failure,CMS1218v2,4130e,2,010fa13e-a59f-4ab7-8b96-e8df0494b611,Acute,No
Assessment,2.16.840.1.113762.1.4.1248.213,Non Invasive Oxygen Therapy,20230512,eCQM Update 2025-05-08,Grouping,2.16.840.1.113762.1.4.1248.210,Continuous and Bilevel Positive Airway Pressure,ICD10PCS,2025,2.16.840.1.113883.6.4,Hospital Inpatient,Hospital Harm - Postoperative Respiratory Failure,CMS1218v2,4130e,2,010fa13e-a59f-4ab7-8b96-e8df0494b611,Acute,No
Assessment,2.16.840.1.113762.1.4.1248.213,Non Invasive Oxygen Therapy,20230512,eCQM Update 2025-05-08,Grouping,2.16.840.1.113762.1.4.1248.211,Continuous and Bilevel Positive Airway Pressure,SNOMEDCT,2024-09,2.16.840.1.113883.6.96,Hospital Inpatient,Hospital Harm - Postoperative Respiratory Failure,CMS1218v2,4130e,2,010fa13e-a59f-4ab7-8b96-e8df0494b611,Acute,No
Encounter,2.16.840.1.113762.1.4.1248.85,Elective Inpatient Encounter,20230518,eCQM Update 2025-05-08,Extensional,,,SNOMEDCT,2024-09,2.16.840.1.113883.6.96,Hospital Inpatient,Hospital Harm - Postoperative Respiratory Failure,CMS1218v2,4130e,2,010fa13e-a59f-4ab7-8b96-e8df0494b611,Acute,No
Encounter,2.16.840.1.113883.3.117.1.7.1.292,Emergency Department Visit,20210611,eCQM Update 2025-05-08,Extensional,,,SNOMEDCT,2024-09,2.16.840.1.113883.6.96,Hospital Inpatient,Hospital Harm - Postoperative Respiratory Failure,CMS1218v2,4130e,2,010fa13e-a59f-4ab7-8b96-e8df0494b611,Acute,No
Encounter,2.16.840.1.113762.1.4.1111.143,Observation Services,20210611,eCQM Update 2025-05-08,Extensional,,,SNOMEDCT,2024-09,2.16.840.1.113883.6.96,Hospital Inpatient,Hospital Harm - Postoperative Respiratory Failure,CMS1218v2,4130e,2,010fa13e-a59f-4ab7-8b96-e8df0494b611,Acute,No
Encounter,2.16.840.1.113762.1.4.1110.38,Outpatient Surgery Service,20190426,eCQM Update 2025-05-08,Extensional,,,SNOMEDCT,2024-09,2.16.840.1.113883.6.96,Hospital Inpatient,Hospital Harm - Postoperative Respiratory Failure,CMS1218v2,4130e,2,010fa13e-a59f-4ab7-8b96-e8df0494b611,Acute,No
Individual Characteristic,2.16.840.1.114222.4.11.837,Ethnicity,20121025,eCQM Update 2025-05-08,Extensional,,,CDCREC,1.2,2.16.840.1.113883.6.238,Hospital Inpatient,Hospital Harm - Postoperative Respiratory Failure,CMS1218v2,4130e,2,010fa13e-a59f-4ab7-8b96-e8df0494b611,Acute,Yes
Individual Characteristic,2.16.840.1.113762.1.4.1021.121,Federal Administrative Sex,20250228,eCQM Update 2025-05-08,Extensional,,,SNOMEDCT,2024-09,2.16.840.1.113883.6.96,Hospital Inpatient,Hospital Harm - Postoperative Respiratory Failure,CMS1218v2,4130e,2,010fa13e-a59f-4ab7-8b96-e8df0494b611,Acute,Yes
Individual Characteristic,2.16.840.1.114222.4.11.3591,Payer Type,20221118,eCQM Update 2025-05-08,Intensional,,,SOP,9.2,2.16.840.1.113883.3.221.5,Hospital Inpatient,Hospital Harm - Postoperative Respiratory Failure,CMS1218v2,4130e,2,010fa13e-a59f-4ab7-8b96-e8df0494b611,Acute,Yes
Individual Characteristic,2.16.840.1.114222.4.11.836,Race,20121025,eCQM Update 2025-05-08,Extensional,,,CDCREC,1.2,2.16.840.1.113883.6.238,Hospital Inpatient,Hospital Harm - Postoperative Respiratory Failure,CMS1218v2,4130e,2,010fa13e-a59f-4ab7-8b96-e8df0494b611,Acute,Yes
Laboratory Test,2.16.840.1.113762.1.4.1248.221,Albumin lab test,20230520,eCQM Update 2025-05-08,Extensional,,,LOINC,2.78,2.16.840.1.113883.6.1,Hospital Inpatient,Hospital Harm - Postoperative Respiratory Failure,CMS1218v2,4130e,2,010fa13e-a59f-4ab7-8b96-e8df0494b611,Acute,No
Laboratory Test,2.16.840.1.113762.1.4.1248.96,Arterial Blood pH,20240109,eCQM Update 2025-05-08,Extensional,,,LOINC,2.78,2.16.840.1.113883.6.1,Hospital Inpatient,Hospital Harm - Postoperative Respiratory Failure,CMS1218v2,4130e,2,010fa13e-a59f-4ab7-8b96-e8df0494b611,Acute,No
Laboratory Test,2.16.840.1.113762.1.4.1248.224,Aspartate transaminase lab test,20230520,eCQM Update 2025-05-08,Extensional,,,LOINC,2.78,2.16.840.1.113883.6.1,Hospital Inpatient,Hospital Harm - Postoperative Respiratory Failure,CMS1218v2,4130e,2,010fa13e-a59f-4ab7-8b96-e8df0494b611,Acute,No
Laboratory Test,2.16.840.1.113762.1.4.1045.139,Bicarbonate Lab Test,20230214,eCQM Update 2025-05-08,Extensional,,,LOINC,2.78,2.16.840.1.113883.6.1,Hospital Inpatient,Hospital Harm - Postoperative Respiratory Failure,CMS1218v2,4130e,2,010fa13e-a59f-4ab7-8b96-e8df0494b611,Acute,No
Laboratory Test,2.16.840.1.113762.1.4.1248.223,Bilirubin lab test,20250212,eCQM Update 2025-05-08,Extensional,,,LOINC,2.78,2.16.840.1.113883.6.1,Hospital Inpatient,Hospital Harm - Postoperative Respiratory Failure,CMS1218v2,4130e,2,010fa13e-a59f-4ab7-8b96-e8df0494b611,Acute,No
Laboratory Test,2.16.840.1.113762.1.4.1248.218,Blood urea nitrogen lab test,20250212,eCQM Update 2025-05-08,Extensional,,,LOINC,2.78,2.16.840.1.113883.6.1,Hospital Inpatient,Hospital Harm - Postoperative Respiratory Failure,CMS1218v2,4130e,2,010fa13e-a59f-4ab7-8b96-e8df0494b611,Acute,No
Laboratory Test,2.16.840.1.113762.1.4.1248.95,Carbon Dioxide Partial Pressure in Arterial Blood,20240109,eCQM Update 2025-05-08,Extensional,,,LOINC,2.78,2.16.840.1.113883.6.1,Hospital Inpatient,Hospital Harm - Postoperative Respiratory Failure,CMS1218v2,4130e,2,010fa13e-a59f-4ab7-8b96-e8df0494b611,Acute,No
Laboratory Test,2.16.840.1.113883.3.666.5.2363,Creatinine Lab Test,20250207,eCQM Update 2025-05-08,Extensional,,,LOINC,2.78,2.16.840.1.113883.6.1,Hospital Inpatient,Hospital Harm - Postoperative Respiratory Failure,CMS1218v2,4130e,2,010fa13e-a59f-4ab7-8b96-e8df0494b611,Acute,No
Laboratory Test,2.16.840.1.113762.1.4.1045.114,Hematocrit Lab Test,20250207,eCQM Update 2025-05-08,Extensional,,,LOINC,2.78,2.16.840.1.113883.6.1,Hospital Inpatient,Hospital Harm - Postoperative Respiratory Failure,CMS1218v2,4130e,2,010fa13e-a59f-4ab7-8b96-e8df0494b611,Acute,No
Laboratory Test,2.16.840.1.113762.1.4.1248.219,Hemoglobin lab test,20250212,eCQM Update 2025-05-08,Extensional,,,LOINC,2.78,2.16.840.1.113883.6.1,Hospital Inpatient,Hospital Harm - Postoperative Respiratory Failure,CMS1218v2,4130e,2,010fa13e-a59f-4ab7-8b96-e8df0494b611,Acute,No
Laboratory Test,2.16.840.1.113762.1.4.1248.222,Leukocyte count lab test,20240112,eCQM Update 2025-05-08,Extensional,,,LOINC,2.78,2.16.840.1.113883.6.1,Hospital Inpatient,Hospital Harm - Postoperative Respiratory Failure,CMS1218v2,4130e,2,010fa13e-a59f-4ab7-8b96-e8df0494b611,Acute,No
Laboratory Test,2.16.840.1.113762.1.4.1248.94,Oxygen Partial Pressure in Arterial Blood,20240109,eCQM Update 2025-05-08,Extensional,,,LOINC,2.78,2.16.840.1.113883.6.1,Hospital Inpatient,Hospital Harm - Postoperative Respiratory Failure,CMS1218v2,4130e,2,010fa13e-a59f-4ab7-8b96-e8df0494b611,Acute,No
Laboratory Test,2.16.840.1.113762.1.4.1045.127,Platelet Count Lab Test,20230214,eCQM Update 2025-05-08,Extensional,,,LOINC,2.78,2.16.840.1.113883.6.1,Hospital Inpatient,Hospital Harm - Postoperative Respiratory Failure,CMS1218v2,4130e,2,010fa13e-a59f-4ab7-8b96-e8df0494b611,Acute,No
Laboratory Test,2.16.840.1.113762.1.4.1045.119,Sodium Lab Test,20220218,eCQM Update 2025-05-08,Extensional,,,LOINC,2.78,2.16.840.1.113883.6.1,Hospital Inpatient,Hospital Harm - Postoperative Respiratory Failure,CMS1218v2,4130e,2,010fa13e-a59f-4ab7-8b96-e8df0494b611,Acute,No
Laboratory Test,2.16.840.1.113762.1.4.1045.129,White Blood Cells Count Lab Test,20230214,eCQM Update 2025-05-08,Extensional,,,LOINC,2.78,2.16.840.1.113883.6.1,Hospital Inpatient,Hospital Harm - Postoperative Respiratory Failure,CMS1218v2,4130e,2,010fa13e-a59f-4ab7-8b96-e8df0494b611,Acute,No
Procedure,2.16.840.1.113762.1.4.1248.255,Anesthesia Requiring Monitored Care,20240112,eCQM Update 2025-05-08,Grouping,2.16.840.1.113762.1.4.1248.253,Anesthesia Requiring Monitored Care,SNOMEDCT,2024-09,2.16.840.1.113883.6.96,Hospital Inpatient,Hospital Harm - Postoperative Respiratory Failure,CMS1218v2,4130e,2,010fa13e-a59f-4ab7-8b96-e8df0494b611,Acute,No
Procedure,2.16.840.1.113762.1.4.1248.255,Anesthesia Requiring Monitored Care,20240112,eCQM Update 2025-05-08,Grouping,2.16.840.1.113762.1.4.1248.207,General and Neuraxial Anesthesia,SNOMEDCT,2024-09,2.16.840.1.113883.6.96,Hospital Inpatient,Hospital Harm - Postoperative Respiratory Failure,CMS1218v2,4130e,2,010fa13e-a59f-4ab7-8b96-e8df0494b611,Acute,No
Procedure,2.16.840.1.113762.1.4.1248.255,Anesthesia Requiring Monitored Care,20240112,eCQM Update 2025-05-08,Grouping,2.16.840.1.113762.1.4.1248.252,Anesthesia Requiring Monitored Care,ICD10PCS,2025,2.16.840.1.113883.6.4,Hospital Inpatient,Hospital Harm - Postoperative Respiratory Failure,CMS1218v2,4130e,2,010fa13e-a59f-4ab7-8b96-e8df0494b611,Acute,No
Procedure,2.16.840.1.113762.1.4.1248.255,Anesthesia Requiring Monitored Care,20240112,eCQM Update 2025-05-08,Grouping,2.16.840.1.113762.1.4.1248.206,General and Neuraxial Anesthesia,ICD10PCS,2025,2.16.840.1.113883.6.4,Hospital Inpatient,Hospital Harm - Postoperative Respiratory Failure,CMS1218v2,4130e,2,010fa13e-a59f-4ab7-8b96-e8df0494b611,Acute,No
Procedure,2.16.840.1.113762.1.4.1248.208,General and Neuraxial Anesthesia,20230429,eCQM Update 2025-05-08,Grouping,2.16.840.1.113762.1.4.1248.207,General and Neuraxial Anesthesia,SNOMEDCT,2024-09,2.16.840.1.113883.6.96,Hospital Inpatient,Hospital Harm - Postoperative Respiratory Failure,CMS1218v2,4130e,2,010fa13e-a59f-4ab7-8b96-e8df0494b611,Acute,No
Procedure,2.16.840.1.113762.1.4.1248.208,General and Neuraxial Anesthesia,20230429,eCQM Update 2025-05-08,Grouping,2.16.840.1.113762.1.4.1248.206,General and Neuraxial Anesthesia,ICD10PCS,2025,2.16.840.1.113883.6.4,Hospital Inpatient,Hospital Harm - Postoperative Respiratory Failure,CMS1218v2,4130e,2,010fa13e-a59f-4ab7-8b96-e8df0494b611,Acute,No
Procedure,2.16.840.1.113762.1.4.1248.251,"Head, Neck, and Thoracic Surgeries with High Risk Airway Compromise",20240112,eCQM Update 2025-05-08,Grouping,2.16.840.1.113762.1.4.1248.247,Chest Wall Procedures,ICD10PCS,2025,2.16.840.1.113883.6.4,Hospital Inpatient,Hospital Harm - Postoperative Respiratory Failure,CMS1218v2,4130e,2,010fa13e-a59f-4ab7-8b96-e8df0494b611,Acute,No
Procedure,2.16.840.1.113762.1.4.1248.251,"Head, Neck, and Thoracic Surgeries with High Risk Airway Compromise",20240112,eCQM Update 2025-05-08,Grouping,2.16.840.1.113762.1.4.1248.248,Chest Wall Procedures,SNOMEDCT,2024-09,2.16.840.1.113883.6.96,Hospital Inpatient,Hospital Harm - Postoperative Respiratory Failure,CMS1218v2,4130e,2,010fa13e-a59f-4ab7-8b96-e8df0494b611,Acute,No
Procedure,2.16.840.1.113762.1.4.1248.251,"Head, Neck, and Thoracic Surgeries with High Risk Airway Compromise",20240112,eCQM Update 2025-05-08,Grouping,2.16.840.1.113762.1.4.1248.243,Heart and Lung Transplants,SNOMEDCT,2024-09,2.16.840.1.113883.6.96,Hospital Inpatient,Hospital Harm - Postoperative Respiratory Failure,CMS1218v2,4130e,2,010fa13e-a59f-4ab7-8b96-e8df0494b611,Acute,No
Procedure,2.16.840.1.113762.1.4.1248.251,"Head, Neck, and Thoracic Surgeries with High Risk Airway Compromise",20240112,eCQM Update 2025-05-08,Grouping,2.16.840.1.113762.1.4.1248.242,Heart and Lung Transplants,ICD10PCS,2025,2.16.840.1.113883.6.4,Hospital Inpatient,Hospital Harm - Postoperative Respiratory Failure,CMS1218v2,4130e,2,010fa13e-a59f-4ab7-8b96-e8df0494b611,Acute,No
Procedure,2.16.840.1.113762.1.4.1248.251,"Head, Neck, and Thoracic Surgeries with High Risk Airway Compromise",20240112,eCQM Update 2025-05-08,Grouping,2.16.840.1.113762.1.4.1248.249,Maxillary Procedures,ICD10PCS,2025,2.16.840.1.113883.6.4,Hospital Inpatient,Hospital Harm - Postoperative Respiratory Failure,CMS1218v2,4130e,2,010fa13e-a59f-4ab7-8b96-e8df0494b611,Acute,No
Procedure,2.16.840.1.113762.1.4.1248.251,"Head, Neck, and Thoracic Surgeries with High Risk Airway Compromise",20240112,eCQM Update 2025-05-08,Grouping,2.16.840.1.113762.1.4.1248.245,Lung Resections and Excisions,ICD10PCS,2025,2.16.840.1.113883.6.4,Hospital Inpatient,Hospital Harm - Postoperative Respiratory Failure,CMS1218v2,4130e,2,010fa13e-a59f-4ab7-8b96-e8df0494b611,Acute,No
Procedure,2.16.840.1.113762.1.4.1248.251,"Head, Neck, and Thoracic Surgeries with High Risk Airway Compromise",20240112,eCQM Update 2025-05-08,Grouping,2.16.840.1.113762.1.4.1248.182,Head and Neck Surgeries with High Risk Airway Compromise,SNOMEDCT,2024-09,2.16.840.1.113883.6.96,Hospital Inpatient,Hospital Harm - Postoperative Respiratory Failure,CMS1218v2,4130e,2,010fa13e-a59f-4ab7-8b96-e8df0494b611,Acute,No
Procedure,2.16.840.1.113762.1.4.1248.251,"Head, Neck, and Thoracic Surgeries with High Risk Airway Compromise",20240112,eCQM Update 2025-05-08,Grouping,2.16.840.1.113762.1.4.1248.246,Lung Resections and Excisions,SNOMEDCT,2024-09,2.16.840.1.113883.6.96,Hospital Inpatient,Hospital Harm - Postoperative Respiratory Failure,CMS1218v2,4130e,2,010fa13e-a59f-4ab7-8b96-e8df0494b611,Acute,No
Procedure,2.16.840.1.113762.1.4.1248.251,"Head, Neck, and Thoracic Surgeries with High Risk Airway Compromise",20240112,eCQM Update 2025-05-08,Grouping,2.16.840.1.113762.1.4.1248.93,Head and Neck Surgeries with High Risk Airway Compromise,ICD10PCS,2025,2.16.840.1.113883.6.4,Hospital Inpatient,Hospital Harm - Postoperative Respiratory Failure,CMS1218v2,4130e,2,010fa13e-a59f-4ab7-8b96-e8df0494b611,Acute,No
Procedure,2.16.840.1.113762.1.4.1248.251,"Head, Neck, and Thoracic Surgeries with High Risk Airway Compromise",20240112,eCQM Update 2025-05-08,Grouping,2.16.840.1.113762.1.4.1248.250,Maxillary Procedures,SNOMEDCT,2024-09,2.16.840.1.113883.6.96,Hospital Inpatient,Hospital Harm - Postoperative Respiratory Failure,CMS1218v2,4130e,2,010fa13e-a59f-4ab7-8b96-e8df0494b611,Acute,No
Procedure,2.16.840.1.113762.1.4.1248.179,Intubation,20220719,eCQM Update 2025-05-08,Grouping,2.16.840.1.113762.1.4.1248.178,Intubation,SNOMEDCT,2024-09,2.16.840.1.113883.6.96,Hospital Inpatient,Hospital Harm - Postoperative Respiratory Failure,CMS1218v2,4130e,2,010fa13e-a59f-4ab7-8b96-e8df0494b611,Acute,No
Procedure,2.16.840.1.113762.1.4.1248.179,Intubation,20220719,eCQM Update 2025-05-08,Grouping,2.16.840.1.113762.1.4.1248.86,Intubation,ICD10PCS,2025,2.16.840.1.113883.6.4,Hospital Inpatient,Hospital Harm - Postoperative Respiratory Failure,CMS1218v2,4130e,2,010fa13e-a59f-4ab7-8b96-e8df0494b611,Acute,No
Procedure,2.16.840.1.113883.3.3157.4056,Major Surgical Procedure,20190216,eCQM Update 2025-05-08,Grouping,2.16.840.1.113883.3.666.5.1250,Major Surgical Procedure,SNOMEDCT,2024-09,2.16.840.1.113883.6.96,Hospital Inpatient,Hospital Harm - Postoperative Respiratory Failure,CMS1218v2,4130e,2,010fa13e-a59f-4ab7-8b96-e8df0494b611,Acute,No
Procedure,2.16.840.1.113883.3.3157.4056,Major Surgical Procedure,20190216,eCQM Update 2025-05-08,Grouping,2.16.840.1.113883.3.117.1.7.1.1,Major Surgical Procedure,ICD10PCS,2025,2.16.840.1.113883.6.4,Hospital Inpatient,Hospital Harm - Postoperative Respiratory Failure,CMS1218v2,4130e,2,010fa13e-a59f-4ab7-8b96-e8df0494b611,Acute,No
Procedure,2.16.840.1.113762.1.4.1248.107,Mechanical Ventilation,20220507,eCQM Update 2025-05-08,Grouping,2.16.840.1.113762.1.4.1248.105,Mechanical Ventilation Procedures,ICD10PCS,2025,2.16.840.1.113883.6.4,Hospital Inpatient,Hospital Harm - Postoperative Respiratory Failure,CMS1218v2,4130e,2,010fa13e-a59f-4ab7-8b96-e8df0494b611,Acute,No
Procedure,2.16.840.1.113762.1.4.1248.107,Mechanical Ventilation,20220507,eCQM Update 2025-05-08,Grouping,2.16.840.1.113762.1.4.1248.106,Mechanical Ventilation,SNOMEDCT,2024-09,2.16.840.1.113883.6.96,Hospital Inpatient,Hospital Harm - Postoperative Respiratory Failure,CMS1218v2,4130e,2,010fa13e-a59f-4ab7-8b96-e8df0494b611,Acute,No
Procedure,2.16.840.1.113762.1.4.1248.209,Non Invasive Oxygen Therapy by Nasal Cannula or Mask,20240112,eCQM Update 2025-05-08,Extensional,,,SNOMEDCT,2024-09,2.16.840.1.113883.6.96,Hospital Inpatient,Hospital Harm - Postoperative Respiratory Failure,CMS1218v2,4130e,2,010fa13e-a59f-4ab7-8b96-e8df0494b611,Acute,No
Procedure,2.16.840.1.113762.1.4.1248.181,Tracheostomy Procedures,20220719,eCQM Update 2025-05-08,Grouping,2.16.840.1.113762.1.4.1248.180,Tracheostomy Procedures,SNOMEDCT,2024-09,2.16.840.1.113883.6.96,Hospital Inpatient,Hospital Harm - Postoperative Respiratory Failure,CMS1218v2,4130e,2,010fa13e-a59f-4ab7-8b96-e8df0494b611,Acute,No
Procedure,2.16.840.1.113762.1.4.1248.181,Tracheostomy Procedures,20220719,eCQM Update 2025-05-08,Grouping,2.16.840.1.113762.1.4.1248.90,Tracheostomy Procedures,ICD10PCS,2025,2.16.840.1.113883.6.4,Hospital Inpatient,Hospital Harm - Postoperative Respiratory Failure,CMS1218v2,4130e,2,010fa13e-a59f-4ab7-8b96-e8df0494b611,Acute,No
,2.16.840.1.113762.1.4.1248.217,ASA physical status class,20230512,eCQM Update 2025-05-08,Extensional,,,SNOMEDCT,2024-09,2.16.840.1.113883.6.96,Hospital Inpatient,Hospital Harm - Postoperative Respiratory Failure,CMS1218v2,4130e,2,010fa13e-a59f-4ab7-8b96-e8df0494b611,Acute,No
,2.16.840.1.113762.1.4.1248.88,Acute Respiratory Failure,20230426,eCQM Update 2025-05-08,Extensional,,,ICD10CM,2025,2.16.840.1.113883.6.90,Hospital Inpatient,Hospital Harm - Postoperative Respiratory Failure,CMS1218v2,4130e,2,010fa13e-a59f-4ab7-8b96-e8df0494b611,Acute,No
,2.16.840.1.113762.1.4.1248.241,Degenerative Neurological Disorder,20230923,eCQM Update 2025-05-08,Grouping,2.16.840.1.113762.1.4.1248.92,Degenerative Neurological Disorder,ICD10CM,2025,2.16.840.1.113883.6.90,Hospital Inpatient,Hospital Harm - Postoperative Respiratory Failure,CMS1218v2,4130e,2,010fa13e-a59f-4ab7-8b96-e8df0494b611,Acute,No
,2.16.840.1.113762.1.4.1248.241,Degenerative Neurological Disorder,20230923,eCQM Update 2025-05-08,Grouping,2.16.840.1.113762.1.4.1248.240,Degenerative Neurological Disorder,SNOMEDCT,2024-09,2.16.840.1.113883.6.96,Hospital Inpatient,Hospital Harm - Postoperative Respiratory Failure,CMS1218v2,4130e,2,010fa13e-a59f-4ab7-8b96-e8df0494b611,Acute,No
,2.16.840.1.113762.1.4.1248.239,Neuromuscular Disorder,20230923,eCQM Update 2025-05-08,Grouping,2.16.840.1.113762.1.4.1248.238,Neuromuscular Disorder,SNOMEDCT,2024-09,2.16.840.1.113883.6.96,Hospital Inpatient,Hospital Harm - Postoperative Respiratory Failure,CMS1218v2,4130e,2,010fa13e-a59f-4ab7-8b96-e8df0494b611,Acute,No
,2.16.840.1.113762.1.4.1248.239,Neuromuscular Disorder,20230923,eCQM Update 2025-05-08,Grouping,2.16.840.1.113762.1.4.1248.91,Neuromuscular Disorder,ICD10CM,2025,2.16.840.1.113883.6.90,Hospital Inpatient,Hospital Harm - Postoperative Respiratory Failure,CMS1218v2,4130e,2,010fa13e-a59f-4ab7-8b96-e8df0494b611,Acute,No
,2.16.840.1.113883.3.117.1.7.1.263,Obstetrical or Pregnancy Related Conditions,20210220,eCQM Update 2025-05-08,Grouping,2.16.840.1.113883.3.117.1.7.1.337,Obstetrical or Pregnancy Related Conditions,SNOMEDCT,2024-09,2.16.840.1.113883.6.96,Hospital Inpatient,Hospital Harm - Postoperative Respiratory Failure,CMS1218v2,4130e,2,010fa13e-a59f-4ab7-8b96-e8df0494b611,Acute,No
,2.16.840.1.113883.3.117.1.7.1.263,Obstetrical or Pregnancy Related Conditions,20210220,eCQM Update 2025-05-08,Grouping,2.16.840.1.113883.3.117.1.7.1.335,Obstetrical or Pregnancy Related Conditions,ICD10CM,2025,2.16.840.1.113883.6.90,Hospital Inpatient,Hospital Harm - Postoperative Respiratory Failure,CMS1218v2,4130e,2,010fa13e-a59f-4ab7-8b96-e8df0494b611,Acute,No
,2.16.840.1.113762.1.4.1147.197,Present on Admission or Clinically Undetermined,20220415,eCQM Update 2025-05-08,Extensional,,,PresentOnAdmission,2021,2.16.840.1.113883.6.301.11,Hospital Inpatient,Hospital Harm - Postoperative Respiratory Failure,CMS1218v2,4130e,2,010fa13e-a59f-4ab7-8b96-e8df0494b611,Acute,No
,2.16.840.1.113762.1.4.1248.216,Procedural Hospital Locations,20230512,eCQM Update 2025-05-08,Extensional,,,HSLOC,2022,2.16.840.1.113883.6.259,Hospital Inpatient,Hospital Harm - Postoperative Respiratory Failure,CMS1218v2,4130e,2,010fa13e-a59f-4ab7-8b96-e8df0494b611,Acute,No
,2.16.840.1.113762.1.4.1248.220,Smoking status,20240112,eCQM Update 2025-05-08,Extensional,,,SNOMEDCT,2024-09,2.16.840.1.113883.6.96,Hospital Inpatient,Hospital Harm - Postoperative Respiratory Failure,CMS1218v2,4130e,2,010fa13e-a59f-4ab7-8b96-e8df0494b611,Acute,No
,2.16.840.1.113762.1.4.1248.89,Tracheostomy Diagnoses,20220719,eCQM Update 2025-05-08,Extensional,,,ICD10CM,2025,2.16.840.1.113883.6.90,Hospital Inpatient,Hospital Harm - Postoperative Respiratory Failure,CMS1218v2,4130e,2,010fa13e-a59f-4ab7-8b96-e8df0494b611,Acute,No
Condition/Diagnosis/Problem,2.16.840.1.113883.3.117.1.7.1.202,Atrial Fibrillation or Flutter,20240209,eCQM Update 2025-05-08,Grouping,2.16.840.1.113883.3.117.1.7.1.245,Atrial Fibrillation or Flutter,ICD10CM,2025,2.16.840.1.113883.6.90,Hospital Inpatient,Intensive Care Unit Venous Thromboembolism Prophylaxis,CMS190v14,Not Applicable,14,fa91ba68-1e66-4a23-8eb2-baa8e6df2f2f,Acute,No
Condition/Diagnosis/Problem,2.16.840.1.113883.3.117.1.7.1.202,Atrial Fibrillation or Flutter,20240209,eCQM Update 2025-05-08,Grouping,2.16.840.1.113883.3.117.1.7.1.246,Atrial Fibrillation or Flutter,SNOMEDCT,2024-09,2.16.840.1.113883.6.96,Hospital Inpatient,Intensive Care Unit Venous Thromboembolism Prophylaxis,CMS190v14,Not Applicable,14,fa91ba68-1e66-4a23-8eb2-baa8e6df2f2f,Acute,No
Condition/Diagnosis/Problem,2.16.840.1.113883.3.117.1.7.1.279,Venous Thromboembolism,20210220,eCQM Update 2025-05-08,Grouping,2.16.840.1.113883.3.117.1.7.1.330,Venous Thromboembolism,SNOMEDCT,2024-09,2.16.840.1.113883.6.96,Hospital Inpatient,Intensive Care Unit Venous Thromboembolism Prophylaxis,CMS190v14,Not Applicable,14,fa91ba68-1e66-4a23-8eb2-baa8e6df2f2f,Acute,No
Condition/Diagnosis/Problem,2.16.840.1.113883.3.117.1.7.1.279,Venous Thromboembolism,20210220,eCQM Update 2025-05-08,Grouping,2.16.840.1.113883.3.117.1.7.1.328,Venous Thromboembolism,ICD10CM,2025,2.16.840.1.113883.6.90,Hospital Inpatient,Intensive Care Unit Venous Thromboembolism Prophylaxis,CMS190v14,Not Applicable,14,fa91ba68-1e66-4a23-8eb2-baa8e6df2f2f,Acute,No
Device,2.16.840.1.113883.3.117.1.7.1.256,Graduated compression stockings,20240203,eCQM Update 2025-05-08,Extensional,,,SNOMEDCT,2024-09,2.16.840.1.113883.6.96,Hospital Inpatient,Intensive Care Unit Venous Thromboembolism Prophylaxis,CMS190v14,Not Applicable,14,fa91ba68-1e66-4a23-8eb2-baa8e6df2f2f,Acute,No
Device,2.16.840.1.113883.3.117.1.7.1.214,Intermittent pneumatic compression devices,20230117,eCQM Update 2025-05-08,Extensional,,,SNOMEDCT,2024-09,2.16.840.1.113883.6.96,Hospital Inpatient,Intensive Care Unit Venous Thromboembolism Prophylaxis,CMS190v14,Not Applicable,14,fa91ba68-1e66-4a23-8eb2-baa8e6df2f2f,Acute,No
Device,2.16.840.1.113883.3.117.1.7.1.230,Venous foot pumps,20210220,eCQM Update 2025-05-08,Extensional,,,SNOMEDCT,2024-09,2.16.840.1.113883.6.96,Hospital Inpatient,Intensive Care Unit Venous Thromboembolism Prophylaxis,CMS190v14,Not Applicable,14,fa91ba68-1e66-4a23-8eb2-baa8e6df2f2f,Acute,No
Encounter,2.16.840.1.113883.3.117.1.7.1.292,Emergency Department Visit,20210611,eCQM Update 2025-05-08,Extensional,,,SNOMEDCT,2024-09,2.16.840.1.113883.6.96,Hospital Inpatient,Intensive Care Unit Venous Thromboembolism Prophylaxis,CMS190v14,Not Applicable,14,fa91ba68-1e66-4a23-8eb2-baa8e6df2f2f,Acute,No
Encounter,2.16.840.1.113883.3.666.5.307,Encounter Inpatient,20200307,eCQM Update 2025-05-08,Extensional,,,SNOMEDCT,2024-09,2.16.840.1.113883.6.96,Hospital Inpatient,Intensive Care Unit Venous Thromboembolism Prophylaxis,CMS190v14,Not Applicable,14,fa91ba68-1e66-4a23-8eb2-baa8e6df2f2f,Acute,No
Encounter,2.16.840.1.113762.1.4.1111.143,Observation Services,20210611,eCQM Update 2025-05-08,Extensional,,,SNOMEDCT,2024-09,2.16.840.1.113883.6.96,Hospital Inpatient,Intensive Care Unit Venous Thromboembolism Prophylaxis,CMS190v14,Not Applicable,14,fa91ba68-1e66-4a23-8eb2-baa8e6df2f2f,Acute,No
Individual Characteristic,2.16.840.1.114222.4.11.837,Ethnicity,20121025,eCQM Update 2025-05-08,Extensional,,,CDCREC,1.2,2.16.840.1.113883.6.238,Hospital Inpatient,Intensive Care Unit Venous Thromboembolism Prophylaxis,CMS190v14,Not Applicable,14,fa91ba68-1e66-4a23-8eb2-baa8e6df2f2f,Acute,Yes
Individual Characteristic,2.16.840.1.113762.1.4.1021.121,Federal Administrative Sex,20250228,eCQM Update 2025-05-08,Extensional,,,SNOMEDCT,2024-09,2.16.840.1.113883.6.96,Hospital Inpatient,Intensive Care Unit Venous Thromboembolism Prophylaxis,CMS190v14,Not Applicable,14,fa91ba68-1e66-4a23-8eb2-baa8e6df2f2f,Acute,Yes
Individual Characteristic,2.16.840.1.114222.4.11.3591,Payer Type,20221118,eCQM Update 2025-05-08,Intensional,,,SOP,9.2,2.16.840.1.113883.3.221.5,Hospital Inpatient,Intensive Care Unit Venous Thromboembolism Prophylaxis,CMS190v14,Not Applicable,14,fa91ba68-1e66-4a23-8eb2-baa8e6df2f2f,Acute,Yes
Individual Characteristic,2.16.840.1.114222.4.11.836,Race,20121025,eCQM Update 2025-05-08,Extensional,,,CDCREC,1.2,2.16.840.1.113883.6.238,Hospital Inpatient,Intensive Care Unit Venous Thromboembolism Prophylaxis,CMS190v14,Not Applicable,14,fa91ba68-1e66-4a23-8eb2-baa8e6df2f2f,Acute,Yes
Intervention,1.3.6.1.4.1.33895.1.3.0.45,Comfort Measures,20210220,eCQM Update 2025-05-08,Extensional,,,SNOMEDCT,2024-09,2.16.840.1.113883.6.96,Hospital Inpatient,Intensive Care Unit Venous Thromboembolism Prophylaxis,CMS190v14,Not Applicable,14,fa91ba68-1e66-4a23-8eb2-baa8e6df2f2f,Acute,No
Laboratory Test,2.16.840.1.113883.3.117.1.7.1.213,INR,20210220,eCQM Update 2025-05-08,Extensional,,,LOINC,2.78,2.16.840.1.113883.6.1,Hospital Inpatient,Intensive Care Unit Venous Thromboembolism Prophylaxis,CMS190v14,Not Applicable,14,fa91ba68-1e66-4a23-8eb2-baa8e6df2f2f,Acute,No
Medication,2.16.840.1.113883.3.117.1.7.1.205,Direct Thrombin Inhibitor,20240203,eCQM Update 2025-05-08,Extensional,,,RXNORM,2025-01,2.16.840.1.113883.6.88,Hospital Inpatient,Intensive Care Unit Venous Thromboembolism Prophylaxis,CMS190v14,Not Applicable,14,fa91ba68-1e66-4a23-8eb2-baa8e6df2f2f,Acute,No
Medication,2.16.840.1.113762.1.4.1045.41,Glycoprotein IIb IIIa Inhibitors,20230117,eCQM Update 2025-05-08,Extensional,,,RXNORM,2025-01,2.16.840.1.113883.6.88,Hospital Inpatient,Intensive Care Unit Venous Thromboembolism Prophylaxis,CMS190v14,Not Applicable,14,fa91ba68-1e66-4a23-8eb2-baa8e6df2f2f,Acute,No
Medication,2.16.840.1.113883.3.117.1.7.1.211,Injectable Factor Xa Inhibitor for VTE Prophylaxis,20210220,eCQM Update 2025-05-08,Extensional,,,RXNORM,2025-01,2.16.840.1.113883.6.88,Hospital Inpatient,Intensive Care Unit Venous Thromboembolism Prophylaxis,CMS190v14,Not Applicable,14,fa91ba68-1e66-4a23-8eb2-baa8e6df2f2f,Acute,No
Medication,2.16.840.1.113762.1.4.1045.39,Low Dose Unfractionated Heparin for VTE Prophylaxis,20240203,eCQM Update 2025-05-08,Extensional,,,RXNORM,2025-01,2.16.840.1.113883.6.88,Hospital Inpatient,Intensive Care Unit Venous Thromboembolism Prophylaxis,CMS190v14,Not Applicable,14,fa91ba68-1e66-4a23-8eb2-baa8e6df2f2f,Acute,No
Medication,2.16.840.1.113883.3.117.1.7.1.219,Low Molecular Weight Heparin for VTE Prophylaxis,20230117,eCQM Update 2025-05-08,Extensional,,,RXNORM,2025-01,2.16.840.1.113883.6.88,Hospital Inpatient,Intensive Care Unit Venous Thromboembolism Prophylaxis,CMS190v14,Not Applicable,14,fa91ba68-1e66-4a23-8eb2-baa8e6df2f2f,Acute,No
Medication,2.16.840.1.113883.3.117.1.7.1.134,Oral Factor Xa Inhibitor for VTE Prophylaxis or VTE Treatment,20220212,eCQM Update 2025-05-08,Extensional,,,RXNORM,2025-01,2.16.840.1.113883.6.88,Hospital Inpatient,Intensive Care Unit Venous Thromboembolism Prophylaxis,CMS190v14,Not Applicable,14,fa91ba68-1e66-4a23-8eb2-baa8e6df2f2f,Acute,No
Medication,2.16.840.1.113762.1.4.1110.50,Rivaroxaban for VTE Prophylaxis,20220219,eCQM Update 2025-05-08,Extensional,,,RXNORM,2025-01,2.16.840.1.113883.6.88,Hospital Inpatient,Intensive Care Unit Venous Thromboembolism Prophylaxis,CMS190v14,Not Applicable,14,fa91ba68-1e66-4a23-8eb2-baa8e6df2f2f,Acute,No
Medication,2.16.840.1.113883.3.117.1.7.1.218,Unfractionated Heparin,20210220,eCQM Update 2025-05-08,Extensional,,,RXNORM,2025-01,2.16.840.1.113883.6.88,Hospital Inpatient,Intensive Care Unit Venous Thromboembolism Prophylaxis,CMS190v14,Not Applicable,14,fa91ba68-1e66-4a23-8eb2-baa8e6df2f2f,Acute,No
Medication,2.16.840.1.113883.3.117.1.7.1.232,Warfarin,20210220,eCQM Update 2025-05-08,Extensional,,,RXNORM,2025-01,2.16.840.1.113883.6.88,Hospital Inpatient,Intensive Care Unit Venous Thromboembolism Prophylaxis,CMS190v14,Not Applicable,14,fa91ba68-1e66-4a23-8eb2-baa8e6df2f2f,Acute,No
Procedure,2.16.840.1.113762.1.4.1110.66,Application of Graduated Compression Stockings,20220212,eCQM Update 2025-05-08,Extensional,,,SNOMEDCT,2024-09,2.16.840.1.113883.6.96,Hospital Inpatient,Intensive Care Unit Venous Thromboembolism Prophylaxis,CMS190v14,Not Applicable,14,fa91ba68-1e66-4a23-8eb2-baa8e6df2f2f,Acute,No
Procedure,2.16.840.1.113762.1.4.1110.65,Application of Intermittent Pneumatic Compression Devices,20220212,eCQM Update 2025-05-08,Extensional,,,SNOMEDCT,2024-09,2.16.840.1.113883.6.96,Hospital Inpatient,Intensive Care Unit Venous Thromboembolism Prophylaxis,CMS190v14,Not Applicable,14,fa91ba68-1e66-4a23-8eb2-baa8e6df2f2f,Acute,No
Procedure,2.16.840.1.113762.1.4.1110.64,Application of Venous Foot Pumps,20220212,eCQM Update 2025-05-08,Extensional,,,SNOMEDCT,2024-09,2.16.840.1.113883.6.96,Hospital Inpatient,Intensive Care Unit Venous Thromboembolism Prophylaxis,CMS190v14,Not Applicable,14,fa91ba68-1e66-4a23-8eb2-baa8e6df2f2f,Acute,No
Procedure,2.16.840.1.113883.3.117.1.7.1.255,General Surgery,20210220,eCQM Update 2025-05-08,Grouping,2.16.840.1.113883.3.117.1.7.1.361,General Surgery,ICD10PCS,2025,2.16.840.1.113883.6.4,Hospital Inpatient,Intensive Care Unit Venous Thromboembolism Prophylaxis,CMS190v14,Not Applicable,14,fa91ba68-1e66-4a23-8eb2-baa8e6df2f2f,Acute,No
Procedure,2.16.840.1.113883.3.117.1.7.1.255,General Surgery,20210220,eCQM Update 2025-05-08,Grouping,2.16.840.1.113883.3.117.1.7.1.365,General Surgery,SNOMEDCT,2024-09,2.16.840.1.113883.6.96,Hospital Inpatient,Intensive Care Unit Venous Thromboembolism Prophylaxis,CMS190v14,Not Applicable,14,fa91ba68-1e66-4a23-8eb2-baa8e6df2f2f,Acute,No
Procedure,2.16.840.1.113883.3.666.5.1743,General or Neuraxial Anesthesia,20210220,eCQM Update 2025-05-08,Grouping,2.16.840.1.113762.1.4.1045.38,General Or Neuraxial Anesthesia,ICD10PCS,2025,2.16.840.1.113883.6.4,Hospital Inpatient,Intensive Care Unit Venous Thromboembolism Prophylaxis,CMS190v14,Not Applicable,14,fa91ba68-1e66-4a23-8eb2-baa8e6df2f2f,Acute,No
Procedure,2.16.840.1.113883.3.666.5.1743,General or Neuraxial Anesthesia,20210220,eCQM Update 2025-05-08,Grouping,2.16.840.1.113883.3.117.1.7.1.348,General or Neuraxial Anesthesia,SNOMEDCT,2024-09,2.16.840.1.113883.6.96,Hospital Inpatient,Intensive Care Unit Venous Thromboembolism Prophylaxis,CMS190v14,Not Applicable,14,fa91ba68-1e66-4a23-8eb2-baa8e6df2f2f,Acute,No
Procedure,2.16.840.1.113883.3.117.1.7.1.257,Gynecological Surgery,20210220,eCQM Update 2025-05-08,Grouping,2.16.840.1.113883.3.117.1.7.1.310,Gynecological Surgery,SNOMEDCT,2024-09,2.16.840.1.113883.6.96,Hospital Inpatient,Intensive Care Unit Venous Thromboembolism Prophylaxis,CMS190v14,Not Applicable,14,fa91ba68-1e66-4a23-8eb2-baa8e6df2f2f,Acute,No
Procedure,2.16.840.1.113883.3.117.1.7.1.257,Gynecological Surgery,20210220,eCQM Update 2025-05-08,Grouping,2.16.840.1.113883.3.117.1.7.1.313,Gynecological Surgery,ICD10PCS,2025,2.16.840.1.113883.6.4,Hospital Inpatient,Intensive Care Unit Venous Thromboembolism Prophylaxis,CMS190v14,Not Applicable,14,fa91ba68-1e66-4a23-8eb2-baa8e6df2f2f,Acute,No
Procedure,2.16.840.1.113883.3.117.1.7.1.258,Hip Fracture Surgery,20210220,eCQM Update 2025-05-08,Grouping,2.16.840.1.113883.3.117.1.7.1.325,Hip Fracture Surgery,ICD10PCS,2025,2.16.840.1.113883.6.4,Hospital Inpatient,Intensive Care Unit Venous Thromboembolism Prophylaxis,CMS190v14,Not Applicable,14,fa91ba68-1e66-4a23-8eb2-baa8e6df2f2f,Acute,No
Procedure,2.16.840.1.113883.3.117.1.7.1.258,Hip Fracture Surgery,20210220,eCQM Update 2025-05-08,Grouping,2.16.840.1.113883.3.117.1.7.1.323,Hip Fracture Surgery,SNOMEDCT,2024-09,2.16.840.1.113883.6.96,Hospital Inpatient,Intensive Care Unit Venous Thromboembolism Prophylaxis,CMS190v14,Not Applicable,14,fa91ba68-1e66-4a23-8eb2-baa8e6df2f2f,Acute,No
Procedure,2.16.840.1.113883.3.117.1.7.1.259,Hip Replacement Surgery,20210220,eCQM Update 2025-05-08,Grouping,2.16.840.1.113883.3.117.1.7.1.321,Hip Replacement Surgery,ICD10PCS,2025,2.16.840.1.113883.6.4,Hospital Inpatient,Intensive Care Unit Venous Thromboembolism Prophylaxis,CMS190v14,Not Applicable,14,fa91ba68-1e66-4a23-8eb2-baa8e6df2f2f,Acute,No
Procedure,2.16.840.1.113883.3.117.1.7.1.259,Hip Replacement Surgery,20210220,eCQM Update 2025-05-08,Grouping,2.16.840.1.113883.3.117.1.7.1.319,Hip Replacement Surgery,SNOMEDCT,2024-09,2.16.840.1.113883.6.96,Hospital Inpatient,Intensive Care Unit Venous Thromboembolism Prophylaxis,CMS190v14,Not Applicable,14,fa91ba68-1e66-4a23-8eb2-baa8e6df2f2f,Acute,No
Procedure,2.16.840.1.113883.3.117.1.7.1.260,Intracranial Neurosurgery,20210220,eCQM Update 2025-05-08,Grouping,2.16.840.1.113883.3.117.1.7.1.346,Intracranial Neurosurgery,SNOMEDCT,2024-09,2.16.840.1.113883.6.96,Hospital Inpatient,Intensive Care Unit Venous Thromboembolism Prophylaxis,CMS190v14,Not Applicable,14,fa91ba68-1e66-4a23-8eb2-baa8e6df2f2f,Acute,No
Procedure,2.16.840.1.113883.3.117.1.7.1.260,Intracranial Neurosurgery,20210220,eCQM Update 2025-05-08,Grouping,2.16.840.1.113883.3.117.1.7.1.344,Intracranial Neurosurgery,ICD10PCS,2025,2.16.840.1.113883.6.4,Hospital Inpatient,Intensive Care Unit Venous Thromboembolism Prophylaxis,CMS190v14,Not Applicable,14,fa91ba68-1e66-4a23-8eb2-baa8e6df2f2f,Acute,No
Procedure,2.16.840.1.113883.3.117.1.7.1.261,Knee Replacement Surgery,20210220,eCQM Update 2025-05-08,Grouping,2.16.840.1.113883.3.117.1.7.1.315,Knee Replacement Surgery,SNOMEDCT,2024-09,2.16.840.1.113883.6.96,Hospital Inpatient,Intensive Care Unit Venous Thromboembolism Prophylaxis,CMS190v14,Not Applicable,14,fa91ba68-1e66-4a23-8eb2-baa8e6df2f2f,Acute,No
Procedure,2.16.840.1.113883.3.117.1.7.1.261,Knee Replacement Surgery,20210220,eCQM Update 2025-05-08,Grouping,2.16.840.1.113883.3.117.1.7.1.317,Knee Replacement Surgery,ICD10PCS,2025,2.16.840.1.113883.6.4,Hospital Inpatient,Intensive Care Unit Venous Thromboembolism Prophylaxis,CMS190v14,Not Applicable,14,fa91ba68-1e66-4a23-8eb2-baa8e6df2f2f,Acute,No
Procedure,2.16.840.1.113883.3.117.1.7.1.272,Urological Surgery,20210220,eCQM Update 2025-05-08,Grouping,2.16.840.1.113883.3.117.1.7.1.333,Urological Surgery,SNOMEDCT,2024-09,2.16.840.1.113883.6.96,Hospital Inpatient,Intensive Care Unit Venous Thromboembolism Prophylaxis,CMS190v14,Not Applicable,14,fa91ba68-1e66-4a23-8eb2-baa8e6df2f2f,Acute,No
Procedure,2.16.840.1.113883.3.117.1.7.1.272,Urological Surgery,20210220,eCQM Update 2025-05-08,Grouping,2.16.840.1.113883.3.117.1.7.1.331,Urological Surgery,ICD10PCS,2025,2.16.840.1.113883.6.4,Hospital Inpatient,Intensive Care Unit Venous Thromboembolism Prophylaxis,CMS190v14,Not Applicable,14,fa91ba68-1e66-4a23-8eb2-baa8e6df2f2f,Acute,No
,2.16.840.1.113762.1.4.1029.206,Intensive Care Unit,20210220,eCQM Update 2025-05-08,Grouping,2.16.840.1.113762.1.4.1110.23,Intensive Care Unit,SNOMEDCT,2024-09,2.16.840.1.113883.6.96,Hospital Inpatient,Intensive Care Unit Venous Thromboembolism Prophylaxis,CMS190v14,Not Applicable,14,fa91ba68-1e66-4a23-8eb2-baa8e6df2f2f,Acute,No
,2.16.840.1.113762.1.4.1029.206,Intensive Care Unit,20210220,eCQM Update 2025-05-08,Grouping,2.16.840.1.113762.1.4.1029.204,Intensive Care Unit,HSLOC,2022,2.16.840.1.113883.6.259,Hospital Inpatient,Intensive Care Unit Venous Thromboembolism Prophylaxis,CMS190v14,Not Applicable,14,fa91ba68-1e66-4a23-8eb2-baa8e6df2f2f,Acute,No
,2.16.840.1.113883.3.117.1.7.1.222,Intravenous route,20210220,eCQM Update 2025-05-08,Extensional,,,SNOMEDCT,2024-09,2.16.840.1.113883.6.96,Hospital Inpatient,Intensive Care Unit Venous Thromboembolism Prophylaxis,CMS190v14,Not Applicable,14,fa91ba68-1e66-4a23-8eb2-baa8e6df2f2f,Acute,No
,2.16.840.1.113883.3.117.1.7.1.400,Low Risk,20240203,eCQM Update 2025-05-08,Extensional,,,SNOMEDCT,2024-09,2.16.840.1.113883.6.96,Hospital Inpatient,Intensive Care Unit Venous Thromboembolism Prophylaxis,CMS190v14,Not Applicable,14,fa91ba68-1e66-4a23-8eb2-baa8e6df2f2f,Acute,No
,2.16.840.1.113883.3.117.1.7.1.473,Medical Reason For Not Providing Treatment,20220212,eCQM Update 2025-05-08,Extensional,,,SNOMEDCT,2024-09,2.16.840.1.113883.6.96,Hospital Inpatient,Intensive Care Unit Venous Thromboembolism Prophylaxis,CMS190v14,Not Applicable,14,fa91ba68-1e66-4a23-8eb2-baa8e6df2f2f,Acute,No
,2.16.840.1.113883.3.117.1.7.1.263,Obstetrical or Pregnancy Related Conditions,20210220,eCQM Update 2025-05-08,Grouping,2.16.840.1.113883.3.117.1.7.1.337,Obstetrical or Pregnancy Related Conditions,SNOMEDCT,2024-09,2.16.840.1.113883.6.96,Hospital Inpatient,Intensive Care Unit Venous Thromboembolism Prophylaxis,CMS190v14,Not Applicable,14,fa91ba68-1e66-4a23-8eb2-baa8e6df2f2f,Acute,No
,2.16.840.1.113883.3.117.1.7.1.263,Obstetrical or Pregnancy Related Conditions,20210220,eCQM Update 2025-05-08,Grouping,2.16.840.1.113883.3.117.1.7.1.335,Obstetrical or Pregnancy Related Conditions,ICD10CM,2025,2.16.840.1.113883.6.90,Hospital Inpatient,Intensive Care Unit Venous Thromboembolism Prophylaxis,CMS190v14,Not Applicable,14,fa91ba68-1e66-4a23-8eb2-baa8e6df2f2f,Acute,No
,2.16.840.1.113883.3.117.1.7.1.264,Obstetrics VTE,20210220,eCQM Update 2025-05-08,Grouping,2.16.840.1.113883.3.117.1.7.1.338,Obstetrics VTE,ICD10CM,2025,2.16.840.1.113883.6.90,Hospital Inpatient,Intensive Care Unit Venous Thromboembolism Prophylaxis,CMS190v14,Not Applicable,14,fa91ba68-1e66-4a23-8eb2-baa8e6df2f2f,Acute,No
,2.16.840.1.113883.3.117.1.7.1.264,Obstetrics VTE,20210220,eCQM Update 2025-05-08,Grouping,2.16.840.1.113883.3.117.1.7.1.340,Obstetrics VTE,SNOMEDCT,2024-09,2.16.840.1.113883.6.96,Hospital Inpatient,Intensive Care Unit Venous Thromboembolism Prophylaxis,CMS190v14,Not Applicable,14,fa91ba68-1e66-4a23-8eb2-baa8e6df2f2f,Acute,No
,2.16.840.1.113883.3.117.1.7.1.93,Patient Refusal,20250206,eCQM Update 2025-05-08,Extensional,,,SNOMEDCT,2024-09,2.16.840.1.113883.6.96,Hospital Inpatient,Intensive Care Unit Venous Thromboembolism Prophylaxis,CMS190v14,Not Applicable,14,fa91ba68-1e66-4a23-8eb2-baa8e6df2f2f,Acute,No
,2.16.840.1.113883.3.117.1.7.1.223,Subcutaneous route,20210220,eCQM Update 2025-05-08,Extensional,,,SNOMEDCT,2024-09,2.16.840.1.113883.6.96,Hospital Inpatient,Intensive Care Unit Venous Thromboembolism Prophylaxis,CMS190v14,Not Applicable,14,fa91ba68-1e66-4a23-8eb2-baa8e6df2f2f,Acute,No
Assessment,2.16.840.1.113762.1.4.1045.105,Abnormal Presentation,20210611,eCQM Update 2025-05-08,Grouping,2.16.840.1.113762.1.4.1045.103,Abnormal Presentation,ICD10CM,2025,2.16.840.1.113883.6.90,Hospital Inpatient,Cesarean Birth,CMS334v7,0471e,7,fc52d0de-b53d-4ccf-816e-1e527748d2d9,Acute,No
Assessment,2.16.840.1.113762.1.4.1045.105,Abnormal Presentation,20210611,eCQM Update 2025-05-08,Grouping,2.16.840.1.113762.1.4.1045.171,Abnormal Presentation,SNOMEDCT,2024-09,2.16.840.1.113883.6.96,Hospital Inpatient,Cesarean Birth,CMS334v7,0471e,7,fc52d0de-b53d-4ccf-816e-1e527748d2d9,Acute,No
Assessment,2.16.840.1.113762.1.4.1045.26,Estimated Gestational Age at Delivery,20210611,eCQM Update 2025-05-08,Extensional,,,LOINC,2.78,2.16.840.1.113883.6.1,Hospital Inpatient,Cesarean Birth,CMS334v7,0471e,7,fc52d0de-b53d-4ccf-816e-1e527748d2d9,Acute,No
Encounter,2.16.840.1.113762.1.4.1029.369,ED Visit and OB Triage,20210611,eCQM Update 2025-05-08,Grouping,2.16.840.1.113883.3.117.1.7.1.292,Emergency Department Visit,SNOMEDCT,2024-09,2.16.840.1.113883.6.96,Hospital Inpatient,Cesarean Birth,CMS334v7,0471e,7,fc52d0de-b53d-4ccf-816e-1e527748d2d9,Acute,No
Encounter,2.16.840.1.113762.1.4.1029.369,ED Visit and OB Triage,20210611,eCQM Update 2025-05-08,Grouping,2.16.840.1.113762.1.4.1029.368,Preadmission Observation Undelivered Mother,SNOMEDCT,2024-09,2.16.840.1.113883.6.96,Hospital Inpatient,Cesarean Birth,CMS334v7,0471e,7,fc52d0de-b53d-4ccf-816e-1e527748d2d9,Acute,No
Encounter,2.16.840.1.113883.3.666.5.307,Encounter Inpatient,20200307,eCQM Update 2025-05-08,Extensional,,,SNOMEDCT,2024-09,2.16.840.1.113883.6.96,Hospital Inpatient,Cesarean Birth,CMS334v7,0471e,7,fc52d0de-b53d-4ccf-816e-1e527748d2d9,Acute,No
Encounter,2.16.840.1.113762.1.4.1111.143,Observation Services,20210611,eCQM Update 2025-05-08,Extensional,,,SNOMEDCT,2024-09,2.16.840.1.113883.6.96,Hospital Inpatient,Cesarean Birth,CMS334v7,0471e,7,fc52d0de-b53d-4ccf-816e-1e527748d2d9,Acute,No
Individual Characteristic,2.16.840.1.114222.4.11.837,Ethnicity,20121025,eCQM Update 2025-05-08,Extensional,,,CDCREC,1.2,2.16.840.1.113883.6.238,Hospital Inpatient,Cesarean Birth,CMS334v7,0471e,7,fc52d0de-b53d-4ccf-816e-1e527748d2d9,Acute,Yes
Individual Characteristic,2.16.840.1.113762.1.4.1021.121,Federal Administrative Sex,20250228,eCQM Update 2025-05-08,Extensional,,,SNOMEDCT,2024-09,2.16.840.1.113883.6.96,Hospital Inpatient,Cesarean Birth,CMS334v7,0471e,7,fc52d0de-b53d-4ccf-816e-1e527748d2d9,Acute,Yes
Individual Characteristic,2.16.840.1.114222.4.11.3591,Payer Type,20221118,eCQM Update 2025-05-08,Intensional,,,SOP,9.2,2.16.840.1.113883.3.221.5,Hospital Inpatient,Cesarean Birth,CMS334v7,0471e,7,fc52d0de-b53d-4ccf-816e-1e527748d2d9,Acute,Yes
Individual Characteristic,2.16.840.1.114222.4.11.836,Race,20121025,eCQM Update 2025-05-08,Extensional,,,CDCREC,1.2,2.16.840.1.113883.6.238,Hospital Inpatient,Cesarean Birth,CMS334v7,0471e,7,fc52d0de-b53d-4ccf-816e-1e527748d2d9,Acute,Yes
Procedure,2.16.840.1.113883.3.117.1.7.1.282,Cesarean Birth,20210611,eCQM Update 2025-05-08,Grouping,2.16.840.1.113883.3.117.1.7.1.367,Cesarean Birth,ICD10PCS,2025,2.16.840.1.113883.6.4,Hospital Inpatient,Cesarean Birth,CMS334v7,0471e,7,fc52d0de-b53d-4ccf-816e-1e527748d2d9,Acute,No
Procedure,2.16.840.1.113883.3.117.1.7.1.282,Cesarean Birth,20210611,eCQM Update 2025-05-08,Grouping,2.16.840.1.113883.3.117.1.7.1.369,Cesarean Birth,SNOMEDCT,2024-09,2.16.840.1.113883.6.96,Hospital Inpatient,Cesarean Birth,CMS334v7,0471e,7,fc52d0de-b53d-4ccf-816e-1e527748d2d9,Acute,No
Procedure,2.16.840.1.113762.1.4.1045.59,Delivery Procedures,20210611,eCQM Update 2025-05-08,Grouping,2.16.840.1.113762.1.4.1045.58,Delivery Procedures,ICD10PCS,2025,2.16.840.1.113883.6.4,Hospital Inpatient,Cesarean Birth,CMS334v7,0471e,7,fc52d0de-b53d-4ccf-816e-1e527748d2d9,Acute,No
Procedure,2.16.840.1.113762.1.4.1045.59,Delivery Procedures,20210611,eCQM Update 2025-05-08,Grouping,2.16.840.1.113883.3.117.1.7.1.401,Delivery Procedures,SNOMEDCT,2024-09,2.16.840.1.113883.6.96,Hospital Inpatient,Cesarean Birth,CMS334v7,0471e,7,fc52d0de-b53d-4ccf-816e-1e527748d2d9,Acute,No
,2.16.840.1.113762.1.4.1110.68,37 to 42 Plus Weeks Gestation,20230217,eCQM Update 2025-05-08,Grouping,2.16.840.1.113762.1.4.1110.73,37 to 42 Plus Weeks Gestation,SNOMEDCT,2024-09,2.16.840.1.113883.6.96,Hospital Inpatient,Cesarean Birth,CMS334v7,0471e,7,fc52d0de-b53d-4ccf-816e-1e527748d2d9,Acute,No
,2.16.840.1.113762.1.4.1110.68,37 to 42 Plus Weeks Gestation,20230217,eCQM Update 2025-05-08,Grouping,2.16.840.1.113762.1.4.1110.72,37 to 42 Plus Weeks Gestation,ICD10CM,2025,2.16.840.1.113883.6.90,Hospital Inpatient,Cesarean Birth,CMS334v7,0471e,7,fc52d0de-b53d-4ccf-816e-1e527748d2d9,Acute,No
,2.16.840.1.113762.1.4.1045.99,Delivery of Singleton,20210611,eCQM Update 2025-05-08,Grouping,2.16.840.1.113762.1.4.1045.173,Delivery of Singleton,SNOMEDCT,2024-09,2.16.840.1.113883.6.96,Hospital Inpatient,Cesarean Birth,CMS334v7,0471e,7,fc52d0de-b53d-4ccf-816e-1e527748d2d9,Acute,No
,2.16.840.1.113762.1.4.1045.99,Delivery of Singleton,20210611,eCQM Update 2025-05-08,Grouping,2.16.840.1.113762.1.4.1045.98,Delivery of Singleton,ICD10CM,2025,2.16.840.1.113883.6.90,Hospital Inpatient,Cesarean Birth,CMS334v7,0471e,7,fc52d0de-b53d-4ccf-816e-1e527748d2d9,Acute,No
,2.16.840.1.113883.3.464.1003.110.12.1049,Genital Herpes,20180310,eCQM Update 2025-05-08,Grouping,2.16.840.1.113883.3.464.1003.110.11.1123,Genital Herpes,ICD10CM,2025,2.16.840.1.113883.6.90,Hospital Inpatient,Cesarean Birth,CMS334v7,0471e,7,fc52d0de-b53d-4ccf-816e-1e527748d2d9,Acute,No
,2.16.840.1.113883.3.464.1003.110.12.1049,Genital Herpes,20180310,eCQM Update 2025-05-08,Grouping,2.16.840.1.113883.3.464.1003.110.11.1124,Genital Herpes,SNOMEDCT,2024-09,2.16.840.1.113883.6.96,Hospital Inpatient,Cesarean Birth,CMS334v7,0471e,7,fc52d0de-b53d-4ccf-816e-1e527748d2d9,Acute,No
,2.16.840.1.113762.1.4.1110.37,Placenta Accreta Spectrum Previa or Vasa Previa,20230217,eCQM Update 2025-05-08,Grouping,2.16.840.1.113762.1.4.1110.77,Placenta Accreta Spectrum Previa or Vasa Previa,ICD10CM,2025,2.16.840.1.113883.6.90,Hospital Inpatient,Cesarean Birth,CMS334v7,0471e,7,fc52d0de-b53d-4ccf-816e-1e527748d2d9,Acute,No
,2.16.840.1.113762.1.4.1110.37,Placenta Accreta Spectrum Previa or Vasa Previa,20230217,eCQM Update 2025-05-08,Grouping,2.16.840.1.113762.1.4.1110.36,Placenta Accreta Spectrum Previa or Vasa Previa,SNOMEDCT,2024-09,2.16.840.1.113883.6.96,Hospital Inpatient,Cesarean Birth,CMS334v7,0471e,7,fc52d0de-b53d-4ccf-816e-1e527748d2d9,Acute,No
Condition/Diagnosis/Problem,2.16.840.1.113762.1.4.1111.180,Cancer Related Pain,20240215,eCQM Update 2025-05-08,Grouping,2.16.840.1.113762.1.4.1111.179,Cancer Related Pain SNOMED,SNOMEDCT,2024-09,2.16.840.1.113883.6.96,Hospital Inpatient,Safe Use of Opioids - Concurrent Prescribing,CMS506v8,3316e,8,33b40c00-909a-4490-8093-999fbcdc3480,Acute,No
Condition/Diagnosis/Problem,2.16.840.1.113762.1.4.1111.180,Cancer Related Pain,20240215,eCQM Update 2025-05-08,Grouping,2.16.840.1.113762.1.4.1111.178,Cancer Related Pain ICD 10,ICD10CM,2025,2.16.840.1.113883.6.90,Hospital Inpatient,Safe Use of Opioids - Concurrent Prescribing,CMS506v8,3316e,8,33b40c00-909a-4490-8093-999fbcdc3480,Acute,No
Condition/Diagnosis/Problem,2.16.840.1.113762.1.4.1111.171,Opioid Use Disorder,20240215,eCQM Update 2025-05-08,Grouping,2.16.840.1.113762.1.4.1046.242,Opioid Use Disorder,ICD10CM,2025,2.16.840.1.113883.6.90,Hospital Inpatient,Safe Use of Opioids - Concurrent Prescribing,CMS506v8,3316e,8,33b40c00-909a-4490-8093-999fbcdc3480,Acute,No
Condition/Diagnosis/Problem,2.16.840.1.113762.1.4.1111.171,Opioid Use Disorder,20240215,eCQM Update 2025-05-08,Grouping,2.16.840.1.113762.1.4.1046.243,Opioid Use Disorder,SNOMEDCT,2024-09,2.16.840.1.113883.6.96,Hospital Inpatient,Safe Use of Opioids - Concurrent Prescribing,CMS506v8,3316e,8,33b40c00-909a-4490-8093-999fbcdc3480,Acute,No
Condition/Diagnosis/Problem,2.16.840.1.113762.1.4.1111.175,Sickle Cell Disease with and without Crisis,20240215,eCQM Update 2025-05-08,Grouping,2.16.840.1.113762.1.4.1111.174,Sickle Cell Disease with and without Crisis ICD,ICD10CM,2025,2.16.840.1.113883.6.90,Hospital Inpatient,Safe Use of Opioids - Concurrent Prescribing,CMS506v8,3316e,8,33b40c00-909a-4490-8093-999fbcdc3480,Acute,No
Condition/Diagnosis/Problem,2.16.840.1.113762.1.4.1111.175,Sickle Cell Disease with and without Crisis,20240215,eCQM Update 2025-05-08,Grouping,2.16.840.1.113762.1.4.1111.173,Sickle Cell Disease with and without Crisis SNOMED,SNOMEDCT,2024-09,2.16.840.1.113883.6.96,Hospital Inpatient,Safe Use of Opioids - Concurrent Prescribing,CMS506v8,3316e,8,33b40c00-909a-4490-8093-999fbcdc3480,Acute,No
Encounter,2.16.840.1.113883.3.117.1.7.1.292,Emergency Department Visit,20210611,eCQM Update 2025-05-08,Extensional,,,SNOMEDCT,2024-09,2.16.840.1.113883.6.96,Hospital Inpatient,Safe Use of Opioids - Concurrent Prescribing,CMS506v8,3316e,8,33b40c00-909a-4490-8093-999fbcdc3480,Acute,No
Encounter,2.16.840.1.113883.3.666.5.307,Encounter Inpatient,20200307,eCQM Update 2025-05-08,Extensional,,,SNOMEDCT,2024-09,2.16.840.1.113883.6.96,Hospital Inpatient,Safe Use of Opioids - Concurrent Prescribing,CMS506v8,3316e,8,33b40c00-909a-4490-8093-999fbcdc3480,Acute,No
Encounter,2.16.840.1.113762.1.4.1111.143,Observation Services,20210611,eCQM Update 2025-05-08,Extensional,,,SNOMEDCT,2024-09,2.16.840.1.113883.6.96,Hospital Inpatient,Safe Use of Opioids - Concurrent Prescribing,CMS506v8,3316e,8,33b40c00-909a-4490-8093-999fbcdc3480,Acute,No
Individual Characteristic,2.16.840.1.114222.4.11.837,Ethnicity,20121025,eCQM Update 2025-05-08,Extensional,,,CDCREC,1.2,2.16.840.1.113883.6.238,Hospital Inpatient,Safe Use of Opioids - Concurrent Prescribing,CMS506v8,3316e,8,33b40c00-909a-4490-8093-999fbcdc3480,Acute,Yes
Individual Characteristic,2.16.840.1.113762.1.4.1021.121,Federal Administrative Sex,20250228,eCQM Update 2025-05-08,Extensional,,,SNOMEDCT,2024-09,2.16.840.1.113883.6.96,Hospital Inpatient,Safe Use of Opioids - Concurrent Prescribing,CMS506v8,3316e,8,33b40c00-909a-4490-8093-999fbcdc3480,Acute,Yes
Individual Characteristic,2.16.840.1.114222.4.11.3591,Payer Type,20221118,eCQM Update 2025-05-08,Intensional,,,SOP,9.2,2.16.840.1.113883.3.221.5,Hospital Inpatient,Safe Use of Opioids - Concurrent Prescribing,CMS506v8,3316e,8,33b40c00-909a-4490-8093-999fbcdc3480,Acute,Yes
Individual Characteristic,2.16.840.1.114222.4.11.836,Race,20121025,eCQM Update 2025-05-08,Extensional,,,CDCREC,1.2,2.16.840.1.113883.6.238,Hospital Inpatient,Safe Use of Opioids - Concurrent Prescribing,CMS506v8,3316e,8,33b40c00-909a-4490-8093-999fbcdc3480,Acute,Yes
Intervention,2.16.840.1.113762.1.4.1111.177,Opioid Medication Assisted Treatment (MAT),20250211,eCQM Update 2025-05-08,Grouping,2.16.840.1.113762.1.4.1046.225,Opioid Medication Assisted Treatment (MAT) SNOMED,SNOMEDCT,2024-09,2.16.840.1.113883.6.96,Hospital Inpatient,Safe Use of Opioids - Concurrent Prescribing,CMS506v8,3316e,8,33b40c00-909a-4490-8093-999fbcdc3480,Acute,No
Intervention,2.16.840.1.113883.3.600.1.1579,Palliative or Hospice Care,20210224,eCQM Update 2025-05-08,Grouping,1.3.6.1.4.1.33895.1.3.0.45,Comfort Measures,SNOMEDCT,2024-09,2.16.840.1.113883.6.96,Hospital Inpatient,Safe Use of Opioids - Concurrent Prescribing,CMS506v8,3316e,8,33b40c00-909a-4490-8093-999fbcdc3480,Acute,No
Intervention,2.16.840.1.113883.3.600.1.1579,Palliative or Hospice Care,20210224,eCQM Update 2025-05-08,Grouping,2.16.840.1.113883.3.600.1.1578,Palliative  Care,SNOMEDCT,2024-09,2.16.840.1.113883.6.96,Hospital Inpatient,Safe Use of Opioids - Concurrent Prescribing,CMS506v8,3316e,8,33b40c00-909a-4490-8093-999fbcdc3480,Acute,No
Medication,2.16.840.1.113762.1.4.1046.269,Medications for Opioid Use Disorder (MOUD),20240215,eCQM Update 2025-05-08,Extensional,,,RXNORM,2025-01,2.16.840.1.113883.6.88,Hospital Inpatient,Safe Use of Opioids - Concurrent Prescribing,CMS506v8,3316e,8,33b40c00-909a-4490-8093-999fbcdc3480,Acute,No
Medication,2.16.840.1.113762.1.4.1046.241,"Schedule II, III and IV Opioid Medications",20240215,eCQM Update 2025-05-08,Grouping,2.16.840.1.113762.1.4.1111.146,Buprenorphine,RXNORM,2025-01,2.16.840.1.113883.6.88,Hospital Inpatient,Safe Use of Opioids - Concurrent Prescribing,CMS506v8,3316e,8,33b40c00-909a-4490-8093-999fbcdc3480,Acute,No
Medication,2.16.840.1.113762.1.4.1046.241,"Schedule II, III and IV Opioid Medications",20240215,eCQM Update 2025-05-08,Grouping,2.16.840.1.113883.3.3157.1002.75,Hydrocodone,RXNORM,2025-01,2.16.840.1.113883.6.88,Hospital Inpatient,Safe Use of Opioids - Concurrent Prescribing,CMS506v8,3316e,8,33b40c00-909a-4490-8093-999fbcdc3480,Acute,No
Medication,2.16.840.1.113762.1.4.1046.241,"Schedule II, III and IV Opioid Medications",20240215,eCQM Update 2025-05-08,Grouping,2.16.840.1.113883.3.3157.1002.70,Morphine,RXNORM,2025-01,2.16.840.1.113883.6.88,Hospital Inpatient,Safe Use of Opioids - Concurrent Prescribing,CMS506v8,3316e,8,33b40c00-909a-4490-8093-999fbcdc3480,Acute,No
Medication,2.16.840.1.113762.1.4.1046.241,"Schedule II, III and IV Opioid Medications",20240215,eCQM Update 2025-05-08,Grouping,2.16.840.1.113762.1.4.1111.167,Alfentanil,RXNORM,2025-01,2.16.840.1.113883.6.88,Hospital Inpatient,Safe Use of Opioids - Concurrent Prescribing,CMS506v8,3316e,8,33b40c00-909a-4490-8093-999fbcdc3480,Acute,No
Medication,2.16.840.1.113762.1.4.1046.241,"Schedule II, III and IV Opioid Medications",20240215,eCQM Update 2025-05-08,Grouping,2.16.840.1.113883.3.3157.1004.17,Tapentadol,RXNORM,2025-01,2.16.840.1.113883.6.88,Hospital Inpatient,Safe Use of Opioids - Concurrent Prescribing,CMS506v8,3316e,8,33b40c00-909a-4490-8093-999fbcdc3480,Acute,No
Medication,2.16.840.1.113762.1.4.1046.241,"Schedule II, III and IV Opioid Medications",20240215,eCQM Update 2025-05-08,Grouping,2.16.840.1.113883.3.3157.1002.11,Oxycodone,RXNORM,2025-01,2.16.840.1.113883.6.88,Hospital Inpatient,Safe Use of Opioids - Concurrent Prescribing,CMS506v8,3316e,8,33b40c00-909a-4490-8093-999fbcdc3480,Acute,No
Medication,2.16.840.1.113762.1.4.1046.241,"Schedule II, III and IV Opioid Medications",20240215,eCQM Update 2025-05-08,Grouping,2.16.840.1.113883.3.3157.1004.16,Pentazocine,RXNORM,2025-01,2.16.840.1.113883.6.88,Hospital Inpatient,Safe Use of Opioids - Concurrent Prescribing,CMS506v8,3316e,8,33b40c00-909a-4490-8093-999fbcdc3480,Acute,No
Medication,2.16.840.1.113762.1.4.1046.241,"Schedule II, III and IV Opioid Medications",20240215,eCQM Update 2025-05-08,Grouping,2.16.840.1.113883.3.3157.1002.73,Levorphanol,RXNORM,2025-01,2.16.840.1.113883.6.88,Hospital Inpatient,Safe Use of Opioids - Concurrent Prescribing,CMS506v8,3316e,8,33b40c00-909a-4490-8093-999fbcdc3480,Acute,No
Medication,2.16.840.1.113762.1.4.1046.241,"Schedule II, III and IV Opioid Medications",20240215,eCQM Update 2025-05-08,Grouping,2.16.840.1.113883.3.3157.1002.76,Fentanyl,RXNORM,2025-01,2.16.840.1.113883.6.88,Hospital Inpatient,Safe Use of Opioids - Concurrent Prescribing,CMS506v8,3316e,8,33b40c00-909a-4490-8093-999fbcdc3480,Acute,No
Medication,2.16.840.1.113762.1.4.1046.241,"Schedule II, III and IV Opioid Medications",20240215,eCQM Update 2025-05-08,Grouping,2.16.840.1.113883.3.3157.1004.14,Nalbuphine,RXNORM,2025-01,2.16.840.1.113883.6.88,Hospital Inpatient,Safe Use of Opioids - Concurrent Prescribing,CMS506v8,3316e,8,33b40c00-909a-4490-8093-999fbcdc3480,Acute,No
Medication,2.16.840.1.113762.1.4.1046.241,"Schedule II, III and IV Opioid Medications",20240215,eCQM Update 2025-05-08,Grouping,2.16.840.1.113762.1.4.1111.168,Remifentanil,RXNORM,2025-01,2.16.840.1.113883.6.88,Hospital Inpatient,Safe Use of Opioids - Concurrent Prescribing,CMS506v8,3316e,8,33b40c00-909a-4490-8093-999fbcdc3480,Acute,No
Medication,2.16.840.1.113762.1.4.1046.241,"Schedule II, III and IV Opioid Medications",20240215,eCQM Update 2025-05-08,Grouping,2.16.840.1.113883.3.3157.1004.15,Opium Combinations,RXNORM,2025-01,2.16.840.1.113883.6.88,Hospital Inpatient,Safe Use of Opioids - Concurrent Prescribing,CMS506v8,3316e,8,33b40c00-909a-4490-8093-999fbcdc3480,Acute,No
Medication,2.16.840.1.113762.1.4.1046.241,"Schedule II, III and IV Opioid Medications",20240215,eCQM Update 2025-05-08,Grouping,2.16.840.1.113883.3.3157.1004.13,Dihydrocodeine,RXNORM,2025-01,2.16.840.1.113883.6.88,Hospital Inpatient,Safe Use of Opioids - Concurrent Prescribing,CMS506v8,3316e,8,33b40c00-909a-4490-8093-999fbcdc3480,Acute,No
Medication,2.16.840.1.113762.1.4.1046.241,"Schedule II, III and IV Opioid Medications",20240215,eCQM Update 2025-05-08,Grouping,2.16.840.1.113883.3.3157.1002.74,Hydromorphone,RXNORM,2025-01,2.16.840.1.113883.6.88,Hospital Inpatient,Safe Use of Opioids - Concurrent Prescribing,CMS506v8,3316e,8,33b40c00-909a-4490-8093-999fbcdc3480,Acute,No
Medication,2.16.840.1.113762.1.4.1046.241,"Schedule II, III and IV Opioid Medications",20240215,eCQM Update 2025-05-08,Grouping,2.16.840.1.113883.3.3157.1004.12,Butorphanol,RXNORM,2025-01,2.16.840.1.113883.6.88,Hospital Inpatient,Safe Use of Opioids - Concurrent Prescribing,CMS506v8,3316e,8,33b40c00-909a-4490-8093-999fbcdc3480,Acute,No
Medication,2.16.840.1.113762.1.4.1046.241,"Schedule II, III and IV Opioid Medications",20240215,eCQM Update 2025-05-08,Grouping,2.16.840.1.113883.3.3157.1004.18,Tramadol,RXNORM,2025-01,2.16.840.1.113883.6.88,Hospital Inpatient,Safe Use of Opioids - Concurrent Prescribing,CMS506v8,3316e,8,33b40c00-909a-4490-8093-999fbcdc3480,Acute,No
Medication,2.16.840.1.113762.1.4.1046.241,"Schedule II, III and IV Opioid Medications",20240215,eCQM Update 2025-05-08,Grouping,2.16.840.1.113883.3.3157.1002.71,Methadone Medications,RXNORM,2025-01,2.16.840.1.113883.6.88,Hospital Inpatient,Safe Use of Opioids - Concurrent Prescribing,CMS506v8,3316e,8,33b40c00-909a-4490-8093-999fbcdc3480,Acute,No
Medication,2.16.840.1.113762.1.4.1046.241,"Schedule II, III and IV Opioid Medications",20240215,eCQM Update 2025-05-08,Grouping,2.16.840.1.113883.3.3157.1002.12,Oxymorphone,RXNORM,2025-01,2.16.840.1.113883.6.88,Hospital Inpatient,Safe Use of Opioids - Concurrent Prescribing,CMS506v8,3316e,8,33b40c00-909a-4490-8093-999fbcdc3480,Acute,No
Medication,2.16.840.1.113762.1.4.1046.241,"Schedule II, III and IV Opioid Medications",20240215,eCQM Update 2025-05-08,Grouping,2.16.840.1.113762.1.4.1111.169,Sufentanil,RXNORM,2025-01,2.16.840.1.113883.6.88,Hospital Inpatient,Safe Use of Opioids - Concurrent Prescribing,CMS506v8,3316e,8,33b40c00-909a-4490-8093-999fbcdc3480,Acute,No
Medication,2.16.840.1.113762.1.4.1046.241,"Schedule II, III and IV Opioid Medications",20240215,eCQM Update 2025-05-08,Grouping,2.16.840.1.113883.3.3157.1002.77,Codeine,RXNORM,2025-01,2.16.840.1.113883.6.88,Hospital Inpatient,Safe Use of Opioids - Concurrent Prescribing,CMS506v8,3316e,8,33b40c00-909a-4490-8093-999fbcdc3480,Acute,No
Medication,2.16.840.1.113762.1.4.1046.241,"Schedule II, III and IV Opioid Medications",20240215,eCQM Update 2025-05-08,Grouping,2.16.840.1.113883.3.3157.1002.72,Meperidine,RXNORM,2025-01,2.16.840.1.113883.6.88,Hospital Inpatient,Safe Use of Opioids - Concurrent Prescribing,CMS506v8,3316e,8,33b40c00-909a-4490-8093-999fbcdc3480,Acute,No
Medication,2.16.840.1.113762.1.4.1125.1,Schedule IV Benzodiazepines,20250211,eCQM Update 2025-05-08,Extensional,,,RXNORM,2025-01,2.16.840.1.113883.6.88,Hospital Inpatient,Safe Use of Opioids - Concurrent Prescribing,CMS506v8,3316e,8,33b40c00-909a-4490-8093-999fbcdc3480,Acute,No
,2.16.840.1.113883.3.117.1.7.1.87,Discharge To Acute Care Facility,20210611,eCQM Update 2025-05-08,Extensional,,,SNOMEDCT,2024-09,2.16.840.1.113883.6.96,Hospital Inpatient,Safe Use of Opioids - Concurrent Prescribing,CMS506v8,3316e,8,33b40c00-909a-4490-8093-999fbcdc3480,Acute,No
,2.16.840.1.113762.1.4.1116.365,Hospice Care Referral or Admission,20191010,eCQM Update 2025-05-08,Extensional,,,SNOMEDCT,2024-09,2.16.840.1.113883.6.96,Hospital Inpatient,Safe Use of Opioids - Concurrent Prescribing,CMS506v8,3316e,8,33b40c00-909a-4490-8093-999fbcdc3480,Acute,No
,2.16.840.1.113883.3.117.1.7.1.308,Left Against Medical Advice,20210220,eCQM Update 2025-05-08,Extensional,,,SNOMEDCT,2024-09,2.16.840.1.113883.6.96,Hospital Inpatient,Safe Use of Opioids - Concurrent Prescribing,CMS506v8,3316e,8,33b40c00-909a-4490-8093-999fbcdc3480,Acute,No
,2.16.840.1.113883.3.117.1.7.1.309,Patient Expired,20210611,eCQM Update 2025-05-08,Extensional,,,SNOMEDCT,2024-09,2.16.840.1.113883.6.96,Hospital Inpatient,Safe Use of Opioids - Concurrent Prescribing,CMS506v8,3316e,8,33b40c00-909a-4490-8093-999fbcdc3480,Acute,No
Device,2.16.840.1.113762.1.4.1170.57,Non Invasive Oxygen Therapy Device Codes,20250207,eCQM Update 2025-05-08,Extensional,,,SNOMEDCT,2024-09,2.16.840.1.113883.6.96,Hospital Inpatient,Core Clinical Data Elements for the Hybrid Hospital-Wide Readmission Measure with Claims and Electronic Health Record Data - HWR,CMS529v6,2879,6,fa75de85-a934-45d7-a2f7-c700a756078b,Acute,No
Encounter,2.16.840.1.113883.3.117.1.7.1.292,Emergency Department Visit,20210611,eCQM Update 2025-05-08,Extensional,,,SNOMEDCT,2024-09,2.16.840.1.113883.6.96,Hospital Inpatient,Core Clinical Data Elements for the Hybrid Hospital-Wide Readmission Measure with Claims and Electronic Health Record Data - HWR,CMS529v6,2879,6,fa75de85-a934-45d7-a2f7-c700a756078b,Acute,No
Encounter,2.16.840.1.113883.3.666.5.307,Encounter Inpatient,20200307,eCQM Update 2025-05-08,Extensional,,,SNOMEDCT,2024-09,2.16.840.1.113883.6.96,Hospital Inpatient,Core Clinical Data Elements for the Hybrid Hospital-Wide Readmission Measure with Claims and Electronic Health Record Data - HWR,CMS529v6,2879,6,fa75de85-a934-45d7-a2f7-c700a756078b,Acute,No
Encounter,2.16.840.1.113762.1.4.1111.143,Observation Services,20210611,eCQM Update 2025-05-08,Extensional,,,SNOMEDCT,2024-09,2.16.840.1.113883.6.96,Hospital Inpatient,Core Clinical Data Elements for the Hybrid Hospital-Wide Readmission Measure with Claims and Electronic Health Record Data - HWR,CMS529v6,2879,6,fa75de85-a934-45d7-a2f7-c700a756078b,Acute,No
Encounter,2.16.840.1.113762.1.4.1110.38,Outpatient Surgery Service,20190426,eCQM Update 2025-05-08,Extensional,,,SNOMEDCT,2024-09,2.16.840.1.113883.6.96,Hospital Inpatient,Core Clinical Data Elements for the Hybrid Hospital-Wide Readmission Measure with Claims and Electronic Health Record Data - HWR,CMS529v6,2879,6,fa75de85-a934-45d7-a2f7-c700a756078b,Acute,No
Individual Characteristic,2.16.840.1.114222.4.11.837,Ethnicity,20121025,eCQM Update 2025-05-08,Extensional,,,CDCREC,1.2,2.16.840.1.113883.6.238,Hospital Inpatient,Core Clinical Data Elements for the Hybrid Hospital-Wide Readmission Measure with Claims and Electronic Health Record Data - HWR,CMS529v6,2879,6,fa75de85-a934-45d7-a2f7-c700a756078b,Acute,Yes
Individual Characteristic,2.16.840.1.113762.1.4.1021.121,Federal Administrative Sex,20250228,eCQM Update 2025-05-08,Extensional,,,SNOMEDCT,2024-09,2.16.840.1.113883.6.96,Hospital Inpatient,Core Clinical Data Elements for the Hybrid Hospital-Wide Readmission Measure with Claims and Electronic Health Record Data - HWR,CMS529v6,2879,6,fa75de85-a934-45d7-a2f7-c700a756078b,Acute,Yes
Individual Characteristic,2.16.840.1.113762.1.4.1104.12,Medicare Advantage Payer,20230214,eCQM Update 2025-05-08,Extensional,,,SOP,9.2,2.16.840.1.113883.3.221.5,Hospital Inpatient,Core Clinical Data Elements for the Hybrid Hospital-Wide Readmission Measure with Claims and Electronic Health Record Data - HWR,CMS529v6,2879,6,fa75de85-a934-45d7-a2f7-c700a756078b,Acute,No
Individual Characteristic,2.16.840.1.113762.1.4.1104.10,Medicare FFS Payer,20230214,eCQM Update 2025-05-08,Extensional,,,SOP,9.2,2.16.840.1.113883.3.221.5,Hospital Inpatient,Core Clinical Data Elements for the Hybrid Hospital-Wide Readmission Measure with Claims and Electronic Health Record Data - HWR,CMS529v6,2879,6,fa75de85-a934-45d7-a2f7-c700a756078b,Acute,No
Individual Characteristic,2.16.840.1.114222.4.11.3591,Payer Type,20221118,eCQM Update 2025-05-08,Intensional,,,SOP,9.2,2.16.840.1.113883.3.221.5,Hospital Inpatient,Core Clinical Data Elements for the Hybrid Hospital-Wide Readmission Measure with Claims and Electronic Health Record Data - HWR,CMS529v6,2879,6,fa75de85-a934-45d7-a2f7-c700a756078b,Acute,Yes
Individual Characteristic,2.16.840.1.114222.4.11.836,Race,20121025,eCQM Update 2025-05-08,Extensional,,,CDCREC,1.2,2.16.840.1.113883.6.238,Hospital Inpatient,Core Clinical Data Elements for the Hybrid Hospital-Wide Readmission Measure with Claims and Electronic Health Record Data - HWR,CMS529v6,2879,6,fa75de85-a934-45d7-a2f7-c700a756078b,Acute,Yes
Intervention,2.16.840.1.113762.1.4.1248.209,Non Invasive Oxygen Therapy by Nasal Cannula or Mask,20240112,eCQM Update 2025-05-08,Extensional,,,SNOMEDCT,2024-09,2.16.840.1.113883.6.96,Hospital Inpatient,Core Clinical Data Elements for the Hybrid Hospital-Wide Readmission Measure with Claims and Electronic Health Record Data - HWR,CMS529v6,2879,6,fa75de85-a934-45d7-a2f7-c700a756078b,Acute,No
Laboratory Test,2.16.840.1.113762.1.4.1045.139,Bicarbonate Lab Test,20230214,eCQM Update 2025-05-08,Extensional,,,LOINC,2.78,2.16.840.1.113883.6.1,Hospital Inpatient,Core Clinical Data Elements for the Hybrid Hospital-Wide Readmission Measure with Claims and Electronic Health Record Data - HWR,CMS529v6,2879,6,fa75de85-a934-45d7-a2f7-c700a756078b,Acute,No
Laboratory Test,2.16.840.1.113883.3.666.5.2363,Creatinine Lab Test,20250207,eCQM Update 2025-05-08,Extensional,,,LOINC,2.78,2.16.840.1.113883.6.1,Hospital Inpatient,Core Clinical Data Elements for the Hybrid Hospital-Wide Readmission Measure with Claims and Electronic Health Record Data - HWR,CMS529v6,2879,6,fa75de85-a934-45d7-a2f7-c700a756078b,Acute,No
Laboratory Test,2.16.840.1.113762.1.4.1045.134,Glucose Lab Test,20250207,eCQM Update 2025-05-08,Extensional,,,LOINC,2.78,2.16.840.1.113883.6.1,Hospital Inpatient,Core Clinical Data Elements for the Hybrid Hospital-Wide Readmission Measure with Claims and Electronic Health Record Data - HWR,CMS529v6,2879,6,fa75de85-a934-45d7-a2f7-c700a756078b,Acute,No
Laboratory Test,2.16.840.1.113762.1.4.1045.114,Hematocrit Lab Test,20250207,eCQM Update 2025-05-08,Extensional,,,LOINC,2.78,2.16.840.1.113883.6.1,Hospital Inpatient,Core Clinical Data Elements for the Hybrid Hospital-Wide Readmission Measure with Claims and Electronic Health Record Data - HWR,CMS529v6,2879,6,fa75de85-a934-45d7-a2f7-c700a756078b,Acute,No
Laboratory Test,2.16.840.1.113762.1.4.1045.117,Potassium Lab Test,20230214,eCQM Update 2025-05-08,Extensional,,,LOINC,2.78,2.16.840.1.113883.6.1,Hospital Inpatient,Core Clinical Data Elements for the Hybrid Hospital-Wide Readmission Measure with Claims and Electronic Health Record Data - HWR,CMS529v6,2879,6,fa75de85-a934-45d7-a2f7-c700a756078b,Acute,No
Laboratory Test,2.16.840.1.113762.1.4.1045.119,Sodium Lab Test,20220218,eCQM Update 2025-05-08,Extensional,,,LOINC,2.78,2.16.840.1.113883.6.1,Hospital Inpatient,Core Clinical Data Elements for the Hybrid Hospital-Wide Readmission Measure with Claims and Electronic Health Record Data - HWR,CMS529v6,2879,6,fa75de85-a934-45d7-a2f7-c700a756078b,Acute,No
Laboratory Test,2.16.840.1.113762.1.4.1045.129,White Blood Cells Count Lab Test,20230214,eCQM Update 2025-05-08,Extensional,,,LOINC,2.78,2.16.840.1.113883.6.1,Hospital Inpatient,Core Clinical Data Elements for the Hybrid Hospital-Wide Readmission Measure with Claims and Electronic Health Record Data - HWR,CMS529v6,2879,6,fa75de85-a934-45d7-a2f7-c700a756078b,Acute,No
Physical Exam,2.16.840.1.113762.1.4.1045.152,Body Temperature,20250220,eCQM Update 2025-05-08,Extensional,,,LOINC,2.78,2.16.840.1.113883.6.1,Hospital Inpatient,Core Clinical Data Elements for the Hybrid Hospital-Wide Readmission Measure with Claims and Electronic Health Record Data - HWR,CMS529v6,2879,6,fa75de85-a934-45d7-a2f7-c700a756078b,Acute,No
Physical Exam,2.16.840.1.113762.1.4.1045.159,Body Weight,20230214,eCQM Update 2025-05-08,Extensional,,,LOINC,2.78,2.16.840.1.113883.6.1,Hospital Inpatient,Core Clinical Data Elements for the Hybrid Hospital-Wide Readmission Measure with Claims and Electronic Health Record Data - HWR,CMS529v6,2879,6,fa75de85-a934-45d7-a2f7-c700a756078b,Acute,No
Physical Exam,2.16.840.1.113883.3.526.2.1341,Heart Rate,20240202,eCQM Update 2025-05-08,Extensional,,,LOINC,2.78,2.16.840.1.113883.6.1,Hospital Inpatient,Core Clinical Data Elements for the Hybrid Hospital-Wide Readmission Measure with Claims and Electronic Health Record Data - HWR,CMS529v6,2879,6,fa75de85-a934-45d7-a2f7-c700a756078b,Acute,No
Physical Exam,2.16.840.1.113762.1.4.1045.151,Oxygen Saturation by Pulse Oximetry,20230214,eCQM Update 2025-05-08,Extensional,,,LOINC,2.78,2.16.840.1.113883.6.1,Hospital Inpatient,Core Clinical Data Elements for the Hybrid Hospital-Wide Readmission Measure with Claims and Electronic Health Record Data - HWR,CMS529v6,2879,6,fa75de85-a934-45d7-a2f7-c700a756078b,Acute,No
Physical Exam,2.16.840.1.113762.1.4.1045.130,Respiratory Rate,20230214,eCQM Update 2025-05-08,Extensional,,,LOINC,2.78,2.16.840.1.113883.6.1,Hospital Inpatient,Core Clinical Data Elements for the Hybrid Hospital-Wide Readmission Measure with Claims and Electronic Health Record Data - HWR,CMS529v6,2879,6,fa75de85-a934-45d7-a2f7-c700a756078b,Acute,No
Physical Exam,2.16.840.1.113762.1.4.1045.163,Systolic Blood Pressure,20230214,eCQM Update 2025-05-08,Extensional,,,LOINC,2.78,2.16.840.1.113883.6.1,Hospital Inpatient,Core Clinical Data Elements for the Hybrid Hospital-Wide Readmission Measure with Claims and Electronic Health Record Data - HWR,CMS529v6,2879,6,fa75de85-a934-45d7-a2f7-c700a756078b,Acute,No
"Assessment, Condition/Diagnosis/Problem",2.16.840.1.113762.1.4.1110.76,History of Atrial Ablation,20221115,eCQM Update 2025-05-08,Extensional,,,SNOMEDCT,2024-09,2.16.840.1.113883.6.96,Hospital Inpatient,Anticoagulation Therapy for Atrial Fibrillation/Flutter,CMS71v15,Not Applicable,15,03876d69-085b-415c-ae9d-9924171040c2,Acute,No
Condition/Diagnosis/Problem,2.16.840.1.113883.3.117.1.7.1.202,Atrial Fibrillation or Flutter,20240209,eCQM Update 2025-05-08,Grouping,2.16.840.1.113883.3.117.1.7.1.245,Atrial Fibrillation or Flutter,ICD10CM,2025,2.16.840.1.113883.6.90,Hospital Inpatient,Anticoagulation Therapy for Atrial Fibrillation/Flutter,CMS71v15,Not Applicable,15,03876d69-085b-415c-ae9d-9924171040c2,Acute,No
Condition/Diagnosis/Problem,2.16.840.1.113883.3.117.1.7.1.202,Atrial Fibrillation or Flutter,20240209,eCQM Update 2025-05-08,Grouping,2.16.840.1.113883.3.117.1.7.1.246,Atrial Fibrillation or Flutter,SNOMEDCT,2024-09,2.16.840.1.113883.6.96,Hospital Inpatient,Anticoagulation Therapy for Atrial Fibrillation/Flutter,CMS71v15,Not Applicable,15,03876d69-085b-415c-ae9d-9924171040c2,Acute,No
Encounter,2.16.840.1.113883.3.117.1.7.1.292,Emergency Department Visit,20210611,eCQM Update 2025-05-08,Extensional,,,SNOMEDCT,2024-09,2.16.840.1.113883.6.96,Hospital Inpatient,Anticoagulation Therapy for Atrial Fibrillation/Flutter,CMS71v15,Not Applicable,15,03876d69-085b-415c-ae9d-9924171040c2,Acute,No
Encounter,2.16.840.1.113883.3.117.1.7.1.424,Nonelective Inpatient Encounter,20250206,eCQM Update 2025-05-08,Extensional,,,SNOMEDCT,2024-09,2.16.840.1.113883.6.96,Hospital Inpatient,Anticoagulation Therapy for Atrial Fibrillation/Flutter,CMS71v15,Not Applicable,15,03876d69-085b-415c-ae9d-9924171040c2,Acute,No
Encounter,2.16.840.1.113762.1.4.1111.143,Observation Services,20210611,eCQM Update 2025-05-08,Extensional,,,SNOMEDCT,2024-09,2.16.840.1.113883.6.96,Hospital Inpatient,Anticoagulation Therapy for Atrial Fibrillation/Flutter,CMS71v15,Not Applicable,15,03876d69-085b-415c-ae9d-9924171040c2,Acute,No
Individual Characteristic,2.16.840.1.114222.4.11.837,Ethnicity,20121025,eCQM Update 2025-05-08,Extensional,,,CDCREC,1.2,2.16.840.1.113883.6.238,Hospital Inpatient,Anticoagulation Therapy for Atrial Fibrillation/Flutter,CMS71v15,Not Applicable,15,03876d69-085b-415c-ae9d-9924171040c2,Acute,Yes
Individual Characteristic,2.16.840.1.113762.1.4.1021.121,Federal Administrative Sex,20250228,eCQM Update 2025-05-08,Extensional,,,SNOMEDCT,2024-09,2.16.840.1.113883.6.96,Hospital Inpatient,Anticoagulation Therapy for Atrial Fibrillation/Flutter,CMS71v15,Not Applicable,15,03876d69-085b-415c-ae9d-9924171040c2,Acute,Yes
Individual Characteristic,2.16.840.1.114222.4.11.3591,Payer Type,20221118,eCQM Update 2025-05-08,Intensional,,,SOP,9.2,2.16.840.1.113883.3.221.5,Hospital Inpatient,Anticoagulation Therapy for Atrial Fibrillation/Flutter,CMS71v15,Not Applicable,15,03876d69-085b-415c-ae9d-9924171040c2,Acute,Yes
Individual Characteristic,2.16.840.1.114222.4.11.836,Race,20121025,eCQM Update 2025-05-08,Extensional,,,CDCREC,1.2,2.16.840.1.113883.6.238,Hospital Inpatient,Anticoagulation Therapy for Atrial Fibrillation/Flutter,CMS71v15,Not Applicable,15,03876d69-085b-415c-ae9d-9924171040c2,Acute,Yes
Intervention,1.3.6.1.4.1.33895.1.3.0.45,Comfort Measures,20210220,eCQM Update 2025-05-08,Extensional,,,SNOMEDCT,2024-09,2.16.840.1.113883.6.96,Hospital Inpatient,Anticoagulation Therapy for Atrial Fibrillation/Flutter,CMS71v15,Not Applicable,15,03876d69-085b-415c-ae9d-9924171040c2,Acute,No
Medication,2.16.840.1.113883.3.117.1.7.1.200,Anticoagulant Therapy,20250206,eCQM Update 2025-05-08,Extensional,,,RXNORM,2025-01,2.16.840.1.113883.6.88,Hospital Inpatient,Anticoagulation Therapy for Atrial Fibrillation/Flutter,CMS71v15,Not Applicable,15,03876d69-085b-415c-ae9d-9924171040c2,Acute,No
Procedure,2.16.840.1.113883.3.117.1.7.1.203,Atrial Ablation,20210220,eCQM Update 2025-05-08,Grouping,2.16.840.1.113883.3.117.1.7.1.242,Atrial Ablation,ICD10PCS,2025,2.16.840.1.113883.6.4,Hospital Inpatient,Anticoagulation Therapy for Atrial Fibrillation/Flutter,CMS71v15,Not Applicable,15,03876d69-085b-415c-ae9d-9924171040c2,Acute,No
Procedure,2.16.840.1.113883.3.117.1.7.1.203,Atrial Ablation,20210220,eCQM Update 2025-05-08,Grouping,2.16.840.1.113883.3.117.1.7.1.243,Atrial Ablation,SNOMEDCT,2024-09,2.16.840.1.113883.6.96,Hospital Inpatient,Anticoagulation Therapy for Atrial Fibrillation/Flutter,CMS71v15,Not Applicable,15,03876d69-085b-415c-ae9d-9924171040c2,Acute,No
,2.16.840.1.113883.3.117.1.7.1.87,Discharge To Acute Care Facility,20210611,eCQM Update 2025-05-08,Extensional,,,SNOMEDCT,2024-09,2.16.840.1.113883.6.96,Hospital Inpatient,Anticoagulation Therapy for Atrial Fibrillation/Flutter,CMS71v15,Not Applicable,15,03876d69-085b-415c-ae9d-9924171040c2,Acute,No
,2.16.840.1.113883.3.117.1.7.1.207,Discharged to Health Care Facility for Hospice Care,20210611,eCQM Update 2025-05-08,Extensional,,,SNOMEDCT,2024-09,2.16.840.1.113883.6.96,Hospital Inpatient,Anticoagulation Therapy for Atrial Fibrillation/Flutter,CMS71v15,Not Applicable,15,03876d69-085b-415c-ae9d-9924171040c2,Acute,No
,2.16.840.1.113883.3.117.1.7.1.209,Discharged to Home for Hospice Care,20210220,eCQM Update 2025-05-08,Extensional,,,SNOMEDCT,2024-09,2.16.840.1.113883.6.96,Hospital Inpatient,Anticoagulation Therapy for Atrial Fibrillation/Flutter,CMS71v15,Not Applicable,15,03876d69-085b-415c-ae9d-9924171040c2,Acute,No
,2.16.840.1.113883.3.117.1.7.1.247,Ischemic Stroke,20210220,eCQM Update 2025-05-08,Grouping,2.16.840.1.113762.1.4.1110.59,Ischemic Stroke Other,ICD10CM,2025,2.16.840.1.113883.6.90,Hospital Inpatient,Anticoagulation Therapy for Atrial Fibrillation/Flutter,CMS71v15,Not Applicable,15,03876d69-085b-415c-ae9d-9924171040c2,Acute,No
,2.16.840.1.113883.3.117.1.7.1.247,Ischemic Stroke,20210220,eCQM Update 2025-05-08,Grouping,2.16.840.1.113762.1.4.1110.60,Ischemic Stroke Other,SNOMEDCT,2024-09,2.16.840.1.113883.6.96,Hospital Inpatient,Anticoagulation Therapy for Atrial Fibrillation/Flutter,CMS71v15,Not Applicable,15,03876d69-085b-415c-ae9d-9924171040c2,Acute,No
,2.16.840.1.113883.3.117.1.7.1.247,Ischemic Stroke,20210220,eCQM Update 2025-05-08,Grouping,2.16.840.1.113883.3.117.1.7.1.252,Ischemic Stroke Embolism,SNOMEDCT,2024-09,2.16.840.1.113883.6.96,Hospital Inpatient,Anticoagulation Therapy for Atrial Fibrillation/Flutter,CMS71v15,Not Applicable,15,03876d69-085b-415c-ae9d-9924171040c2,Acute,No
,2.16.840.1.113883.3.117.1.7.1.247,Ischemic Stroke,20210220,eCQM Update 2025-05-08,Grouping,2.16.840.1.113762.1.4.1110.58,Ischemic Stroke Thrombosis,ICD10CM,2025,2.16.840.1.113883.6.90,Hospital Inpatient,Anticoagulation Therapy for Atrial Fibrillation/Flutter,CMS71v15,Not Applicable,15,03876d69-085b-415c-ae9d-9924171040c2,Acute,No
,2.16.840.1.113883.3.117.1.7.1.247,Ischemic Stroke,20210220,eCQM Update 2025-05-08,Grouping,2.16.840.1.113883.3.117.1.7.1.251,Ischemic Stroke Embolism,ICD10CM,2025,2.16.840.1.113883.6.90,Hospital Inpatient,Anticoagulation Therapy for Atrial Fibrillation/Flutter,CMS71v15,Not Applicable,15,03876d69-085b-415c-ae9d-9924171040c2,Acute,No
,2.16.840.1.113883.3.117.1.7.1.247,Ischemic Stroke,20210220,eCQM Update 2025-05-08,Grouping,2.16.840.1.113762.1.4.1110.57,Ischemic Stroke Thrombosis,SNOMEDCT,2024-09,2.16.840.1.113883.6.96,Hospital Inpatient,Anticoagulation Therapy for Atrial Fibrillation/Flutter,CMS71v15,Not Applicable,15,03876d69-085b-415c-ae9d-9924171040c2,Acute,No
,2.16.840.1.113883.3.117.1.7.1.308,Left Against Medical Advice,20210220,eCQM Update 2025-05-08,Extensional,,,SNOMEDCT,2024-09,2.16.840.1.113883.6.96,Hospital Inpatient,Anticoagulation Therapy for Atrial Fibrillation/Flutter,CMS71v15,Not Applicable,15,03876d69-085b-415c-ae9d-9924171040c2,Acute,No
,2.16.840.1.113883.3.117.1.7.1.473,Medical Reason For Not Providing Treatment,20220212,eCQM Update 2025-05-08,Extensional,,,SNOMEDCT,2024-09,2.16.840.1.113883.6.96,Hospital Inpatient,Anticoagulation Therapy for Atrial Fibrillation/Flutter,CMS71v15,Not Applicable,15,03876d69-085b-415c-ae9d-9924171040c2,Acute,No
,2.16.840.1.113883.3.117.1.7.1.309,Patient Expired,20210611,eCQM Update 2025-05-08,Extensional,,,SNOMEDCT,2024-09,2.16.840.1.113883.6.96,Hospital Inpatient,Anticoagulation Therapy for Atrial Fibrillation/Flutter,CMS71v15,Not Applicable,15,03876d69-085b-415c-ae9d-9924171040c2,Acute,No
,2.16.840.1.113883.3.117.1.7.1.93,Patient Refusal,20250206,eCQM Update 2025-05-08,Extensional,,,SNOMEDCT,2024-09,2.16.840.1.113883.6.96,Hospital Inpatient,Anticoagulation Therapy for Atrial Fibrillation/Flutter,CMS71v15,Not Applicable,15,03876d69-085b-415c-ae9d-9924171040c2,Acute,No
Condition/Diagnosis/Problem,2.16.840.1.113762.1.4.1110.21,Intravenous or Intraarterial Thrombolytic tPA Therapy Prior to Arrival,20210220,eCQM Update 2025-05-08,Extensional,,,ICD10CM,2025,2.16.840.1.113883.6.90,Hospital Inpatient,Antithrombotic Therapy by End of Hospital Day 2,CMS72v14,Not Applicable,14,93f3479f-75d8-4731-9a3f-b7749d8bcd37,Acute,No
Encounter,2.16.840.1.113883.3.117.1.7.1.292,Emergency Department Visit,20210611,eCQM Update 2025-05-08,Extensional,,,SNOMEDCT,2024-09,2.16.840.1.113883.6.96,Hospital Inpatient,Antithrombotic Therapy by End of Hospital Day 2,CMS72v14,Not Applicable,14,93f3479f-75d8-4731-9a3f-b7749d8bcd37,Acute,No
Encounter,2.16.840.1.113883.3.117.1.7.1.424,Nonelective Inpatient Encounter,20250206,eCQM Update 2025-05-08,Extensional,,,SNOMEDCT,2024-09,2.16.840.1.113883.6.96,Hospital Inpatient,Antithrombotic Therapy by End of Hospital Day 2,CMS72v14,Not Applicable,14,93f3479f-75d8-4731-9a3f-b7749d8bcd37,Acute,No
Encounter,2.16.840.1.113762.1.4.1111.143,Observation Services,20210611,eCQM Update 2025-05-08,Extensional,,,SNOMEDCT,2024-09,2.16.840.1.113883.6.96,Hospital Inpatient,Antithrombotic Therapy by End of Hospital Day 2,CMS72v14,Not Applicable,14,93f3479f-75d8-4731-9a3f-b7749d8bcd37,Acute,No
Individual Characteristic,2.16.840.1.114222.4.11.837,Ethnicity,20121025,eCQM Update 2025-05-08,Extensional,,,CDCREC,1.2,2.16.840.1.113883.6.238,Hospital Inpatient,Antithrombotic Therapy by End of Hospital Day 2,CMS72v14,Not Applicable,14,93f3479f-75d8-4731-9a3f-b7749d8bcd37,Acute,Yes
Individual Characteristic,2.16.840.1.113762.1.4.1021.121,Federal Administrative Sex,20250228,eCQM Update 2025-05-08,Extensional,,,SNOMEDCT,2024-09,2.16.840.1.113883.6.96,Hospital Inpatient,Antithrombotic Therapy by End of Hospital Day 2,CMS72v14,Not Applicable,14,93f3479f-75d8-4731-9a3f-b7749d8bcd37,Acute,Yes
Individual Characteristic,2.16.840.1.114222.4.11.3591,Payer Type,20221118,eCQM Update 2025-05-08,Intensional,,,SOP,9.2,2.16.840.1.113883.3.221.5,Hospital Inpatient,Antithrombotic Therapy by End of Hospital Day 2,CMS72v14,Not Applicable,14,93f3479f-75d8-4731-9a3f-b7749d8bcd37,Acute,Yes
Individual Characteristic,2.16.840.1.114222.4.11.836,Race,20121025,eCQM Update 2025-05-08,Extensional,,,CDCREC,1.2,2.16.840.1.113883.6.238,Hospital Inpatient,Antithrombotic Therapy by End of Hospital Day 2,CMS72v14,Not Applicable,14,93f3479f-75d8-4731-9a3f-b7749d8bcd37,Acute,Yes
Intervention,1.3.6.1.4.1.33895.1.3.0.45,Comfort Measures,20210220,eCQM Update 2025-05-08,Extensional,,,SNOMEDCT,2024-09,2.16.840.1.113883.6.96,Hospital Inpatient,Antithrombotic Therapy by End of Hospital Day 2,CMS72v14,Not Applicable,14,93f3479f-75d8-4731-9a3f-b7749d8bcd37,Acute,No
Laboratory Test,2.16.840.1.113883.3.117.1.7.1.213,INR,20210220,eCQM Update 2025-05-08,Extensional,,,LOINC,2.78,2.16.840.1.113883.6.1,Hospital Inpatient,Antithrombotic Therapy by End of Hospital Day 2,CMS72v14,Not Applicable,14,93f3479f-75d8-4731-9a3f-b7749d8bcd37,Acute,No
Medication,2.16.840.1.113762.1.4.1110.62,Antithrombotic Therapy for Ischemic Stroke,20210409,eCQM Update 2025-05-08,Grouping,2.16.840.1.113883.3.117.1.7.1.201,Antithrombotic Therapy Anticoagulant,RXNORM,2025-01,2.16.840.1.113883.6.88,Hospital Inpatient,Antithrombotic Therapy by End of Hospital Day 2,CMS72v14,Not Applicable,14,93f3479f-75d8-4731-9a3f-b7749d8bcd37,Acute,No
Medication,2.16.840.1.113762.1.4.1110.62,Antithrombotic Therapy for Ischemic Stroke,20210409,eCQM Update 2025-05-08,Grouping,2.16.840.1.113762.1.4.1110.61,Antithrombotic Therapy Antiplatelet,RXNORM,2025-01,2.16.840.1.113883.6.88,Hospital Inpatient,Antithrombotic Therapy by End of Hospital Day 2,CMS72v14,Not Applicable,14,93f3479f-75d8-4731-9a3f-b7749d8bcd37,Acute,No
Medication,2.16.840.1.113762.1.4.1110.52,Pharmacological Contraindications For Antithrombotic Therapy,20220219,eCQM Update 2025-05-08,Grouping,2.16.840.1.113762.1.4.1110.51,Prasugrel,RXNORM,2025-01,2.16.840.1.113883.6.88,Hospital Inpatient,Antithrombotic Therapy by End of Hospital Day 2,CMS72v14,Not Applicable,14,93f3479f-75d8-4731-9a3f-b7749d8bcd37,Acute,No
Medication,2.16.840.1.113883.3.117.1.7.1.226,Thrombolytic tPA Therapy,20210220,eCQM Update 2025-05-08,Extensional,,,RXNORM,2025-01,2.16.840.1.113883.6.88,Hospital Inpatient,Antithrombotic Therapy by End of Hospital Day 2,CMS72v14,Not Applicable,14,93f3479f-75d8-4731-9a3f-b7749d8bcd37,Acute,No
Procedure,2.16.840.1.113762.1.4.1045.21,Intravenous or Intraarterial Thrombolytic tPA Therapy,20210220,eCQM Update 2025-05-08,Grouping,2.16.840.1.113762.1.4.1110.56,Intraarterial Thrombolytic tPA Therapy,ICD10PCS,2025,2.16.840.1.113883.6.4,Hospital Inpatient,Antithrombotic Therapy by End of Hospital Day 2,CMS72v14,Not Applicable,14,93f3479f-75d8-4731-9a3f-b7749d8bcd37,Acute,No
Procedure,2.16.840.1.113762.1.4.1045.21,Intravenous or Intraarterial Thrombolytic tPA Therapy,20210220,eCQM Update 2025-05-08,Grouping,2.16.840.1.113762.1.4.1045.16,Intraarterial Thrombolytic tPA Therapy,SNOMEDCT,2024-09,2.16.840.1.113883.6.96,Hospital Inpatient,Antithrombotic Therapy by End of Hospital Day 2,CMS72v14,Not Applicable,14,93f3479f-75d8-4731-9a3f-b7749d8bcd37,Acute,No
Procedure,2.16.840.1.113762.1.4.1045.21,Intravenous or Intraarterial Thrombolytic tPA Therapy,20210220,eCQM Update 2025-05-08,Grouping,2.16.840.1.113762.1.4.1110.55,Intravenous Thrombolytic tPA Therapy,ICD10PCS,2025,2.16.840.1.113883.6.4,Hospital Inpatient,Antithrombotic Therapy by End of Hospital Day 2,CMS72v14,Not Applicable,14,93f3479f-75d8-4731-9a3f-b7749d8bcd37,Acute,No
Procedure,2.16.840.1.113762.1.4.1045.21,Intravenous or Intraarterial Thrombolytic tPA Therapy,20210220,eCQM Update 2025-05-08,Grouping,2.16.840.1.113762.1.4.1045.15,Intravenous Thrombolytic tPA Therapy,SNOMEDCT,2024-09,2.16.840.1.113883.6.96,Hospital Inpatient,Antithrombotic Therapy by End of Hospital Day 2,CMS72v14,Not Applicable,14,93f3479f-75d8-4731-9a3f-b7749d8bcd37,Acute,No
,2.16.840.1.113883.3.117.1.7.1.247,Ischemic Stroke,20210220,eCQM Update 2025-05-08,Grouping,2.16.840.1.113883.3.117.1.7.1.252,Ischemic Stroke Embolism,SNOMEDCT,2024-09,2.16.840.1.113883.6.96,Hospital Inpatient,Antithrombotic Therapy by End of Hospital Day 2,CMS72v14,Not Applicable,14,93f3479f-75d8-4731-9a3f-b7749d8bcd37,Acute,No
,2.16.840.1.113883.3.117.1.7.1.247,Ischemic Stroke,20210220,eCQM Update 2025-05-08,Grouping,2.16.840.1.113762.1.4.1110.60,Ischemic Stroke Other,SNOMEDCT,2024-09,2.16.840.1.113883.6.96,Hospital Inpatient,Antithrombotic Therapy by End of Hospital Day 2,CMS72v14,Not Applicable,14,93f3479f-75d8-4731-9a3f-b7749d8bcd37,Acute,No
,2.16.840.1.113883.3.117.1.7.1.247,Ischemic Stroke,20210220,eCQM Update 2025-05-08,Grouping,2.16.840.1.113762.1.4.1110.58,Ischemic Stroke Thrombosis,ICD10CM,2025,2.16.840.1.113883.6.90,Hospital Inpatient,Antithrombotic Therapy by End of Hospital Day 2,CMS72v14,Not Applicable,14,93f3479f-75d8-4731-9a3f-b7749d8bcd37,Acute,No
,2.16.840.1.113883.3.117.1.7.1.247,Ischemic Stroke,20210220,eCQM Update 2025-05-08,Grouping,2.16.840.1.113762.1.4.1110.57,Ischemic Stroke Thrombosis,SNOMEDCT,2024-09,2.16.840.1.113883.6.96,Hospital Inpatient,Antithrombotic Therapy by End of Hospital Day 2,CMS72v14,Not Applicable,14,93f3479f-75d8-4731-9a3f-b7749d8bcd37,Acute,No
,2.16.840.1.113883.3.117.1.7.1.247,Ischemic Stroke,20210220,eCQM Update 2025-05-08,Grouping,2.16.840.1.113762.1.4.1110.59,Ischemic Stroke Other,ICD10CM,2025,2.16.840.1.113883.6.90,Hospital Inpatient,Antithrombotic Therapy by End of Hospital Day 2,CMS72v14,Not Applicable,14,93f3479f-75d8-4731-9a3f-b7749d8bcd37,Acute,No
,2.16.840.1.113883.3.117.1.7.1.247,Ischemic Stroke,20210220,eCQM Update 2025-05-08,Grouping,2.16.840.1.113883.3.117.1.7.1.251,Ischemic Stroke Embolism,ICD10CM,2025,2.16.840.1.113883.6.90,Hospital Inpatient,Antithrombotic Therapy by End of Hospital Day 2,CMS72v14,Not Applicable,14,93f3479f-75d8-4731-9a3f-b7749d8bcd37,Acute,No
,2.16.840.1.113883.3.117.1.7.1.473,Medical Reason For Not Providing Treatment,20220212,eCQM Update 2025-05-08,Extensional,,,SNOMEDCT,2024-09,2.16.840.1.113883.6.96,Hospital Inpatient,Antithrombotic Therapy by End of Hospital Day 2,CMS72v14,Not Applicable,14,93f3479f-75d8-4731-9a3f-b7749d8bcd37,Acute,No
,2.16.840.1.113883.3.117.1.7.1.93,Patient Refusal,20250206,eCQM Update 2025-05-08,Extensional,,,SNOMEDCT,2024-09,2.16.840.1.113883.6.96,Hospital Inpatient,Antithrombotic Therapy by End of Hospital Day 2,CMS72v14,Not Applicable,14,93f3479f-75d8-4731-9a3f-b7749d8bcd37,Acute,No
Encounter,2.16.840.1.113883.3.117.1.7.1.292,Emergency Department Visit,20210611,eCQM Update 2025-05-08,Extensional,,,SNOMEDCT,2024-09,2.16.840.1.113883.6.96,Hospital Inpatient,Hospital Harm - Severe Hypoglycemia,CMS816v5,3503e,5,98ee2385-0b90-40f4-859c-14f5c8d49340,Acute,No
Encounter,2.16.840.1.113883.3.666.5.307,Encounter Inpatient,20200307,eCQM Update 2025-05-08,Extensional,,,SNOMEDCT,2024-09,2.16.840.1.113883.6.96,Hospital Inpatient,Hospital Harm - Severe Hypoglycemia,CMS816v5,3503e,5,98ee2385-0b90-40f4-859c-14f5c8d49340,Acute,No
Encounter,2.16.840.1.113762.1.4.1111.143,Observation Services,20210611,eCQM Update 2025-05-08,Extensional,,,SNOMEDCT,2024-09,2.16.840.1.113883.6.96,Hospital Inpatient,Hospital Harm - Severe Hypoglycemia,CMS816v5,3503e,5,98ee2385-0b90-40f4-859c-14f5c8d49340,Acute,No
Individual Characteristic,2.16.840.1.114222.4.11.837,Ethnicity,20121025,eCQM Update 2025-05-08,Extensional,,,CDCREC,1.2,2.16.840.1.113883.6.238,Hospital Inpatient,Hospital Harm - Severe Hypoglycemia,CMS816v5,3503e,5,98ee2385-0b90-40f4-859c-14f5c8d49340,Acute,Yes
Individual Characteristic,2.16.840.1.113762.1.4.1021.121,Federal Administrative Sex,20250228,eCQM Update 2025-05-08,Extensional,,,SNOMEDCT,2024-09,2.16.840.1.113883.6.96,Hospital Inpatient,Hospital Harm - Severe Hypoglycemia,CMS816v5,3503e,5,98ee2385-0b90-40f4-859c-14f5c8d49340,Acute,Yes
Individual Characteristic,2.16.840.1.114222.4.11.3591,Payer Type,20221118,eCQM Update 2025-05-08,Intensional,,,SOP,9.2,2.16.840.1.113883.3.221.5,Hospital Inpatient,Hospital Harm - Severe Hypoglycemia,CMS816v5,3503e,5,98ee2385-0b90-40f4-859c-14f5c8d49340,Acute,Yes
Individual Characteristic,2.16.840.1.114222.4.11.836,Race,20121025,eCQM Update 2025-05-08,Extensional,,,CDCREC,1.2,2.16.840.1.113883.6.238,Hospital Inpatient,Hospital Harm - Severe Hypoglycemia,CMS816v5,3503e,5,98ee2385-0b90-40f4-859c-14f5c8d49340,Acute,Yes
Laboratory Test,2.16.840.1.113762.1.4.1248.34,Glucose Lab Test Mass Per Volume,20230203,eCQM Update 2025-05-08,Extensional,,,LOINC,2.78,2.16.840.1.113883.6.1,Hospital Inpatient,Hospital Harm - Severe Hypoglycemia,CMS816v5,3503e,5,98ee2385-0b90-40f4-859c-14f5c8d49340,Acute,No
Medication,2.16.840.1.113762.1.4.1196.393,Hypoglycemics Severe Hypoglycemia,20240117,eCQM Update 2025-05-08,Extensional,,,RXNORM,2025-01,2.16.840.1.113883.6.88,Hospital Inpatient,Hospital Harm - Severe Hypoglycemia,CMS816v5,3503e,5,98ee2385-0b90-40f4-859c-14f5c8d49340,Acute,No
Encounter,2.16.840.1.113883.3.117.1.7.1.292,Emergency Department Visit,20210611,eCQM Update 2025-05-08,Extensional,,,SNOMEDCT,2024-09,2.16.840.1.113883.6.96,Hospital Inpatient,Hospital Harm - Opioid-Related Adverse Events,CMS819v4,3501e,4,cb58c1ef-e8a9-4a8d-af83-760d354077db,Acute,No
Encounter,2.16.840.1.113883.3.666.5.307,Encounter Inpatient,20200307,eCQM Update 2025-05-08,Extensional,,,SNOMEDCT,2024-09,2.16.840.1.113883.6.96,Hospital Inpatient,Hospital Harm - Opioid-Related Adverse Events,CMS819v4,3501e,4,cb58c1ef-e8a9-4a8d-af83-760d354077db,Acute,No
Encounter,2.16.840.1.113762.1.4.1111.143,Observation Services,20210611,eCQM Update 2025-05-08,Extensional,,,SNOMEDCT,2024-09,2.16.840.1.113883.6.96,Hospital Inpatient,Hospital Harm - Opioid-Related Adverse Events,CMS819v4,3501e,4,cb58c1ef-e8a9-4a8d-af83-760d354077db,Acute,No
Individual Characteristic,2.16.840.1.114222.4.11.837,Ethnicity,20121025,eCQM Update 2025-05-08,Extensional,,,CDCREC,1.2,2.16.840.1.113883.6.238,Hospital Inpatient,Hospital Harm - Opioid-Related Adverse Events,CMS819v4,3501e,4,cb58c1ef-e8a9-4a8d-af83-760d354077db,Acute,Yes
Individual Characteristic,2.16.840.1.113762.1.4.1021.121,Federal Administrative Sex,20250228,eCQM Update 2025-05-08,Extensional,,,SNOMEDCT,2024-09,2.16.840.1.113883.6.96,Hospital Inpatient,Hospital Harm - Opioid-Related Adverse Events,CMS819v4,3501e,4,cb58c1ef-e8a9-4a8d-af83-760d354077db,Acute,Yes
Individual Characteristic,2.16.840.1.114222.4.11.3591,Payer Type,20221118,eCQM Update 2025-05-08,Intensional,,,SOP,9.2,2.16.840.1.113883.3.221.5,Hospital Inpatient,Hospital Harm - Opioid-Related Adverse Events,CMS819v4,3501e,4,cb58c1ef-e8a9-4a8d-af83-760d354077db,Acute,Yes
Individual Characteristic,2.16.840.1.114222.4.11.836,Race,20121025,eCQM Update 2025-05-08,Extensional,,,CDCREC,1.2,2.16.840.1.113883.6.238,Hospital Inpatient,Hospital Harm - Opioid-Related Adverse Events,CMS819v4,3501e,4,cb58c1ef-e8a9-4a8d-af83-760d354077db,Acute,Yes
Medication,2.16.840.1.113762.1.4.1248.119,Opioid Antagonist,20250211,eCQM Update 2025-05-08,Extensional,,,RXNORM,2025-01,2.16.840.1.113883.6.88,Hospital Inpatient,Hospital Harm - Opioid-Related Adverse Events,CMS819v4,3501e,4,cb58c1ef-e8a9-4a8d-af83-760d354077db,Acute,No
Medication,2.16.840.1.113762.1.4.1196.226,"Opioids, All",20240124,eCQM Update 2025-05-08,Extensional,,,RXNORM,"2025-01, 2024-03",2.16.840.1.113883.6.88,Hospital Inpatient,Hospital Harm - Opioid-Related Adverse Events,CMS819v4,3501e,4,cb58c1ef-e8a9-4a8d-af83-760d354077db,Acute,No
,2.16.840.1.113762.1.4.1248.187,Routes of Administration for Opioid Antagonists,20230204,eCQM Update 2025-05-08,Extensional,,,SNOMEDCT,2024-09,2.16.840.1.113883.6.96,Hospital Inpatient,Hospital Harm - Opioid-Related Adverse Events,CMS819v4,3501e,4,cb58c1ef-e8a9-4a8d-af83-760d354077db,Acute,No
Encounter,2.16.840.1.113883.3.117.1.7.1.292,Emergency Department Visit,20210611,eCQM Update 2025-05-08,Extensional,,,SNOMEDCT,2024-09,2.16.840.1.113883.6.96,Hospital Inpatient,Hospital Harm - Pressure Injury,CMS826v3,3498e,3,ca46e41b-f560-417f-a5ba-0c89019ed711,Acute,No
Encounter,2.16.840.1.113883.3.666.5.307,Encounter Inpatient,20200307,eCQM Update 2025-05-08,Extensional,,,SNOMEDCT,2024-09,2.16.840.1.113883.6.96,Hospital Inpatient,Hospital Harm - Pressure Injury,CMS826v3,3498e,3,ca46e41b-f560-417f-a5ba-0c89019ed711,Acute,No
Encounter,2.16.840.1.113762.1.4.1111.143,Observation Services,20210611,eCQM Update 2025-05-08,Extensional,,,SNOMEDCT,2024-09,2.16.840.1.113883.6.96,Hospital Inpatient,Hospital Harm - Pressure Injury,CMS826v3,3498e,3,ca46e41b-f560-417f-a5ba-0c89019ed711,Acute,No
Individual Characteristic,2.16.840.1.114222.4.11.837,Ethnicity,20121025,eCQM Update 2025-05-08,Extensional,,,CDCREC,1.2,2.16.840.1.113883.6.238,Hospital Inpatient,Hospital Harm - Pressure Injury,CMS826v3,3498e,3,ca46e41b-f560-417f-a5ba-0c89019ed711,Acute,Yes
Individual Characteristic,2.16.840.1.113762.1.4.1021.121,Federal Administrative Sex,20250228,eCQM Update 2025-05-08,Extensional,,,SNOMEDCT,2024-09,2.16.840.1.113883.6.96,Hospital Inpatient,Hospital Harm - Pressure Injury,CMS826v3,3498e,3,ca46e41b-f560-417f-a5ba-0c89019ed711,Acute,Yes
Individual Characteristic,2.16.840.1.114222.4.11.3591,Payer Type,20221118,eCQM Update 2025-05-08,Intensional,,,SOP,9.2,2.16.840.1.113883.3.221.5,Hospital Inpatient,Hospital Harm - Pressure Injury,CMS826v3,3498e,3,ca46e41b-f560-417f-a5ba-0c89019ed711,Acute,Yes
Individual Characteristic,2.16.840.1.114222.4.11.836,Race,20121025,eCQM Update 2025-05-08,Extensional,,,CDCREC,1.2,2.16.840.1.113883.6.238,Hospital Inpatient,Hospital Harm - Pressure Injury,CMS826v3,3498e,3,ca46e41b-f560-417f-a5ba-0c89019ed711,Acute,Yes
,2.16.840.1.113762.1.4.1147.198,Not Present On Admission or Documentation Insufficient to Determine,20220415,eCQM Update 2025-05-08,Extensional,,,PresentOnAdmission,2021,2.16.840.1.113883.6.301.11,Hospital Inpatient,Hospital Harm - Pressure Injury,CMS826v3,3498e,3,ca46e41b-f560-417f-a5ba-0c89019ed711,Acute,No
,2.16.840.1.113762.1.4.1147.197,Present on Admission or Clinically Undetermined,20220415,eCQM Update 2025-05-08,Extensional,,,PresentOnAdmission,2021,2.16.840.1.113883.6.301.11,Hospital Inpatient,Hospital Harm - Pressure Injury,CMS826v3,3498e,3,ca46e41b-f560-417f-a5ba-0c89019ed711,Acute,No
,2.16.840.1.113762.1.4.1147.112,Pressure Injury Deep Tissue,20240112,eCQM Update 2025-05-08,Extensional,,,SNOMEDCT,2024-09,2.16.840.1.113883.6.96,Hospital Inpatient,Hospital Harm - Pressure Injury,CMS826v3,3498e,3,ca46e41b-f560-417f-a5ba-0c89019ed711,Acute,No
,2.16.840.1.113762.1.4.1147.194,Pressure Injury Deep Tissue Diagnoses,20220415,eCQM Update 2025-05-08,Extensional,,,ICD10CM,2025,2.16.840.1.113883.6.90,Hospital Inpatient,Hospital Harm - Pressure Injury,CMS826v3,3498e,3,ca46e41b-f560-417f-a5ba-0c89019ed711,Acute,No
,2.16.840.1.113762.1.4.1147.113,"Pressure Injury Stage 2, 3, 4 or Unstageable",20220415,eCQM Update 2025-05-08,Grouping,2.16.840.1.113762.1.4.1147.109,"Pressure Injury Stage 2, 3, 4 or Unstageable",LOINC,2.78,2.16.840.1.113883.6.1,Hospital Inpatient,Hospital Harm - Pressure Injury,CMS826v3,3498e,3,ca46e41b-f560-417f-a5ba-0c89019ed711,Acute,No
,2.16.840.1.113762.1.4.1147.113,"Pressure Injury Stage 2, 3, 4 or Unstageable",20220415,eCQM Update 2025-05-08,Grouping,2.16.840.1.113762.1.4.1147.110,"Pressure Injury Stage 2, 3, 4 or Unstageable",SNOMEDCT,2024-09,2.16.840.1.113883.6.96,Hospital Inpatient,Hospital Harm - Pressure Injury,CMS826v3,3498e,3,ca46e41b-f560-417f-a5ba-0c89019ed711,Acute,No
,2.16.840.1.113762.1.4.1147.196,"Pressure Injury Stage 2, 3, 4, or Unstageable Diagnoses",20220416,eCQM Update 2025-05-08,Extensional,,,ICD10CM,2025,2.16.840.1.113883.6.90,Hospital Inpatient,Hospital Harm - Pressure Injury,CMS826v3,3498e,3,ca46e41b-f560-417f-a5ba-0c89019ed711,Acute,No
Encounter,2.16.840.1.113883.3.117.1.7.1.292,Emergency Department Visit,20210611,eCQM Update 2025-05-08,Extensional,,,SNOMEDCT,2024-09,2.16.840.1.113883.6.96,Hospital Inpatient,Hospital Harm - Acute Kidney Injury,CMS832v3,3713e,3,23ea3b65-bc71-42a6-870e-7a959be80c3f,Acute,No
Encounter,2.16.840.1.113883.3.666.5.307,Encounter Inpatient,20200307,eCQM Update 2025-05-08,Extensional,,,SNOMEDCT,2024-09,2.16.840.1.113883.6.96,Hospital Inpatient,Hospital Harm - Acute Kidney Injury,CMS832v3,3713e,3,23ea3b65-bc71-42a6-870e-7a959be80c3f,Acute,No
Encounter,2.16.840.1.113762.1.4.1111.143,Observation Services,20210611,eCQM Update 2025-05-08,Extensional,,,SNOMEDCT,2024-09,2.16.840.1.113883.6.96,Hospital Inpatient,Hospital Harm - Acute Kidney Injury,CMS832v3,3713e,3,23ea3b65-bc71-42a6-870e-7a959be80c3f,Acute,No
Individual Characteristic,2.16.840.1.114222.4.11.837,Ethnicity,20121025,eCQM Update 2025-05-08,Extensional,,,CDCREC,1.2,2.16.840.1.113883.6.238,Hospital Inpatient,Hospital Harm - Acute Kidney Injury,CMS832v3,3713e,3,23ea3b65-bc71-42a6-870e-7a959be80c3f,Acute,Yes
Individual Characteristic,2.16.840.1.113762.1.4.1021.121,Federal Administrative Sex,20250228,eCQM Update 2025-05-08,Extensional,,,SNOMEDCT,2024-09,2.16.840.1.113883.6.96,Hospital Inpatient,Hospital Harm - Acute Kidney Injury,CMS832v3,3713e,3,23ea3b65-bc71-42a6-870e-7a959be80c3f,Acute,Yes
Individual Characteristic,2.16.840.1.114222.4.11.3591,Payer Type,20221118,eCQM Update 2025-05-08,Intensional,,,SOP,9.2,2.16.840.1.113883.3.221.5,Hospital Inpatient,Hospital Harm - Acute Kidney Injury,CMS832v3,3713e,3,23ea3b65-bc71-42a6-870e-7a959be80c3f,Acute,Yes
Individual Characteristic,2.16.840.1.114222.4.11.836,Race,20121025,eCQM Update 2025-05-08,Extensional,,,CDCREC,1.2,2.16.840.1.113883.6.238,Hospital Inpatient,Hospital Harm - Acute Kidney Injury,CMS832v3,3713e,3,23ea3b65-bc71-42a6-870e-7a959be80c3f,Acute,Yes
Laboratory Test,2.16.840.1.113762.1.4.1248.21,Creatinine Mass Per Volume,20220415,eCQM Update 2025-05-08,Extensional,,,LOINC,2.78,2.16.840.1.113883.6.1,Hospital Inpatient,Hospital Harm - Acute Kidney Injury,CMS832v3,3713e,3,23ea3b65-bc71-42a6-870e-7a959be80c3f,Acute,No
Physical Exam,2.16.840.1.113762.1.4.1045.152,Body Temperature,20250220,eCQM Update 2025-05-08,Extensional,,,LOINC,2.78,2.16.840.1.113883.6.1,Hospital Inpatient,Hospital Harm - Acute Kidney Injury,CMS832v3,3713e,3,23ea3b65-bc71-42a6-870e-7a959be80c3f,Acute,No
Procedure,2.16.840.1.113762.1.4.1248.19,High Risk Procedures for AKI,20230205,eCQM Update 2025-05-08,Grouping,2.16.840.1.113762.1.4.1248.4,Nephrectomy,ICD10PCS,2025,2.16.840.1.113883.6.4,Hospital Inpatient,Hospital Harm - Acute Kidney Injury,CMS832v3,3713e,3,23ea3b65-bc71-42a6-870e-7a959be80c3f,Acute,No
Procedure,2.16.840.1.113762.1.4.1248.19,High Risk Procedures for AKI,20230205,eCQM Update 2025-05-08,Grouping,2.16.840.1.113762.1.4.1147.187,Extracorporeal Membrane Oxygenation (ECMO),ICD10PCS,2025,2.16.840.1.113883.6.4,Hospital Inpatient,Hospital Harm - Acute Kidney Injury,CMS832v3,3713e,3,23ea3b65-bc71-42a6-870e-7a959be80c3f,Acute,No
Procedure,2.16.840.1.113762.1.4.1248.19,High Risk Procedures for AKI,20230205,eCQM Update 2025-05-08,Grouping,2.16.840.1.113762.1.4.1248.200,Nephrectomy,SNOMEDCT,2024-09,2.16.840.1.113883.6.96,Hospital Inpatient,Hospital Harm - Acute Kidney Injury,CMS832v3,3713e,3,23ea3b65-bc71-42a6-870e-7a959be80c3f,Acute,No
Procedure,2.16.840.1.113762.1.4.1248.19,High Risk Procedures for AKI,20230205,eCQM Update 2025-05-08,Grouping,2.16.840.1.113762.1.4.1147.193,Resuscitative Endovascular Balloon Occlusion of the Aorta (REBOA),ICD10PCS,2025,2.16.840.1.113883.6.4,Hospital Inpatient,Hospital Harm - Acute Kidney Injury,CMS832v3,3713e,3,23ea3b65-bc71-42a6-870e-7a959be80c3f,Acute,No
Procedure,2.16.840.1.113762.1.4.1248.19,High Risk Procedures for AKI,20230205,eCQM Update 2025-05-08,Grouping,2.16.840.1.113762.1.4.1147.190,Intra Aortic Balloon Pump,ICD10PCS,2025,2.16.840.1.113883.6.4,Hospital Inpatient,Hospital Harm - Acute Kidney Injury,CMS832v3,3713e,3,23ea3b65-bc71-42a6-870e-7a959be80c3f,Acute,No
Procedure,2.16.840.1.113762.1.4.1248.19,High Risk Procedures for AKI,20230205,eCQM Update 2025-05-08,Grouping,2.16.840.1.113762.1.4.1147.191,Intra Aortic Balloon Pump,SNOMEDCT,2024-09,2.16.840.1.113883.6.96,Hospital Inpatient,Hospital Harm - Acute Kidney Injury,CMS832v3,3713e,3,23ea3b65-bc71-42a6-870e-7a959be80c3f,Acute,No
Procedure,2.16.840.1.113762.1.4.1248.19,High Risk Procedures for AKI,20230205,eCQM Update 2025-05-08,Grouping,2.16.840.1.113762.1.4.1147.188,Extracorporeal Membrane Oxygenation (ECMO),SNOMEDCT,2024-09,2.16.840.1.113883.6.96,Hospital Inpatient,Hospital Harm - Acute Kidney Injury,CMS832v3,3713e,3,23ea3b65-bc71-42a6-870e-7a959be80c3f,Acute,No
Procedure,2.16.840.1.113762.1.4.1248.199,Hospital Based Dialysis Services,20230205,eCQM Update 2025-05-08,Grouping,2.16.840.1.113762.1.4.1248.198,Hospital Based Dialysis Services,ICD10PCS,2025,2.16.840.1.113883.6.4,Hospital Inpatient,Hospital Harm - Acute Kidney Injury,CMS832v3,3713e,3,23ea3b65-bc71-42a6-870e-7a959be80c3f,Acute,No
Procedure,2.16.840.1.113762.1.4.1248.199,Hospital Based Dialysis Services,20230205,eCQM Update 2025-05-08,Grouping,2.16.840.1.113762.1.4.1248.197,Hospital Based Dialysis Services,SNOMEDCT,2024-09,2.16.840.1.113883.6.96,Hospital Inpatient,Hospital Harm - Acute Kidney Injury,CMS832v3,3713e,3,23ea3b65-bc71-42a6-870e-7a959be80c3f,Acute,No
,2.16.840.1.113762.1.4.1248.12,High Risk Diagnosis for AKI,20240112,eCQM Update 2025-05-08,Grouping,2.16.840.1.113762.1.4.1248.8,Large Body Surface Area (BSA) Burns,ICD10CM,2025,2.16.840.1.113883.6.90,Hospital Inpatient,Hospital Harm - Acute Kidney Injury,CMS832v3,3713e,3,23ea3b65-bc71-42a6-870e-7a959be80c3f,Acute,No
,2.16.840.1.113762.1.4.1248.12,High Risk Diagnosis for AKI,20240112,eCQM Update 2025-05-08,Grouping,2.16.840.1.113762.1.4.1248.29,Rapidly Progressive Nephritic Syndrome,ICD10CM,2025,2.16.840.1.113883.6.90,Hospital Inpatient,Hospital Harm - Acute Kidney Injury,CMS832v3,3713e,3,23ea3b65-bc71-42a6-870e-7a959be80c3f,Acute,No
,2.16.840.1.113762.1.4.1248.12,High Risk Diagnosis for AKI,20240112,eCQM Update 2025-05-08,Grouping,2.16.840.1.113762.1.4.1248.14,Hemolytic Uremic Syndrome (HUS),ICD10CM,2025,2.16.840.1.113883.6.90,Hospital Inpatient,Hospital Harm - Acute Kidney Injury,CMS832v3,3713e,3,23ea3b65-bc71-42a6-870e-7a959be80c3f,Acute,No
,2.16.840.1.113762.1.4.1248.12,High Risk Diagnosis for AKI,20240112,eCQM Update 2025-05-08,Grouping,2.16.840.1.113762.1.4.1248.226,Cardiac Arrest,ICD10CM,2025,2.16.840.1.113883.6.90,Hospital Inpatient,Hospital Harm - Acute Kidney Injury,CMS832v3,3713e,3,23ea3b65-bc71-42a6-870e-7a959be80c3f,Acute,No
,2.16.840.1.113762.1.4.1248.12,High Risk Diagnosis for AKI,20240112,eCQM Update 2025-05-08,Grouping,2.16.840.1.113762.1.4.1248.201,Thrombotic Thrombocytopenic Purpura,ICD10CM,2025,2.16.840.1.113883.6.90,Hospital Inpatient,Hospital Harm - Acute Kidney Injury,CMS832v3,3713e,3,23ea3b65-bc71-42a6-870e-7a959be80c3f,Acute,No
,2.16.840.1.113762.1.4.1248.12,High Risk Diagnosis for AKI,20240112,eCQM Update 2025-05-08,Grouping,2.16.840.1.113762.1.4.1248.28,Traumatic Avulsion of Kidney,ICD10CM,2025,2.16.840.1.113883.6.90,Hospital Inpatient,Hospital Harm - Acute Kidney Injury,CMS832v3,3713e,3,23ea3b65-bc71-42a6-870e-7a959be80c3f,Acute,No
,2.16.840.1.113883.3.117.1.7.1.263,Obstetrical or Pregnancy Related Conditions,20210220,eCQM Update 2025-05-08,Grouping,2.16.840.1.113883.3.117.1.7.1.335,Obstetrical or Pregnancy Related Conditions,ICD10CM,2025,2.16.840.1.113883.6.90,Hospital Inpatient,Hospital Harm - Acute Kidney Injury,CMS832v3,3713e,3,23ea3b65-bc71-42a6-870e-7a959be80c3f,Acute,No
,2.16.840.1.113883.3.117.1.7.1.263,Obstetrical or Pregnancy Related Conditions,20210220,eCQM Update 2025-05-08,Grouping,2.16.840.1.113883.3.117.1.7.1.337,Obstetrical or Pregnancy Related Conditions,SNOMEDCT,2024-09,2.16.840.1.113883.6.96,Hospital Inpatient,Hospital Harm - Acute Kidney Injury,CMS832v3,3713e,3,23ea3b65-bc71-42a6-870e-7a959be80c3f,Acute,No
,2.16.840.1.113762.1.4.1147.197,Present on Admission or Clinically Undetermined,20220415,eCQM Update 2025-05-08,Extensional,,,PresentOnAdmission,2021,2.16.840.1.113883.6.301.11,Hospital Inpatient,Hospital Harm - Acute Kidney Injury,CMS832v3,3713e,3,23ea3b65-bc71-42a6-870e-7a959be80c3f,Acute,No
Device,2.16.840.1.113762.1.4.1170.57,Non Invasive Oxygen Therapy Device Codes,20250207,eCQM Update 2025-05-08,Extensional,,,SNOMEDCT,2024-09,2.16.840.1.113883.6.96,Hospital Inpatient,Core Clinical Data Elements for the Hybrid Hospital-Wide All-Condition All-Procedure Risk-Standardized Mortality Measure - HWM,CMS844v6,3502,6,8c58ba2e-398b-494c-be49-7cbc64ee4c9a,Acute,No
Encounter,2.16.840.1.113883.3.117.1.7.1.292,Emergency Department Visit,20210611,eCQM Update 2025-05-08,Extensional,,,SNOMEDCT,2024-09,2.16.840.1.113883.6.96,Hospital Inpatient,Core Clinical Data Elements for the Hybrid Hospital-Wide All-Condition All-Procedure Risk-Standardized Mortality Measure - HWM,CMS844v6,3502,6,8c58ba2e-398b-494c-be49-7cbc64ee4c9a,Acute,No
Encounter,2.16.840.1.113883.3.666.5.307,Encounter Inpatient,20200307,eCQM Update 2025-05-08,Extensional,,,SNOMEDCT,2024-09,2.16.840.1.113883.6.96,Hospital Inpatient,Core Clinical Data Elements for the Hybrid Hospital-Wide All-Condition All-Procedure Risk-Standardized Mortality Measure - HWM,CMS844v6,3502,6,8c58ba2e-398b-494c-be49-7cbc64ee4c9a,Acute,No
Encounter,2.16.840.1.113762.1.4.1111.143,Observation Services,20210611,eCQM Update 2025-05-08,Extensional,,,SNOMEDCT,2024-09,2.16.840.1.113883.6.96,Hospital Inpatient,Core Clinical Data Elements for the Hybrid Hospital-Wide All-Condition All-Procedure Risk-Standardized Mortality Measure - HWM,CMS844v6,3502,6,8c58ba2e-398b-494c-be49-7cbc64ee4c9a,Acute,No
Encounter,2.16.840.1.113762.1.4.1110.38,Outpatient Surgery Service,20190426,eCQM Update 2025-05-08,Extensional,,,SNOMEDCT,2024-09,2.16.840.1.113883.6.96,Hospital Inpatient,Core Clinical Data Elements for the Hybrid Hospital-Wide All-Condition All-Procedure Risk-Standardized Mortality Measure - HWM,CMS844v6,3502,6,8c58ba2e-398b-494c-be49-7cbc64ee4c9a,Acute,No
Individual Characteristic,2.16.840.1.114222.4.11.837,Ethnicity,20121025,eCQM Update 2025-05-08,Extensional,,,CDCREC,1.2,2.16.840.1.113883.6.238,Hospital Inpatient,Core Clinical Data Elements for the Hybrid Hospital-Wide All-Condition All-Procedure Risk-Standardized Mortality Measure - HWM,CMS844v6,3502,6,8c58ba2e-398b-494c-be49-7cbc64ee4c9a,Acute,Yes
Individual Characteristic,2.16.840.1.113762.1.4.1021.121,Federal Administrative Sex,20250228,eCQM Update 2025-05-08,Extensional,,,SNOMEDCT,2024-09,2.16.840.1.113883.6.96,Hospital Inpatient,Core Clinical Data Elements for the Hybrid Hospital-Wide All-Condition All-Procedure Risk-Standardized Mortality Measure - HWM,CMS844v6,3502,6,8c58ba2e-398b-494c-be49-7cbc64ee4c9a,Acute,Yes
Individual Characteristic,2.16.840.1.113762.1.4.1104.12,Medicare Advantage Payer,20230214,eCQM Update 2025-05-08,Extensional,,,SOP,9.2,2.16.840.1.113883.3.221.5,Hospital Inpatient,Core Clinical Data Elements for the Hybrid Hospital-Wide All-Condition All-Procedure Risk-Standardized Mortality Measure - HWM,CMS844v6,3502,6,8c58ba2e-398b-494c-be49-7cbc64ee4c9a,Acute,No
Individual Characteristic,2.16.840.1.113762.1.4.1104.10,Medicare FFS Payer,20230214,eCQM Update 2025-05-08,Extensional,,,SOP,9.2,2.16.840.1.113883.3.221.5,Hospital Inpatient,Core Clinical Data Elements for the Hybrid Hospital-Wide All-Condition All-Procedure Risk-Standardized Mortality Measure - HWM,CMS844v6,3502,6,8c58ba2e-398b-494c-be49-7cbc64ee4c9a,Acute,No
Individual Characteristic,2.16.840.1.114222.4.11.3591,Payer Type,20221118,eCQM Update 2025-05-08,Intensional,,,SOP,9.2,2.16.840.1.113883.3.221.5,Hospital Inpatient,Core Clinical Data Elements for the Hybrid Hospital-Wide All-Condition All-Procedure Risk-Standardized Mortality Measure - HWM,CMS844v6,3502,6,8c58ba2e-398b-494c-be49-7cbc64ee4c9a,Acute,Yes
Individual Characteristic,2.16.840.1.114222.4.11.836,Race,20121025,eCQM Update 2025-05-08,Extensional,,,CDCREC,1.2,2.16.840.1.113883.6.238,Hospital Inpatient,Core Clinical Data Elements for the Hybrid Hospital-Wide All-Condition All-Procedure Risk-Standardized Mortality Measure - HWM,CMS844v6,3502,6,8c58ba2e-398b-494c-be49-7cbc64ee4c9a,Acute,Yes
Intervention,2.16.840.1.113762.1.4.1248.209,Non Invasive Oxygen Therapy by Nasal Cannula or Mask,20240112,eCQM Update 2025-05-08,Extensional,,,SNOMEDCT,2024-09,2.16.840.1.113883.6.96,Hospital Inpatient,Core Clinical Data Elements for the Hybrid Hospital-Wide All-Condition All-Procedure Risk-Standardized Mortality Measure - HWM,CMS844v6,3502,6,8c58ba2e-398b-494c-be49-7cbc64ee4c9a,Acute,No
Laboratory Test,2.16.840.1.113762.1.4.1045.139,Bicarbonate Lab Test,20230214,eCQM Update 2025-05-08,Extensional,,,LOINC,2.78,2.16.840.1.113883.6.1,Hospital Inpatient,Core Clinical Data Elements for the Hybrid Hospital-Wide All-Condition All-Procedure Risk-Standardized Mortality Measure - HWM,CMS844v6,3502,6,8c58ba2e-398b-494c-be49-7cbc64ee4c9a,Acute,No
Laboratory Test,2.16.840.1.113883.3.666.5.2363,Creatinine Lab Test,20250207,eCQM Update 2025-05-08,Extensional,,,LOINC,2.78,2.16.840.1.113883.6.1,Hospital Inpatient,Core Clinical Data Elements for the Hybrid Hospital-Wide All-Condition All-Procedure Risk-Standardized Mortality Measure - HWM,CMS844v6,3502,6,8c58ba2e-398b-494c-be49-7cbc64ee4c9a,Acute,No
Laboratory Test,2.16.840.1.113762.1.4.1045.114,Hematocrit Lab Test,20250207,eCQM Update 2025-05-08,Extensional,,,LOINC,2.78,2.16.840.1.113883.6.1,Hospital Inpatient,Core Clinical Data Elements for the Hybrid Hospital-Wide All-Condition All-Procedure Risk-Standardized Mortality Measure - HWM,CMS844v6,3502,6,8c58ba2e-398b-494c-be49-7cbc64ee4c9a,Acute,No
Laboratory Test,2.16.840.1.113762.1.4.1045.127,Platelet Count Lab Test,20230214,eCQM Update 2025-05-08,Extensional,,,LOINC,2.78,2.16.840.1.113883.6.1,Hospital Inpatient,Core Clinical Data Elements for the Hybrid Hospital-Wide All-Condition All-Procedure Risk-Standardized Mortality Measure - HWM,CMS844v6,3502,6,8c58ba2e-398b-494c-be49-7cbc64ee4c9a,Acute,No
Laboratory Test,2.16.840.1.113762.1.4.1045.119,Sodium Lab Test,20220218,eCQM Update 2025-05-08,Extensional,,,LOINC,2.78,2.16.840.1.113883.6.1,Hospital Inpatient,Core Clinical Data Elements for the Hybrid Hospital-Wide All-Condition All-Procedure Risk-Standardized Mortality Measure - HWM,CMS844v6,3502,6,8c58ba2e-398b-494c-be49-7cbc64ee4c9a,Acute,No
Laboratory Test,2.16.840.1.113762.1.4.1045.129,White Blood Cells Count Lab Test,20230214,eCQM Update 2025-05-08,Extensional,,,LOINC,2.78,2.16.840.1.113883.6.1,Hospital Inpatient,Core Clinical Data Elements for the Hybrid Hospital-Wide All-Condition All-Procedure Risk-Standardized Mortality Measure - HWM,CMS844v6,3502,6,8c58ba2e-398b-494c-be49-7cbc64ee4c9a,Acute,No
Physical Exam,2.16.840.1.113762.1.4.1045.152,Body Temperature,20250220,eCQM Update 2025-05-08,Extensional,,,LOINC,2.78,2.16.840.1.113883.6.1,Hospital Inpatient,Core Clinical Data Elements for the Hybrid Hospital-Wide All-Condition All-Procedure Risk-Standardized Mortality Measure - HWM,CMS844v6,3502,6,8c58ba2e-398b-494c-be49-7cbc64ee4c9a,Acute,No
Physical Exam,2.16.840.1.113883.3.526.2.1341,Heart Rate,20240202,eCQM Update 2025-05-08,Extensional,,,LOINC,2.78,2.16.840.1.113883.6.1,Hospital Inpatient,Core Clinical Data Elements for the Hybrid Hospital-Wide All-Condition All-Procedure Risk-Standardized Mortality Measure - HWM,CMS844v6,3502,6,8c58ba2e-398b-494c-be49-7cbc64ee4c9a,Acute,No
Physical Exam,2.16.840.1.113762.1.4.1045.151,Oxygen Saturation by Pulse Oximetry,20230214,eCQM Update 2025-05-08,Extensional,,,LOINC,2.78,2.16.840.1.113883.6.1,Hospital Inpatient,Core Clinical Data Elements for the Hybrid Hospital-Wide All-Condition All-Procedure Risk-Standardized Mortality Measure - HWM,CMS844v6,3502,6,8c58ba2e-398b-494c-be49-7cbc64ee4c9a,Acute,No
Physical Exam,2.16.840.1.113762.1.4.1045.163,Systolic Blood Pressure,20230214,eCQM Update 2025-05-08,Extensional,,,LOINC,2.78,2.16.840.1.113883.6.1,Hospital Inpatient,Core Clinical Data Elements for the Hybrid Hospital-Wide All-Condition All-Procedure Risk-Standardized Mortality Measure - HWM,CMS844v6,3502,6,8c58ba2e-398b-494c-be49-7cbc64ee4c9a,Acute,No
Condition/Diagnosis/Problem,2.16.840.1.113883.3.464.1003.103.12.1001,Diabetes,20250115,eCQM Update 2025-05-08,Grouping,2.16.840.1.113883.3.464.1003.1273,Diabetes,SNOMEDCT,2024-09,2.16.840.1.113883.6.96,Hospital Inpatient,Hospital Harm - Severe Hyperglycemia,CMS871v5,3533e,5,ef95493c-3f65-4440-9ccb-eaf1b9ed1210,Acute,No
Condition/Diagnosis/Problem,2.16.840.1.113883.3.464.1003.103.12.1001,Diabetes,20250115,eCQM Update 2025-05-08,Grouping,2.16.840.1.113883.3.464.1003.1272,Diabetes,ICD10CM,2025,2.16.840.1.113883.6.90,Hospital Inpatient,Hospital Harm - Severe Hyperglycemia,CMS871v5,3533e,5,ef95493c-3f65-4440-9ccb-eaf1b9ed1210,Acute,No
Encounter,2.16.840.1.113883.3.117.1.7.1.292,Emergency Department Visit,20210611,eCQM Update 2025-05-08,Extensional,,,SNOMEDCT,2024-09,2.16.840.1.113883.6.96,Hospital Inpatient,Hospital Harm - Severe Hyperglycemia,CMS871v5,3533e,5,ef95493c-3f65-4440-9ccb-eaf1b9ed1210,Acute,No
Encounter,2.16.840.1.113883.3.666.5.307,Encounter Inpatient,20200307,eCQM Update 2025-05-08,Extensional,,,SNOMEDCT,2024-09,2.16.840.1.113883.6.96,Hospital Inpatient,Hospital Harm - Severe Hyperglycemia,CMS871v5,3533e,5,ef95493c-3f65-4440-9ccb-eaf1b9ed1210,Acute,No
Encounter,2.16.840.1.113762.1.4.1111.143,Observation Services,20210611,eCQM Update 2025-05-08,Extensional,,,SNOMEDCT,2024-09,2.16.840.1.113883.6.96,Hospital Inpatient,Hospital Harm - Severe Hyperglycemia,CMS871v5,3533e,5,ef95493c-3f65-4440-9ccb-eaf1b9ed1210,Acute,No
Individual Characteristic,2.16.840.1.114222.4.11.837,Ethnicity,20121025,eCQM Update 2025-05-08,Extensional,,,CDCREC,1.2,2.16.840.1.113883.6.238,Hospital Inpatient,Hospital Harm - Severe Hyperglycemia,CMS871v5,3533e,5,ef95493c-3f65-4440-9ccb-eaf1b9ed1210,Acute,Yes
Individual Characteristic,2.16.840.1.113762.1.4.1021.121,Federal Administrative Sex,20250228,eCQM Update 2025-05-08,Extensional,,,SNOMEDCT,2024-09,2.16.840.1.113883.6.96,Hospital Inpatient,Hospital Harm - Severe Hyperglycemia,CMS871v5,3533e,5,ef95493c-3f65-4440-9ccb-eaf1b9ed1210,Acute,Yes
Individual Characteristic,2.16.840.1.114222.4.11.3591,Payer Type,20221118,eCQM Update 2025-05-08,Intensional,,,SOP,9.2,2.16.840.1.113883.3.221.5,Hospital Inpatient,Hospital Harm - Severe Hyperglycemia,CMS871v5,3533e,5,ef95493c-3f65-4440-9ccb-eaf1b9ed1210,Acute,Yes
Individual Characteristic,2.16.840.1.114222.4.11.836,Race,20121025,eCQM Update 2025-05-08,Extensional,,,CDCREC,1.2,2.16.840.1.113883.6.238,Hospital Inpatient,Hospital Harm - Severe Hyperglycemia,CMS871v5,3533e,5,ef95493c-3f65-4440-9ccb-eaf1b9ed1210,Acute,Yes
Intervention,1.3.6.1.4.1.33895.1.3.0.45,Comfort Measures,20210220,eCQM Update 2025-05-08,Extensional,,,SNOMEDCT,2024-09,2.16.840.1.113883.6.96,Hospital Inpatient,Hospital Harm - Severe Hyperglycemia,CMS871v5,3533e,5,ef95493c-3f65-4440-9ccb-eaf1b9ed1210,Acute,No
Laboratory Test,2.16.840.1.113762.1.4.1248.34,Glucose Lab Test Mass Per Volume,20230203,eCQM Update 2025-05-08,Extensional,,,LOINC,2.78,2.16.840.1.113883.6.1,Hospital Inpatient,Hospital Harm - Severe Hyperglycemia,CMS871v5,3533e,5,ef95493c-3f65-4440-9ccb-eaf1b9ed1210,Acute,No
Medication,2.16.840.1.113762.1.4.1196.394,Hypoglycemics Treatment Medications,20250227,eCQM Update 2025-05-08,Extensional,,,RXNORM,2025-01,2.16.840.1.113883.6.88,Hospital Inpatient,Hospital Harm - Severe Hyperglycemia,CMS871v5,3533e,5,ef95493c-3f65-4440-9ccb-eaf1b9ed1210,Acute,No
,2.16.840.1.113883.3.117.1.7.1.207,Discharged to Health Care Facility for Hospice Care,20210611,eCQM Update 2025-05-08,Extensional,,,SNOMEDCT,2024-09,2.16.840.1.113883.6.96,Hospital Inpatient,Hospital Harm - Severe Hyperglycemia,CMS871v5,3533e,5,ef95493c-3f65-4440-9ccb-eaf1b9ed1210,Acute,No
,2.16.840.1.113883.3.117.1.7.1.209,Discharged to Home for Hospice Care,20210220,eCQM Update 2025-05-08,Extensional,,,SNOMEDCT,2024-09,2.16.840.1.113883.6.96,Hospital Inpatient,Hospital Harm - Severe Hyperglycemia,CMS871v5,3533e,5,ef95493c-3f65-4440-9ccb-eaf1b9ed1210,Acute,No
Assessment,2.16.840.1.113762.1.4.1095.92,Malnutrition Risk Screening,20240117,eCQM Update 2025-05-08,Extensional,,,LOINC,2.78,2.16.840.1.113883.6.1,Hospital Inpatient,Malnutrition Care Score,CMS986v5,3592e,5,bff5e631-bcd1-4e4b-af54-9d93cd19c835,Acute,No
Assessment,2.16.840.1.113762.1.4.1095.21,Nutrition Assessment,20240117,eCQM Update 2025-05-08,Extensional,,,LOINC,2.78,2.16.840.1.113883.6.1,Hospital Inpatient,Malnutrition Care Score,CMS986v5,3592e,5,bff5e631-bcd1-4e4b-af54-9d93cd19c835,Acute,No
Condition/Diagnosis/Problem,2.16.840.1.113762.1.4.1095.55,Malnutrition Diagnosis,20180616,eCQM Update 2025-05-08,Grouping,2.16.840.1.113762.1.4.1095.54,Malnutrition Diagnosis,ICD10CM,2025,2.16.840.1.113883.6.90,Hospital Inpatient,Malnutrition Care Score,CMS986v5,3592e,5,bff5e631-bcd1-4e4b-af54-9d93cd19c835,Acute,No
Condition/Diagnosis/Problem,2.16.840.1.113762.1.4.1095.55,Malnutrition Diagnosis,20180616,eCQM Update 2025-05-08,Grouping,2.16.840.1.113762.1.4.1095.53,Malnutrition Diagnosis,SNOMEDCT,2024-09,2.16.840.1.113883.6.96,Hospital Inpatient,Malnutrition Care Score,CMS986v5,3592e,5,bff5e631-bcd1-4e4b-af54-9d93cd19c835,Acute,No
Encounter,2.16.840.1.113883.3.117.1.7.1.292,Emergency Department Visit,20210611,eCQM Update 2025-05-08,Extensional,,,SNOMEDCT,2024-09,2.16.840.1.113883.6.96,Hospital Inpatient,Malnutrition Care Score,CMS986v5,3592e,5,bff5e631-bcd1-4e4b-af54-9d93cd19c835,Acute,No
Encounter,2.16.840.1.113883.3.666.5.307,Encounter Inpatient,20200307,eCQM Update 2025-05-08,Extensional,,,SNOMEDCT,2024-09,2.16.840.1.113883.6.96,Hospital Inpatient,Malnutrition Care Score,CMS986v5,3592e,5,bff5e631-bcd1-4e4b-af54-9d93cd19c835,Acute,No
Encounter,2.16.840.1.113762.1.4.1111.143,Observation Services,20210611,eCQM Update 2025-05-08,Extensional,,,SNOMEDCT,2024-09,2.16.840.1.113883.6.96,Hospital Inpatient,Malnutrition Care Score,CMS986v5,3592e,5,bff5e631-bcd1-4e4b-af54-9d93cd19c835,Acute,No
Individual Characteristic,2.16.840.1.114222.4.11.837,Ethnicity,20121025,eCQM Update 2025-05-08,Extensional,,,CDCREC,1.2,2.16.840.1.113883.6.238,Hospital Inpatient,Malnutrition Care Score,CMS986v5,3592e,5,bff5e631-bcd1-4e4b-af54-9d93cd19c835,Acute,Yes
Individual Characteristic,2.16.840.1.113762.1.4.1021.121,Federal Administrative Sex,20250228,eCQM Update 2025-05-08,Extensional,,,SNOMEDCT,2024-09,2.16.840.1.113883.6.96,Hospital Inpatient,Malnutrition Care Score,CMS986v5,3592e,5,bff5e631-bcd1-4e4b-af54-9d93cd19c835,Acute,Yes
Individual Characteristic,2.16.840.1.114222.4.11.3591,Payer Type,20221118,eCQM Update 2025-05-08,Intensional,,,SOP,9.2,2.16.840.1.113883.3.221.5,Hospital Inpatient,Malnutrition Care Score,CMS986v5,3592e,5,bff5e631-bcd1-4e4b-af54-9d93cd19c835,Acute,Yes
Individual Characteristic,2.16.840.1.114222.4.11.836,Race,20121025,eCQM Update 2025-05-08,Extensional,,,CDCREC,1.2,2.16.840.1.113883.6.238,Hospital Inpatient,Malnutrition Care Score,CMS986v5,3592e,5,bff5e631-bcd1-4e4b-af54-9d93cd19c835,Acute,Yes
Intervention,2.16.840.1.113762.1.4.1095.91,Dietitian Referral,20241211,eCQM Update 2025-05-08,Extensional,,,SNOMEDCT,2024-09,2.16.840.1.113883.6.96,Hospital Inpatient,Malnutrition Care Score,CMS986v5,3592e,5,bff5e631-bcd1-4e4b-af54-9d93cd19c835,Acute,No
Intervention,2.16.840.1.113762.1.4.1095.101,Hospice Status,20241004,eCQM Update 2025-05-08,Extensional,,,SNOMEDCT,2024-09,2.16.840.1.113883.6.96,Hospital Inpatient,Malnutrition Care Score,CMS986v5,3592e,5,bff5e631-bcd1-4e4b-af54-9d93cd19c835,Acute,No
Intervention,2.16.840.1.113762.1.4.1095.93,Nutrition Care Plan,20240117,eCQM Update 2025-05-08,Extensional,,,SNOMEDCT,2024-09,2.16.840.1.113883.6.96,Hospital Inpatient,Malnutrition Care Score,CMS986v5,3592e,5,bff5e631-bcd1-4e4b-af54-9d93cd19c835,Acute,No
,2.16.840.1.113762.1.4.1116.365,Hospice Care Referral or Admission,20191010,eCQM Update 2025-05-08,Extensional,,,SNOMEDCT,2024-09,2.16.840.1.113883.6.96,Hospital Inpatient,Malnutrition Care Score,CMS986v5,3592e,5,bff5e631-bcd1-4e4b-af54-9d93cd19c835,Acute,No
,2.16.840.1.113762.1.4.1095.89,Malnutrition Screening Finding of At Risk Result,20240117,eCQM Update 2025-05-08,Grouping,2.16.840.1.113762.1.4.1095.38,Malnutrition Screening Finding of At Risk Result,SNOMEDCT,2024-09,2.16.840.1.113883.6.96,Hospital Inpatient,Malnutrition Care Score,CMS986v5,3592e,5,bff5e631-bcd1-4e4b-af54-9d93cd19c835,Acute,No
,2.16.840.1.113762.1.4.1095.89,Malnutrition Screening Finding of At Risk Result,20240117,eCQM Update 2025-05-08,Grouping,2.16.840.1.113762.1.4.1095.94,Malnutrition Screening Finding of At Risk Result,LOINC,2.78,2.16.840.1.113883.6.1,Hospital Inpatient,Malnutrition Care Score,CMS986v5,3592e,5,bff5e631-bcd1-4e4b-af54-9d93cd19c835,Acute,No
,2.16.840.1.113762.1.4.1095.34,Malnutrition Screening Finding of Not At Risk Result,20240117,eCQM Update 2025-05-08,Extensional,,,LOINC,2.78,2.16.840.1.113883.6.1,Hospital Inpatient,Malnutrition Care Score,CMS986v5,3592e,5,bff5e631-bcd1-4e4b-af54-9d93cd19c835,Acute,No
,2.16.840.1.113762.1.4.1095.47,Nutrition Assessment Status Finding of Moderately Malnourished,20240117,eCQM Update 2025-05-08,Grouping,2.16.840.1.113762.1.4.1095.98,Nutrition Assessment Status Finding of Moderately Malnourished,LOINC,2.78,2.16.840.1.113883.6.1,Hospital Inpatient,Malnutrition Care Score,CMS986v5,3592e,5,bff5e631-bcd1-4e4b-af54-9d93cd19c835,Acute,No
,2.16.840.1.113762.1.4.1095.47,Nutrition Assessment Status Finding of Moderately Malnourished,20240117,eCQM Update 2025-05-08,Grouping,2.16.840.1.113762.1.4.1095.44,Nutrition Assessment Status Finding of Moderately Malnourished,SNOMEDCT,2024-09,2.16.840.1.113883.6.96,Hospital Inpatient,Malnutrition Care Score,CMS986v5,3592e,5,bff5e631-bcd1-4e4b-af54-9d93cd19c835,Acute,No
,2.16.840.1.113762.1.4.1095.43,Nutrition Assessment Status Finding of Severely Malnourished,20240117,eCQM Update 2025-05-08,Grouping,2.16.840.1.113762.1.4.1095.97,Nutrition Assessment Status Finding of Severely Malnourished,LOINC,2.78,2.16.840.1.113883.6.1,Hospital Inpatient,Malnutrition Care Score,CMS986v5,3592e,5,bff5e631-bcd1-4e4b-af54-9d93cd19c835,Acute,No
,2.16.840.1.113762.1.4.1095.43,Nutrition Assessment Status Finding of Severely Malnourished,20240117,eCQM Update 2025-05-08,Grouping,2.16.840.1.113762.1.4.1095.42,Nutrition Assessment Status Finding of Severely Malnourished,SNOMEDCT,2024-09,2.16.840.1.113883.6.96,Hospital Inpatient,Malnutrition Care Score,CMS986v5,3592e,5,bff5e631-bcd1-4e4b-af54-9d93cd19c835,Acute,No
,2.16.840.1.113762.1.4.1095.96,Nutrition Assessment Status Finding of Well Nourished or Not Malnourished or Mildly Malnourished,20240117,eCQM Update 2025-05-08,Grouping,2.16.840.1.113762.1.4.1095.95,Nutrition Assessment Status Finding of Well Nourished or Not Malnourished or Mildly Malnourished,LOINC,2.78,2.16.840.1.113883.6.1,Hospital Inpatient,Malnutrition Care Score,CMS986v5,3592e,5,bff5e631-bcd1-4e4b-af54-9d93cd19c835,Acute,No
,2.16.840.1.113762.1.4.1095.96,Nutrition Assessment Status Finding of Well Nourished or Not Malnourished or Mildly Malnourished,20240117,eCQM Update 2025-05-08,Grouping,2.16.840.1.113762.1.4.1095.48,Nutrition Assessment Status Finding of Well Nourished or Not Malnourished or Mildly Malnourished,SNOMEDCT,2024-09,2.16.840.1.113883.6.96,Hospital Inpatient,Malnutrition Care Score,CMS986v5,3592e,5,bff5e631-bcd1-4e4b-af54-9d93cd19c835,Acute,No
Encounter,2.16.840.1.113883.3.666.5.307,Encounter Inpatient,20200307,eCQM Update 2025-05-08,Extensional,,,SNOMEDCT,2024-09,2.16.840.1.113883.6.96,Hospital Outpatient,Excessive Radiation Dose or Inadequate Image Quality for Diagnostic Computed Tomography (CT) in Adults (Facility OQR),CMS1206v3,3663e,3,4270512c-5b41-4f79-bedf-09e1521ee3bc,Ambulatory,No
Individual Characteristic,2.16.840.1.114222.4.11.837,Ethnicity,20121025,eCQM Update 2025-05-08,Extensional,,,CDCREC,1.2,2.16.840.1.113883.6.238,Hospital Outpatient,Excessive Radiation Dose or Inadequate Image Quality for Diagnostic Computed Tomography (CT) in Adults (Facility OQR),CMS1206v3,3663e,3,4270512c-5b41-4f79-bedf-09e1521ee3bc,Ambulatory,Yes
Individual Characteristic,2.16.840.1.113762.1.4.1021.121,Federal Administrative Sex,20250228,eCQM Update 2025-05-08,Extensional,,,SNOMEDCT,2024-09,2.16.840.1.113883.6.96,Hospital Outpatient,Excessive Radiation Dose or Inadequate Image Quality for Diagnostic Computed Tomography (CT) in Adults (Facility OQR),CMS1206v3,3663e,3,4270512c-5b41-4f79-bedf-09e1521ee3bc,Ambulatory,Yes
Individual Characteristic,2.16.840.1.114222.4.11.3591,Payer Type,20221118,eCQM Update 2025-05-08,Intensional,,,SOP,9.2,2.16.840.1.113883.3.221.5,Hospital Outpatient,Excessive Radiation Dose or Inadequate Image Quality for Diagnostic Computed Tomography (CT) in Adults (Facility OQR),CMS1206v3,3663e,3,4270512c-5b41-4f79-bedf-09e1521ee3bc,Ambulatory,Yes
Individual Characteristic,2.16.840.1.114222.4.11.836,Race,20121025,eCQM Update 2025-05-08,Extensional,,,CDCREC,1.2,2.16.840.1.113883.6.238,Hospital Outpatient,Excessive Radiation Dose or Inadequate Image Quality for Diagnostic Computed Tomography (CT) in Adults (Facility OQR),CMS1206v3,3663e,3,4270512c-5b41-4f79-bedf-09e1521ee3bc,Ambulatory,Yes
Assessment,2.16.840.1.113762.1.4.1111.163,Emergency Department Evaluation,20200305,eCQM Update 2025-05-08,Extensional,,,LOINC,2.78,2.16.840.1.113883.6.1,Hospital Outpatient,Emergency Care Access & Timeliness (HOQR),CMS1244v1,Not Applicable,1,30fef876-91cd-4d92-8948-0cb5c3f7ee7c,Ambulatory,No
Encounter,2.16.840.1.113883.3.117.1.7.1.294,Decision to Admit to Hospital Inpatient,20210220,eCQM Update 2025-05-08,Extensional,,,SNOMEDCT,2024-09,2.16.840.1.113883.6.96,Hospital Outpatient,Emergency Care Access & Timeliness (HOQR),CMS1244v1,Not Applicable,1,30fef876-91cd-4d92-8948-0cb5c3f7ee7c,Ambulatory,No
Encounter,2.16.840.1.113883.3.464.1003.101.12.1010,Emergency Department Evaluation and Management Visit,20210928,eCQM Update 2025-05-08,Grouping,2.16.840.1.113883.3.464.1003.101.11.1050,Emergency Department Evaluation and Management Visit,CPT,2025,2.16.840.1.113883.6.12,Hospital Outpatient,Emergency Care Access & Timeliness (HOQR),CMS1244v1,Not Applicable,1,30fef876-91cd-4d92-8948-0cb5c3f7ee7c,Ambulatory,No
Encounter,2.16.840.1.113883.3.464.1003.101.12.1010,Emergency Department Evaluation and Management Visit,20210928,eCQM Update 2025-05-08,Grouping,2.16.840.1.113883.3.117.1.7.1.292,Emergency Department Visit,SNOMEDCT,2024-09,2.16.840.1.113883.6.96,Hospital Outpatient,Emergency Care Access & Timeliness (HOQR),CMS1244v1,Not Applicable,1,30fef876-91cd-4d92-8948-0cb5c3f7ee7c,Ambulatory,No
Encounter,2.16.840.1.113883.3.666.5.307,Encounter Inpatient,20200307,eCQM Update 2025-05-08,Extensional,,,SNOMEDCT,2024-09,2.16.840.1.113883.6.96,Hospital Outpatient,Emergency Care Access & Timeliness (HOQR),CMS1244v1,Not Applicable,1,30fef876-91cd-4d92-8948-0cb5c3f7ee7c,Ambulatory,No
Encounter,2.16.840.1.113762.1.4.1111.143,Observation Services,20210611,eCQM Update 2025-05-08,Extensional,,,SNOMEDCT,2024-09,2.16.840.1.113883.6.96,Hospital Outpatient,Emergency Care Access & Timeliness (HOQR),CMS1244v1,Not Applicable,1,30fef876-91cd-4d92-8948-0cb5c3f7ee7c,Ambulatory,No
Encounter,2.16.840.1.113762.1.4.1046.279,Triage,20250212,eCQM Update 2025-05-08,Extensional,,,SNOMEDCT,2024-09,2.16.840.1.113883.6.96,Hospital Outpatient,Emergency Care Access & Timeliness (HOQR),CMS1244v1,Not Applicable,1,30fef876-91cd-4d92-8948-0cb5c3f7ee7c,Ambulatory,No
Individual Characteristic,2.16.840.1.114222.4.11.837,Ethnicity,20121025,eCQM Update 2025-05-08,Extensional,,,CDCREC,1.2,2.16.840.1.113883.6.238,Hospital Outpatient,Emergency Care Access & Timeliness (HOQR),CMS1244v1,Not Applicable,1,30fef876-91cd-4d92-8948-0cb5c3f7ee7c,Ambulatory,Yes
Individual Characteristic,2.16.840.1.113762.1.4.1021.121,Federal Administrative Sex,20250228,eCQM Update 2025-05-08,Extensional,,,SNOMEDCT,2024-09,2.16.840.1.113883.6.96,Hospital Outpatient,Emergency Care Access & Timeliness (HOQR),CMS1244v1,Not Applicable,1,30fef876-91cd-4d92-8948-0cb5c3f7ee7c,Ambulatory,Yes
Individual Characteristic,2.16.840.1.114222.4.11.3591,Payer Type,20221118,eCQM Update 2025-05-08,Intensional,,,SOP,9.2,2.16.840.1.113883.3.221.5,Hospital Outpatient,Emergency Care Access & Timeliness (HOQR),CMS1244v1,Not Applicable,1,30fef876-91cd-4d92-8948-0cb5c3f7ee7c,Ambulatory,Yes
Individual Characteristic,2.16.840.1.114222.4.11.836,Race,20121025,eCQM Update 2025-05-08,Extensional,,,CDCREC,1.2,2.16.840.1.113883.6.238,Hospital Outpatient,Emergency Care Access & Timeliness (HOQR),CMS1244v1,Not Applicable,1,30fef876-91cd-4d92-8948-0cb5c3f7ee7c,Ambulatory,Yes
,2.16.840.1.113762.1.4.1111.164,Admit Inpatient,20210220,eCQM Update 2025-05-08,Extensional,,,SNOMEDCT,2024-09,2.16.840.1.113883.6.96,Hospital Outpatient,Emergency Care Access & Timeliness (HOQR),CMS1244v1,Not Applicable,1,30fef876-91cd-4d92-8948-0cb5c3f7ee7c,Ambulatory,No
,2.16.840.1.113762.1.4.1046.284,Emergency Department Location,20240418,eCQM Update 2025-05-08,Grouping,2.16.840.1.113762.1.4.1046.283,Emergency Department Location,SNOMEDCT,2024-09,2.16.840.1.113883.6.96,Hospital Outpatient,Emergency Care Access & Timeliness (HOQR),CMS1244v1,Not Applicable,1,30fef876-91cd-4d92-8948-0cb5c3f7ee7c,Ambulatory,No
,2.16.840.1.113762.1.4.1046.284,Emergency Department Location,20240418,eCQM Update 2025-05-08,Grouping,2.16.840.1.113762.1.4.1046.277,Emergency Department Location,HSLOC,2022,2.16.840.1.113883.6.259,Hospital Outpatient,Emergency Care Access & Timeliness (HOQR),CMS1244v1,Not Applicable,1,30fef876-91cd-4d92-8948-0cb5c3f7ee7c,Ambulatory,No
,2.16.840.1.113762.1.4.1046.278,Emergency Department Treatment Location,20250212,eCQM Update 2025-05-08,Extensional,,,HSLOC,2022,2.16.840.1.113883.6.259,Hospital Outpatient,Emergency Care Access & Timeliness (HOQR),CMS1244v1,Not Applicable,1,30fef876-91cd-4d92-8948-0cb5c3f7ee7c,Ambulatory,No
,2.16.840.1.113762.1.4.1046.285,Mental Health Diagnosis without Substance Use Disorders,20240418,eCQM Update 2025-05-08,Grouping,2.16.840.1.113762.1.4.1170.27,Mental Health Diagnosis without Substance Use Disorders,SNOMEDCT,2024-09,2.16.840.1.113883.6.96,Hospital Outpatient,Emergency Care Access & Timeliness (HOQR),CMS1244v1,Not Applicable,1,30fef876-91cd-4d92-8948-0cb5c3f7ee7c,Ambulatory,No
,2.16.840.1.113762.1.4.1046.285,Mental Health Diagnosis without Substance Use Disorders,20240418,eCQM Update 2025-05-08,Grouping,2.16.840.1.113762.1.4.1170.28,Mental Health Diagnosis without Substance Use Disorders,ICD10CM,2025,2.16.840.1.113883.6.90,Hospital Outpatient,Emergency Care Access & Timeliness (HOQR),CMS1244v1,Not Applicable,1,30fef876-91cd-4d92-8948-0cb5c3f7ee7c,Ambulatory,No
Encounter,2.16.840.1.113762.1.4.1046.286,Decision to Transfer,20240726,eCQM Update 2025-05-08,Extensional,,,SNOMEDCT,2024-09,2.16.840.1.113883.6.96,Hospital Outpatient,Emergency Care Access & Timeliness (REHQR),CMS1264v1,Not Applicable,1,50cb43d5-d3d0-438e-ab4b-42db2744128b,Ambulatory,No
Encounter,2.16.840.1.113883.3.464.1003.101.12.1010,Emergency Department Evaluation and Management Visit,20210928,eCQM Update 2025-05-08,Grouping,2.16.840.1.113883.3.117.1.7.1.292,Emergency Department Visit,SNOMEDCT,2024-09,2.16.840.1.113883.6.96,Hospital Outpatient,Emergency Care Access & Timeliness (REHQR),CMS1264v1,Not Applicable,1,50cb43d5-d3d0-438e-ab4b-42db2744128b,Ambulatory,No
Encounter,2.16.840.1.113883.3.464.1003.101.12.1010,Emergency Department Evaluation and Management Visit,20210928,eCQM Update 2025-05-08,Grouping,2.16.840.1.113883.3.464.1003.101.11.1050,Emergency Department Evaluation and Management Visit,CPT,2025,2.16.840.1.113883.6.12,Hospital Outpatient,Emergency Care Access & Timeliness (REHQR),CMS1264v1,Not Applicable,1,50cb43d5-d3d0-438e-ab4b-42db2744128b,Ambulatory,No
Encounter,2.16.840.1.113762.1.4.1111.143,Observation Services,20210611,eCQM Update 2025-05-08,Extensional,,,SNOMEDCT,2024-09,2.16.840.1.113883.6.96,Hospital Outpatient,Emergency Care Access & Timeliness (REHQR),CMS1264v1,Not Applicable,1,50cb43d5-d3d0-438e-ab4b-42db2744128b,Ambulatory,No
Encounter,2.16.840.1.113762.1.4.1046.279,Triage,20250212,eCQM Update 2025-05-08,Extensional,,,SNOMEDCT,2024-09,2.16.840.1.113883.6.96,Hospital Outpatient,Emergency Care Access & Timeliness (REHQR),CMS1264v1,Not Applicable,1,50cb43d5-d3d0-438e-ab4b-42db2744128b,Ambulatory,No
Individual Characteristic,2.16.840.1.114222.4.11.837,Ethnicity,20121025,eCQM Update 2025-05-08,Extensional,,,CDCREC,1.2,2.16.840.1.113883.6.238,Hospital Outpatient,Emergency Care Access & Timeliness (REHQR),CMS1264v1,Not Applicable,1,50cb43d5-d3d0-438e-ab4b-42db2744128b,Ambulatory,Yes
Individual Characteristic,2.16.840.1.113762.1.4.1021.121,Federal Administrative Sex,20250228,eCQM Update 2025-05-08,Extensional,,,SNOMEDCT,2024-09,2.16.840.1.113883.6.96,Hospital Outpatient,Emergency Care Access & Timeliness (REHQR),CMS1264v1,Not Applicable,1,50cb43d5-d3d0-438e-ab4b-42db2744128b,Ambulatory,Yes
Individual Characteristic,2.16.840.1.114222.4.11.3591,Payer Type,20221118,eCQM Update 2025-05-08,Intensional,,,SOP,9.2,2.16.840.1.113883.3.221.5,Hospital Outpatient,Emergency Care Access & Timeliness (REHQR),CMS1264v1,Not Applicable,1,50cb43d5-d3d0-438e-ab4b-42db2744128b,Ambulatory,Yes
Individual Characteristic,2.16.840.1.114222.4.11.836,Race,20121025,eCQM Update 2025-05-08,Extensional,,,CDCREC,1.2,2.16.840.1.113883.6.238,Hospital Outpatient,Emergency Care Access & Timeliness (REHQR),CMS1264v1,Not Applicable,1,50cb43d5-d3d0-438e-ab4b-42db2744128b,Ambulatory,Yes
,2.16.840.1.113762.1.4.1046.284,Emergency Department Location,20240418,eCQM Update 2025-05-08,Grouping,2.16.840.1.113762.1.4.1046.277,Emergency Department Location,HSLOC,2022,2.16.840.1.113883.6.259,Hospital Outpatient,Emergency Care Access & Timeliness (REHQR),CMS1264v1,Not Applicable,1,50cb43d5-d3d0-438e-ab4b-42db2744128b,Ambulatory,No
,2.16.840.1.113762.1.4.1046.284,Emergency Department Location,20240418,eCQM Update 2025-05-08,Grouping,2.16.840.1.113762.1.4.1046.283,Emergency Department Location,SNOMEDCT,2024-09,2.16.840.1.113883.6.96,Hospital Outpatient,Emergency Care Access & Timeliness (REHQR),CMS1264v1,Not Applicable,1,50cb43d5-d3d0-438e-ab4b-42db2744128b,Ambulatory,No
,2.16.840.1.113762.1.4.1046.278,Emergency Department Treatment Location,20250212,eCQM Update 2025-05-08,Extensional,,,HSLOC,2022,2.16.840.1.113883.6.259,Hospital Outpatient,Emergency Care Access & Timeliness (REHQR),CMS1264v1,Not Applicable,1,50cb43d5-d3d0-438e-ab4b-42db2744128b,Ambulatory,No
,2.16.840.1.113762.1.4.1046.285,Mental Health Diagnosis without Substance Use Disorders,20240418,eCQM Update 2025-05-08,Grouping,2.16.840.1.113762.1.4.1170.28,Mental Health Diagnosis without Substance Use Disorders,ICD10CM,2025,2.16.840.1.113883.6.90,Hospital Outpatient,Emergency Care Access & Timeliness (REHQR),CMS1264v1,Not Applicable,1,50cb43d5-d3d0-438e-ab4b-42db2744128b,Ambulatory,No
,2.16.840.1.113762.1.4.1046.285,Mental Health Diagnosis without Substance Use Disorders,20240418,eCQM Update 2025-05-08,Grouping,2.16.840.1.113762.1.4.1170.27,Mental Health Diagnosis without Substance Use Disorders,SNOMEDCT,2024-09,2.16.840.1.113883.6.96,Hospital Outpatient,Emergency Care Access & Timeliness (REHQR),CMS1264v1,Not Applicable,1,50cb43d5-d3d0-438e-ab4b-42db2744128b,Ambulatory,No
"Adverse Event, Allergy/Intolerance",2.16.840.1.113762.1.4.1170.4,Thrombolytic medications,20211007,eCQM Update 2025-05-08,Extensional,,,RXNORM,2025-01,2.16.840.1.113883.6.88,Hospital Outpatient,Appropriate Treatment for ST-Segment Elevation Myocardial Infarction (STEMI) Patients in the Emergency Department (ED),CMS996v6,3613e,6,fb8caab1-dc9e-4a95-b14f-4f5dee7c6587,Ambulatory,No
Condition/Diagnosis/Problem,2.16.840.1.113883.3.3157.4036,"Active Bleeding or Bleeding Diathesis, Excluding Menses",20190216,eCQM Update 2025-05-08,Grouping,2.16.840.1.113883.3.3157.4035,"Active Bleeding or Bleeding Diathesis, Excluding Menses",SNOMEDCT,2024-09,2.16.840.1.113883.6.96,Hospital Outpatient,Appropriate Treatment for ST-Segment Elevation Myocardial Infarction (STEMI) Patients in the Emergency Department (ED),CMS996v6,3613e,6,fb8caab1-dc9e-4a95-b14f-4f5dee7c6587,Ambulatory,No
Condition/Diagnosis/Problem,2.16.840.1.113883.3.3157.4036,"Active Bleeding or Bleeding Diathesis, Excluding Menses",20190216,eCQM Update 2025-05-08,Grouping,2.16.840.1.113883.3.3157.4034,"Active Bleeding or Bleeding Diathesis, Excluding Menses",ICD10CM,2025,2.16.840.1.113883.6.90,Hospital Outpatient,Appropriate Treatment for ST-Segment Elevation Myocardial Infarction (STEMI) Patients in the Emergency Department (ED),CMS996v6,3613e,6,fb8caab1-dc9e-4a95-b14f-4f5dee7c6587,Ambulatory,No
Condition/Diagnosis/Problem,2.16.840.1.113883.3.3157.4031,Acute Peptic Ulcer,20190216,eCQM Update 2025-05-08,Grouping,2.16.840.1.113883.3.3157.4030,Acute Peptic Ulcer,SNOMEDCT,2024-09,2.16.840.1.113883.6.96,Hospital Outpatient,Appropriate Treatment for ST-Segment Elevation Myocardial Infarction (STEMI) Patients in the Emergency Department (ED),CMS996v6,3613e,6,fb8caab1-dc9e-4a95-b14f-4f5dee7c6587,Ambulatory,No
Condition/Diagnosis/Problem,2.16.840.1.113883.3.3157.4031,Acute Peptic Ulcer,20190216,eCQM Update 2025-05-08,Grouping,2.16.840.1.113883.3.3157.4029,Acute Peptic Ulcer,ICD10CM,2025,2.16.840.1.113883.6.90,Hospital Outpatient,Appropriate Treatment for ST-Segment Elevation Myocardial Infarction (STEMI) Patients in the Emergency Department (ED),CMS996v6,3613e,6,fb8caab1-dc9e-4a95-b14f-4f5dee7c6587,Ambulatory,No
Condition/Diagnosis/Problem,2.16.840.1.113762.1.4.1170.5,Allergy to thrombolytics,20250211,eCQM Update 2025-05-08,Extensional,,,SNOMEDCT,2024-09,2.16.840.1.113883.6.96,Hospital Outpatient,Appropriate Treatment for ST-Segment Elevation Myocardial Infarction (STEMI) Patients in the Emergency Department (ED),CMS996v6,3613e,6,fb8caab1-dc9e-4a95-b14f-4f5dee7c6587,Ambulatory,No
Condition/Diagnosis/Problem,2.16.840.1.113883.3.3157.4028,Aortic Dissection or Ruptured Aortic Aneurysm,20190216,eCQM Update 2025-05-08,Grouping,2.16.840.1.113883.3.3157.4044,Aortic Dissection or Ruptured Aortic Aneurysm,SNOMEDCT,2024-09,2.16.840.1.113883.6.96,Hospital Outpatient,Appropriate Treatment for ST-Segment Elevation Myocardial Infarction (STEMI) Patients in the Emergency Department (ED),CMS996v6,3613e,6,fb8caab1-dc9e-4a95-b14f-4f5dee7c6587,Ambulatory,No
Condition/Diagnosis/Problem,2.16.840.1.113883.3.3157.4028,Aortic Dissection or Ruptured Aortic Aneurysm,20190216,eCQM Update 2025-05-08,Grouping,2.16.840.1.113762.1.4.1136.63,Aortic Dissection or Ruptured Aortic Aneurysm,ICD10CM,2025,2.16.840.1.113883.6.90,Hospital Outpatient,Appropriate Treatment for ST-Segment Elevation Myocardial Infarction (STEMI) Patients in the Emergency Department (ED),CMS996v6,3613e,6,fb8caab1-dc9e-4a95-b14f-4f5dee7c6587,Ambulatory,No
Condition/Diagnosis/Problem,2.16.840.1.113883.3.3157.4048,Cardiopulmonary Emergency,20190216,eCQM Update 2025-05-08,Grouping,2.16.840.1.113883.3.3157.4046,Cardiopulmonary Emergency,ICD10CM,2025,2.16.840.1.113883.6.90,Hospital Outpatient,Appropriate Treatment for ST-Segment Elevation Myocardial Infarction (STEMI) Patients in the Emergency Department (ED),CMS996v6,3613e,6,fb8caab1-dc9e-4a95-b14f-4f5dee7c6587,Ambulatory,No
Condition/Diagnosis/Problem,2.16.840.1.113883.3.3157.4048,Cardiopulmonary Emergency,20190216,eCQM Update 2025-05-08,Grouping,2.16.840.1.113883.3.3157.4047,Cardiopulmonary Emergency,SNOMEDCT,2024-09,2.16.840.1.113883.6.96,Hospital Outpatient,Appropriate Treatment for ST-Segment Elevation Myocardial Infarction (STEMI) Patients in the Emergency Department (ED),CMS996v6,3613e,6,fb8caab1-dc9e-4a95-b14f-4f5dee7c6587,Ambulatory,No
Condition/Diagnosis/Problem,2.16.840.1.113883.3.3157.4025,Cerebral Vascular Lesion,20190216,eCQM Update 2025-05-08,Grouping,2.16.840.1.113883.3.3157.4023,Cerebral Vascular Lesion,ICD10CM,2025,2.16.840.1.113883.6.90,Hospital Outpatient,Appropriate Treatment for ST-Segment Elevation Myocardial Infarction (STEMI) Patients in the Emergency Department (ED),CMS996v6,3613e,6,fb8caab1-dc9e-4a95-b14f-4f5dee7c6587,Ambulatory,No
Condition/Diagnosis/Problem,2.16.840.1.113883.3.3157.4025,Cerebral Vascular Lesion,20190216,eCQM Update 2025-05-08,Grouping,2.16.840.1.113883.3.3157.4024,Cerebral Vascular Lesion,SNOMEDCT,2024-09,2.16.840.1.113883.6.96,Hospital Outpatient,Appropriate Treatment for ST-Segment Elevation Myocardial Infarction (STEMI) Patients in the Emergency Department (ED),CMS996v6,3613e,6,fb8caab1-dc9e-4a95-b14f-4f5dee7c6587,Ambulatory,No
Condition/Diagnosis/Problem,2.16.840.1.113883.3.3157.4026,Closed Head and Facial Trauma,20190216,eCQM Update 2025-05-08,Grouping,2.16.840.1.113883.17.4077.2.1018,Closed Head and Facial Trauma,SNOMEDCT,2024-09,2.16.840.1.113883.6.96,Hospital Outpatient,Appropriate Treatment for ST-Segment Elevation Myocardial Infarction (STEMI) Patients in the Emergency Department (ED),CMS996v6,3613e,6,fb8caab1-dc9e-4a95-b14f-4f5dee7c6587,Ambulatory,No
Condition/Diagnosis/Problem,2.16.840.1.113883.3.3157.4026,Closed Head and Facial Trauma,20190216,eCQM Update 2025-05-08,Grouping,2.16.840.1.113883.17.4077.2.1017,Closed Head and Facial Trauma,ICD10CM,2025,2.16.840.1.113883.6.90,Hospital Outpatient,Appropriate Treatment for ST-Segment Elevation Myocardial Infarction (STEMI) Patients in the Emergency Department (ED),CMS996v6,3613e,6,fb8caab1-dc9e-4a95-b14f-4f5dee7c6587,Ambulatory,No
Condition/Diagnosis/Problem,2.16.840.1.113883.3.3157.4043,Dementia and Related Intracranial Pathologies,20190216,eCQM Update 2025-05-08,Grouping,2.16.840.1.113883.3.3157.4032,Dementia and Related Intracranial Pathologies,ICD10CM,2025,2.16.840.1.113883.6.90,Hospital Outpatient,Appropriate Treatment for ST-Segment Elevation Myocardial Infarction (STEMI) Patients in the Emergency Department (ED),CMS996v6,3613e,6,fb8caab1-dc9e-4a95-b14f-4f5dee7c6587,Ambulatory,No
Condition/Diagnosis/Problem,2.16.840.1.113883.3.3157.4043,Dementia and Related Intracranial Pathologies,20190216,eCQM Update 2025-05-08,Grouping,2.16.840.1.113883.3.3157.4033,Dementia and Related Intracranial Pathologies,SNOMEDCT,2024-09,2.16.840.1.113883.6.96,Hospital Outpatient,Appropriate Treatment for ST-Segment Elevation Myocardial Infarction (STEMI) Patients in the Emergency Department (ED),CMS996v6,3613e,6,fb8caab1-dc9e-4a95-b14f-4f5dee7c6587,Ambulatory,No
Condition/Diagnosis/Problem,2.16.840.1.113883.3.464.1003.1165,Hospice Diagnosis,20220818,eCQM Update 2025-05-08,Grouping,2.16.840.1.113883.3.464.1003.1166,Hospice Diagnosis,SNOMEDCT,2024-09,2.16.840.1.113883.6.96,Hospital Outpatient,Appropriate Treatment for ST-Segment Elevation Myocardial Infarction (STEMI) Patients in the Emergency Department (ED),CMS996v6,3613e,6,fb8caab1-dc9e-4a95-b14f-4f5dee7c6587,Ambulatory,No
Condition/Diagnosis/Problem,2.16.840.1.113883.3.117.1.7.1.247,Ischemic Stroke,20210220,eCQM Update 2025-05-08,Grouping,2.16.840.1.113762.1.4.1110.59,Ischemic Stroke Other,ICD10CM,2025,2.16.840.1.113883.6.90,Hospital Outpatient,Appropriate Treatment for ST-Segment Elevation Myocardial Infarction (STEMI) Patients in the Emergency Department (ED),CMS996v6,3613e,6,fb8caab1-dc9e-4a95-b14f-4f5dee7c6587,Ambulatory,No
Condition/Diagnosis/Problem,2.16.840.1.113883.3.117.1.7.1.247,Ischemic Stroke,20210220,eCQM Update 2025-05-08,Grouping,2.16.840.1.113883.3.117.1.7.1.252,Ischemic Stroke Embolism,SNOMEDCT,2024-09,2.16.840.1.113883.6.96,Hospital Outpatient,Appropriate Treatment for ST-Segment Elevation Myocardial Infarction (STEMI) Patients in the Emergency Department (ED),CMS996v6,3613e,6,fb8caab1-dc9e-4a95-b14f-4f5dee7c6587,Ambulatory,No
Condition/Diagnosis/Problem,2.16.840.1.113883.3.117.1.7.1.247,Ischemic Stroke,20210220,eCQM Update 2025-05-08,Grouping,2.16.840.1.113762.1.4.1110.57,Ischemic Stroke Thrombosis,SNOMEDCT,2024-09,2.16.840.1.113883.6.96,Hospital Outpatient,Appropriate Treatment for ST-Segment Elevation Myocardial Infarction (STEMI) Patients in the Emergency Department (ED),CMS996v6,3613e,6,fb8caab1-dc9e-4a95-b14f-4f5dee7c6587,Ambulatory,No
Condition/Diagnosis/Problem,2.16.840.1.113883.3.117.1.7.1.247,Ischemic Stroke,20210220,eCQM Update 2025-05-08,Grouping,2.16.840.1.113762.1.4.1110.58,Ischemic Stroke Thrombosis,ICD10CM,2025,2.16.840.1.113883.6.90,Hospital Outpatient,Appropriate Treatment for ST-Segment Elevation Myocardial Infarction (STEMI) Patients in the Emergency Department (ED),CMS996v6,3613e,6,fb8caab1-dc9e-4a95-b14f-4f5dee7c6587,Ambulatory,No
Condition/Diagnosis/Problem,2.16.840.1.113883.3.117.1.7.1.247,Ischemic Stroke,20210220,eCQM Update 2025-05-08,Grouping,2.16.840.1.113883.3.117.1.7.1.251,Ischemic Stroke Embolism,ICD10CM,2025,2.16.840.1.113883.6.90,Hospital Outpatient,Appropriate Treatment for ST-Segment Elevation Myocardial Infarction (STEMI) Patients in the Emergency Department (ED),CMS996v6,3613e,6,fb8caab1-dc9e-4a95-b14f-4f5dee7c6587,Ambulatory,No
Condition/Diagnosis/Problem,2.16.840.1.113883.3.117.1.7.1.247,Ischemic Stroke,20210220,eCQM Update 2025-05-08,Grouping,2.16.840.1.113762.1.4.1110.60,Ischemic Stroke Other,SNOMEDCT,2024-09,2.16.840.1.113883.6.96,Hospital Outpatient,Appropriate Treatment for ST-Segment Elevation Myocardial Infarction (STEMI) Patients in the Emergency Department (ED),CMS996v6,3613e,6,fb8caab1-dc9e-4a95-b14f-4f5dee7c6587,Ambulatory,No
Condition/Diagnosis/Problem,2.16.840.1.113762.1.4.1170.3,Malignant Intracranial Neoplasm Group,20211005,eCQM Update 2025-05-08,Grouping,2.16.840.1.113883.3.3157.4010,Malignant Intracranial Neoplasm,ICD10CM,2025,2.16.840.1.113883.6.90,Hospital Outpatient,Appropriate Treatment for ST-Segment Elevation Myocardial Infarction (STEMI) Patients in the Emergency Department (ED),CMS996v6,3613e,6,fb8caab1-dc9e-4a95-b14f-4f5dee7c6587,Ambulatory,No
Condition/Diagnosis/Problem,2.16.840.1.113762.1.4.1170.3,Malignant Intracranial Neoplasm Group,20211005,eCQM Update 2025-05-08,Grouping,2.16.840.1.113883.3.3157.4009,Malignant Intracranial Neoplasm,SNOMEDCT,2024-09,2.16.840.1.113883.6.96,Hospital Outpatient,Appropriate Treatment for ST-Segment Elevation Myocardial Infarction (STEMI) Patients in the Emergency Department (ED),CMS996v6,3613e,6,fb8caab1-dc9e-4a95-b14f-4f5dee7c6587,Ambulatory,No
Condition/Diagnosis/Problem,2.16.840.1.113883.3.464.1003.114.12.1012,Neurologic impairment,20240217,eCQM Update 2025-05-08,Grouping,2.16.840.1.113883.3.464.1003.114.11.1026,Neurologic impairment,ICD10CM,2025,2.16.840.1.113883.6.90,Hospital Outpatient,Appropriate Treatment for ST-Segment Elevation Myocardial Infarction (STEMI) Patients in the Emergency Department (ED),CMS996v6,3613e,6,fb8caab1-dc9e-4a95-b14f-4f5dee7c6587,Ambulatory,No
Condition/Diagnosis/Problem,2.16.840.1.113883.3.464.1003.114.12.1012,Neurologic impairment,20240217,eCQM Update 2025-05-08,Grouping,2.16.840.1.113883.3.464.1003.114.11.1024,Neurologic impairment,SNOMEDCT,2024-09,2.16.840.1.113883.6.96,Hospital Outpatient,Appropriate Treatment for ST-Segment Elevation Myocardial Infarction (STEMI) Patients in the Emergency Department (ED),CMS996v6,3613e,6,fb8caab1-dc9e-4a95-b14f-4f5dee7c6587,Ambulatory,No
Condition/Diagnosis/Problem,2.16.840.1.113883.3.3157.4055,Pregnant State,20190216,eCQM Update 2025-05-08,Grouping,2.16.840.1.113883.3.3157.4054,Pregnant State,SNOMEDCT,2024-09,2.16.840.1.113883.6.96,Hospital Outpatient,Appropriate Treatment for ST-Segment Elevation Myocardial Infarction (STEMI) Patients in the Emergency Department (ED),CMS996v6,3613e,6,fb8caab1-dc9e-4a95-b14f-4f5dee7c6587,Ambulatory,No
Condition/Diagnosis/Problem,2.16.840.1.113883.3.3157.4055,Pregnant State,20190216,eCQM Update 2025-05-08,Grouping,2.16.840.1.113883.3.3157.4053,Pregnant State,ICD10CM,2025,2.16.840.1.113883.6.90,Hospital Outpatient,Appropriate Treatment for ST-Segment Elevation Myocardial Infarction (STEMI) Patients in the Emergency Department (ED),CMS996v6,3613e,6,fb8caab1-dc9e-4a95-b14f-4f5dee7c6587,Ambulatory,No
Condition/Diagnosis/Problem,2.16.840.1.113883.3.3157.4017,STEMI,20190216,eCQM Update 2025-05-08,Grouping,2.16.840.1.113883.3.3157.4015,STEMI,ICD10CM,2025,2.16.840.1.113883.6.90,Hospital Outpatient,Appropriate Treatment for ST-Segment Elevation Myocardial Infarction (STEMI) Patients in the Emergency Department (ED),CMS996v6,3613e,6,fb8caab1-dc9e-4a95-b14f-4f5dee7c6587,Ambulatory,No
Condition/Diagnosis/Problem,2.16.840.1.113883.3.3157.4017,STEMI,20190216,eCQM Update 2025-05-08,Grouping,2.16.840.1.113883.3.3157.4016,STEMI,SNOMEDCT,2024-09,2.16.840.1.113883.6.96,Hospital Outpatient,Appropriate Treatment for ST-Segment Elevation Myocardial Infarction (STEMI) Patients in the Emergency Department (ED),CMS996v6,3613e,6,fb8caab1-dc9e-4a95-b14f-4f5dee7c6587,Ambulatory,No
Encounter,2.16.840.1.113883.3.464.1003.101.12.1010,Emergency Department Evaluation and Management Visit,20210928,eCQM Update 2025-05-08,Grouping,2.16.840.1.113883.3.464.1003.101.11.1050,Emergency Department Evaluation and Management Visit,CPT,2025,2.16.840.1.113883.6.12,Hospital Outpatient,Appropriate Treatment for ST-Segment Elevation Myocardial Infarction (STEMI) Patients in the Emergency Department (ED),CMS996v6,3613e,6,fb8caab1-dc9e-4a95-b14f-4f5dee7c6587,Ambulatory,No
Encounter,2.16.840.1.113883.3.464.1003.101.12.1010,Emergency Department Evaluation and Management Visit,20210928,eCQM Update 2025-05-08,Grouping,2.16.840.1.113883.3.117.1.7.1.292,Emergency Department Visit,SNOMEDCT,2024-09,2.16.840.1.113883.6.96,Hospital Outpatient,Appropriate Treatment for ST-Segment Elevation Myocardial Infarction (STEMI) Patients in the Emergency Department (ED),CMS996v6,3613e,6,fb8caab1-dc9e-4a95-b14f-4f5dee7c6587,Ambulatory,No
Encounter,2.16.840.1.113883.3.117.1.7.1.292,Emergency Department Visit,20210611,eCQM Update 2025-05-08,Extensional,,,SNOMEDCT,2024-09,2.16.840.1.113883.6.96,Hospital Outpatient,Appropriate Treatment for ST-Segment Elevation Myocardial Infarction (STEMI) Patients in the Emergency Department (ED),CMS996v6,3613e,6,fb8caab1-dc9e-4a95-b14f-4f5dee7c6587,Ambulatory,No
Encounter,2.16.840.1.113883.3.666.5.307,Encounter Inpatient,20200307,eCQM Update 2025-05-08,Extensional,,,SNOMEDCT,2024-09,2.16.840.1.113883.6.96,Hospital Outpatient,Appropriate Treatment for ST-Segment Elevation Myocardial Infarction (STEMI) Patients in the Emergency Department (ED),CMS996v6,3613e,6,fb8caab1-dc9e-4a95-b14f-4f5dee7c6587,Ambulatory,No
Encounter,2.16.840.1.113883.3.464.1003.1003,Hospice Encounter,20210820,eCQM Update 2025-05-08,Grouping,2.16.840.1.113883.3.464.1003.1001,Hospice Encounter,HCPCS,2025,2.16.840.1.113883.6.285,Hospital Outpatient,Appropriate Treatment for ST-Segment Elevation Myocardial Infarction (STEMI) Patients in the Emergency Department (ED),CMS996v6,3613e,6,fb8caab1-dc9e-4a95-b14f-4f5dee7c6587,Ambulatory,No
Encounter,2.16.840.1.113883.3.464.1003.1003,Hospice Encounter,20210820,eCQM Update 2025-05-08,Grouping,2.16.840.1.113883.3.464.1003.1002,Hospice Encounter,SNOMEDCT,2024-09,2.16.840.1.113883.6.96,Hospital Outpatient,Appropriate Treatment for ST-Segment Elevation Myocardial Infarction (STEMI) Patients in the Emergency Department (ED),CMS996v6,3613e,6,fb8caab1-dc9e-4a95-b14f-4f5dee7c6587,Ambulatory,No
Individual Characteristic,2.16.840.1.114222.4.11.837,Ethnicity,20121025,eCQM Update 2025-05-08,Extensional,,,CDCREC,1.2,2.16.840.1.113883.6.238,Hospital Outpatient,Appropriate Treatment for ST-Segment Elevation Myocardial Infarction (STEMI) Patients in the Emergency Department (ED),CMS996v6,3613e,6,fb8caab1-dc9e-4a95-b14f-4f5dee7c6587,Ambulatory,Yes
Individual Characteristic,2.16.840.1.113762.1.4.1021.121,Federal Administrative Sex,20250228,eCQM Update 2025-05-08,Extensional,,,SNOMEDCT,2024-09,2.16.840.1.113883.6.96,Hospital Outpatient,Appropriate Treatment for ST-Segment Elevation Myocardial Infarction (STEMI) Patients in the Emergency Department (ED),CMS996v6,3613e,6,fb8caab1-dc9e-4a95-b14f-4f5dee7c6587,Ambulatory,Yes
Individual Characteristic,2.16.840.1.114222.4.11.3591,Payer Type,20221118,eCQM Update 2025-05-08,Intensional,,,SOP,9.2,2.16.840.1.113883.3.221.5,Hospital Outpatient,Appropriate Treatment for ST-Segment Elevation Myocardial Infarction (STEMI) Patients in the Emergency Department (ED),CMS996v6,3613e,6,fb8caab1-dc9e-4a95-b14f-4f5dee7c6587,Ambulatory,Yes
Individual Characteristic,2.16.840.1.114222.4.11.836,Race,20121025,eCQM Update 2025-05-08,Extensional,,,CDCREC,1.2,2.16.840.1.113883.6.238,Hospital Outpatient,Appropriate Treatment for ST-Segment Elevation Myocardial Infarction (STEMI) Patients in the Emergency Department (ED),CMS996v6,3613e,6,fb8caab1-dc9e-4a95-b14f-4f5dee7c6587,Ambulatory,Yes
Intervention,2.16.840.1.113883.3.526.3.1584,Hospice Care Ambulatory,20210825,eCQM Update 2025-05-08,Grouping,2.16.840.1.113883.3.464.1003.1008,Hospice Care Ambulatory,HCPCS,2025,2.16.840.1.113883.6.285,Hospital Outpatient,Appropriate Treatment for ST-Segment Elevation Myocardial Infarction (STEMI) Patients in the Emergency Department (ED),CMS996v6,3613e,6,fb8caab1-dc9e-4a95-b14f-4f5dee7c6587,Ambulatory,No
Intervention,2.16.840.1.113883.3.526.3.1584,Hospice Care Ambulatory,20210825,eCQM Update 2025-05-08,Grouping,2.16.840.1.113883.3.464.1003.1007,Hospice Care Ambulatory,CPT,2025,2.16.840.1.113883.6.12,Hospital Outpatient,Appropriate Treatment for ST-Segment Elevation Myocardial Infarction (STEMI) Patients in the Emergency Department (ED),CMS996v6,3613e,6,fb8caab1-dc9e-4a95-b14f-4f5dee7c6587,Ambulatory,No
Intervention,2.16.840.1.113883.3.526.3.1584,Hospice Care Ambulatory,20210825,eCQM Update 2025-05-08,Grouping,2.16.840.1.113762.1.4.1108.15,Hospice Care Ambulatory,SNOMEDCT,2024-09,2.16.840.1.113883.6.96,Hospital Outpatient,Appropriate Treatment for ST-Segment Elevation Myocardial Infarction (STEMI) Patients in the Emergency Department (ED),CMS996v6,3613e,6,fb8caab1-dc9e-4a95-b14f-4f5dee7c6587,Ambulatory,No
Medication,2.16.840.1.113883.3.3157.4019,Fibrinolytic Therapy,20230218,eCQM Update 2025-05-08,Extensional,,,RXNORM,2025-01,2.16.840.1.113883.6.88,Hospital Outpatient,Appropriate Treatment for ST-Segment Elevation Myocardial Infarction (STEMI) Patients in the Emergency Department (ED),CMS996v6,3613e,6,fb8caab1-dc9e-4a95-b14f-4f5dee7c6587,Ambulatory,No
Medication,2.16.840.1.113883.3.3157.4045,Oral Anticoagulant Medications,20230218,eCQM Update 2025-05-08,Extensional,,,RXNORM,2025-01,2.16.840.1.113883.6.88,Hospital Outpatient,Appropriate Treatment for ST-Segment Elevation Myocardial Infarction (STEMI) Patients in the Emergency Department (ED),CMS996v6,3613e,6,fb8caab1-dc9e-4a95-b14f-4f5dee7c6587,Ambulatory,No
Procedure,2.16.840.1.113762.1.4.1045.69,Endotracheal Intubation,20250212,eCQM Update 2025-05-08,Grouping,2.16.840.1.113762.1.4.1045.68,Endotracheal Intubation,ICD10PCS,2025,2.16.840.1.113883.6.4,Hospital Outpatient,Appropriate Treatment for ST-Segment Elevation Myocardial Infarction (STEMI) Patients in the Emergency Department (ED),CMS996v6,3613e,6,fb8caab1-dc9e-4a95-b14f-4f5dee7c6587,Ambulatory,No
Procedure,2.16.840.1.113762.1.4.1045.69,Endotracheal Intubation,20250212,eCQM Update 2025-05-08,Grouping,2.16.840.1.113762.1.4.1282.10,Endotracheal Intubation,CPT,2025,2.16.840.1.113883.6.12,Hospital Outpatient,Appropriate Treatment for ST-Segment Elevation Myocardial Infarction (STEMI) Patients in the Emergency Department (ED),CMS996v6,3613e,6,fb8caab1-dc9e-4a95-b14f-4f5dee7c6587,Ambulatory,No
Procedure,2.16.840.1.113762.1.4.1045.69,Endotracheal Intubation,20250212,eCQM Update 2025-05-08,Grouping,2.16.840.1.113883.3.666.5.747,Endotracheal Intubation,SNOMEDCT,2024-09,2.16.840.1.113883.6.96,Hospital Outpatient,Appropriate Treatment for ST-Segment Elevation Myocardial Infarction (STEMI) Patients in the Emergency Department (ED),CMS996v6,3613e,6,fb8caab1-dc9e-4a95-b14f-4f5dee7c6587,Ambulatory,No
Procedure,2.16.840.1.113762.1.4.1170.2,Intracranial or Intraspinal surgery,20220218,eCQM Update 2025-05-08,Grouping,2.16.840.1.113762.1.4.1170.7,Intraspinal surgery,ICD10PCS,2025,2.16.840.1.113883.6.4,Hospital Outpatient,Appropriate Treatment for ST-Segment Elevation Myocardial Infarction (STEMI) Patients in the Emergency Department (ED),CMS996v6,3613e,6,fb8caab1-dc9e-4a95-b14f-4f5dee7c6587,Ambulatory,No
Procedure,2.16.840.1.113762.1.4.1170.2,Intracranial or Intraspinal surgery,20220218,eCQM Update 2025-05-08,Grouping,2.16.840.1.113883.3.117.1.7.1.346,Intracranial Neurosurgery,SNOMEDCT,2024-09,2.16.840.1.113883.6.96,Hospital Outpatient,Appropriate Treatment for ST-Segment Elevation Myocardial Infarction (STEMI) Patients in the Emergency Department (ED),CMS996v6,3613e,6,fb8caab1-dc9e-4a95-b14f-4f5dee7c6587,Ambulatory,No
Procedure,2.16.840.1.113762.1.4.1170.2,Intracranial or Intraspinal surgery,20220218,eCQM Update 2025-05-08,Grouping,2.16.840.1.113883.3.117.1.7.1.344,Intracranial Neurosurgery,ICD10PCS,2025,2.16.840.1.113883.6.4,Hospital Outpatient,Appropriate Treatment for ST-Segment Elevation Myocardial Infarction (STEMI) Patients in the Emergency Department (ED),CMS996v6,3613e,6,fb8caab1-dc9e-4a95-b14f-4f5dee7c6587,Ambulatory,No
Procedure,2.16.840.1.113883.3.3157.4056,Major Surgical Procedure,20190216,eCQM Update 2025-05-08,Grouping,2.16.840.1.113883.3.117.1.7.1.1,Major Surgical Procedure,ICD10PCS,2025,2.16.840.1.113883.6.4,Hospital Outpatient,Appropriate Treatment for ST-Segment Elevation Myocardial Infarction (STEMI) Patients in the Emergency Department (ED),CMS996v6,3613e,6,fb8caab1-dc9e-4a95-b14f-4f5dee7c6587,Ambulatory,No
Procedure,2.16.840.1.113883.3.3157.4056,Major Surgical Procedure,20190216,eCQM Update 2025-05-08,Grouping,2.16.840.1.113883.3.666.5.1250,Major Surgical Procedure,SNOMEDCT,2024-09,2.16.840.1.113883.6.96,Hospital Outpatient,Appropriate Treatment for ST-Segment Elevation Myocardial Infarction (STEMI) Patients in the Emergency Department (ED),CMS996v6,3613e,6,fb8caab1-dc9e-4a95-b14f-4f5dee7c6587,Ambulatory,No
Procedure,2.16.840.1.113883.3.3157.4052,Mechanical Circulatory Assist Device,20250211,eCQM Update 2025-05-08,Grouping,2.16.840.1.113883.3.3157.4050,Mechanical Circulatory Assist Device,CPT,2025,2.16.840.1.113883.6.12,Hospital Outpatient,Appropriate Treatment for ST-Segment Elevation Myocardial Infarction (STEMI) Patients in the Emergency Department (ED),CMS996v6,3613e,6,fb8caab1-dc9e-4a95-b14f-4f5dee7c6587,Ambulatory,No
Procedure,2.16.840.1.113883.3.3157.4052,Mechanical Circulatory Assist Device,20250211,eCQM Update 2025-05-08,Grouping,2.16.840.1.113883.3.3157.4049,Mechanical Circulatory Assist Device,SNOMEDCT,2024-09,2.16.840.1.113883.6.96,Hospital Outpatient,Appropriate Treatment for ST-Segment Elevation Myocardial Infarction (STEMI) Patients in the Emergency Department (ED),CMS996v6,3613e,6,fb8caab1-dc9e-4a95-b14f-4f5dee7c6587,Ambulatory,No
Procedure,2.16.840.1.113883.3.3157.4052,Mechanical Circulatory Assist Device,20250211,eCQM Update 2025-05-08,Grouping,2.16.840.1.113762.1.4.1282.9,Mechanical Circulatory Assist Device,ICD10PCS,2025,2.16.840.1.113883.6.4,Hospital Outpatient,Appropriate Treatment for ST-Segment Elevation Myocardial Infarction (STEMI) Patients in the Emergency Department (ED),CMS996v6,3613e,6,fb8caab1-dc9e-4a95-b14f-4f5dee7c6587,Ambulatory,No
Procedure,2.16.840.1.113883.3.3157.2000.5,Percutaneous Coronary Intervention,20180523,eCQM Update 2025-05-08,Grouping,2.16.840.1.113883.3.3157.2000.2,Percutaneous Coronary Intervention SNOMEDCT,SNOMEDCT,2024-09,2.16.840.1.113883.6.96,Hospital Outpatient,Appropriate Treatment for ST-Segment Elevation Myocardial Infarction (STEMI) Patients in the Emergency Department (ED),CMS996v6,3613e,6,fb8caab1-dc9e-4a95-b14f-4f5dee7c6587,Ambulatory,No
Procedure,2.16.840.1.113883.3.3157.2000.5,Percutaneous Coronary Intervention,20180523,eCQM Update 2025-05-08,Grouping,2.16.840.1.113883.3.3157.2000.3,Percutaneous Coronary Intervention CPT,CPT,2025,2.16.840.1.113883.6.12,Hospital Outpatient,Appropriate Treatment for ST-Segment Elevation Myocardial Infarction (STEMI) Patients in the Emergency Department (ED),CMS996v6,3613e,6,fb8caab1-dc9e-4a95-b14f-4f5dee7c6587,Ambulatory,No
Procedure,2.16.840.1.113883.3.3157.2000.5,Percutaneous Coronary Intervention,20180523,eCQM Update 2025-05-08,Grouping,2.16.840.1.113883.3.3157.2000.1,Percutaneous Coronary Intervention ICD10,ICD10PCS,2025,2.16.840.1.113883.6.4,Hospital Outpatient,Appropriate Treatment for ST-Segment Elevation Myocardial Infarction (STEMI) Patients in the Emergency Department (ED),CMS996v6,3613e,6,fb8caab1-dc9e-4a95-b14f-4f5dee7c6587,Ambulatory,No
Procedure,2.16.840.1.113883.3.3157.2000.5,Percutaneous Coronary Intervention,20180523,eCQM Update 2025-05-08,Grouping,2.16.840.1.113883.3.3157.2000.4,Percutaneous Coronary Intervention HCPCS,HCPCS,2025,2.16.840.1.113883.6.285,Hospital Outpatient,Appropriate Treatment for ST-Segment Elevation Myocardial Infarction (STEMI) Patients in the Emergency Department (ED),CMS996v6,3613e,6,fb8caab1-dc9e-4a95-b14f-4f5dee7c6587,Ambulatory,No
,2.16.840.1.113883.3.117.1.7.1.87,Discharge To Acute Care Facility,20210611,eCQM Update 2025-05-08,Extensional,,,SNOMEDCT,2024-09,2.16.840.1.113883.6.96,Hospital Outpatient,Appropriate Treatment for ST-Segment Elevation Myocardial Infarction (STEMI) Patients in the Emergency Department (ED),CMS996v6,3613e,6,fb8caab1-dc9e-4a95-b14f-4f5dee7c6587,Ambulatory,No
,2.16.840.1.113762.1.4.1282.1,Drug Intervention Not Indicated/Contraindicated,20241121,eCQM Update 2025-05-08,Extensional,,,SNOMEDCT,2024-09,2.16.840.1.113883.6.96,Hospital Outpatient,Appropriate Treatment for ST-Segment Elevation Myocardial Infarction (STEMI) Patients in the Emergency Department (ED),CMS996v6,3613e,6,fb8caab1-dc9e-4a95-b14f-4f5dee7c6587,Ambulatory,No
,2.16.840.1.113883.3.117.1.7.1.308,Left Against Medical Advice,20210220,eCQM Update 2025-05-08,Extensional,,,SNOMEDCT,2024-09,2.16.840.1.113883.6.96,Hospital Outpatient,Appropriate Treatment for ST-Segment Elevation Myocardial Infarction (STEMI) Patients in the Emergency Department (ED),CMS996v6,3613e,6,fb8caab1-dc9e-4a95-b14f-4f5dee7c6587,Ambulatory,No
,2.16.840.1.113883.3.117.1.7.1.309,Patient Expired,20210611,eCQM Update 2025-05-08,Extensional,,,SNOMEDCT,2024-09,2.16.840.1.113883.6.96,Hospital Outpatient,Appropriate Treatment for ST-Segment Elevation Myocardial Infarction (STEMI) Patients in the Emergency Department (ED),CMS996v6,3613e,6,fb8caab1-dc9e-4a95-b14f-4f5dee7c6587,Ambulatory,No
,2.16.840.1.113883.3.117.1.7.1.93,Patient Refusal,20250206,eCQM Update 2025-05-08,Extensional,,,SNOMEDCT,2024-09,2.16.840.1.113883.6.96,Hospital Outpatient,Appropriate Treatment for ST-Segment Elevation Myocardial Infarction (STEMI) Patients in the Emergency Department (ED),CMS996v6,3613e,6,fb8caab1-dc9e-4a95-b14f-4f5dee7c6587,Ambulatory,No
,2.16.840.1.113762.1.4.1282.2,Procedure Not Indicated/Contraindicated,20241121,eCQM Update 2025-05-08,Extensional,,,SNOMEDCT,2024-09,2.16.840.1.113883.6.96,Hospital Outpatient,Appropriate Treatment for ST-Segment Elevation Myocardial Infarction (STEMI) Patients in the Emergency Department (ED),CMS996v6,3613e,6,fb8caab1-dc9e-4a95-b14f-4f5dee7c6587,Ambulatory,No
,2.16.840.1.113762.1.4.1170.6,Thrombolytics Adverse Event,20250211,eCQM Update 2025-05-08,Extensional,,,SNOMEDCT,2024-09,2.16.840.1.113883.6.96,Hospital Outpatient,Appropriate Treatment for ST-Segment Elevation Myocardial Infarction (STEMI) Patients in the Emergency Department (ED),CMS996v6,3613e,6,fb8caab1-dc9e-4a95-b14f-4f5dee7c6587,Ambulatory,No
